transaction_id,user_id,amount,currency,merchant,location,timestamp
txn_00001,user_072,2271.58,USD,Online Gaming Co,NG,2026-01-04T18:55:14.708100
txn_00002,user_013,22.96,USD,Amazon,IN,2025-12-22T21:55:14.708114
txn_00003,user_007,52.66,USD,TravelHub,GB,2025-11-29T08:55:14.708120
txn_00004,user_134,43.25,USD,TravelHub,IN,2025-12-11T13:55:14.708126
txn_00005,user_313,58.86,USD,Amazon,IN,2025-12-06T05:55:14.708130
txn_00006,user_347,96.53,USD,McDonalds,GB,2025-11-02T11:55:14.708134
txn_00007,user_191,31.84,USD,TravelHub,GB,2025-11-15T21:55:14.708138
txn_00008,user_025,4596.53,USD,QuickLoans,RU,2026-01-04T06:55:14.708142
txn_00009,user_282,4167.99,USD,Exotic Jewelry,NG,2026-01-04T17:55:14.708146
txn_00010,user_108,81.24,USD,Amazon,GB,2025-10-12T18:55:14.708151
txn_00011,user_004,29.94,USD,TravelHub,US,2025-11-07T09:55:14.708154
txn_00012,user_323,9.34,USD,Spotify,US,2025-11-03T05:55:14.708158
txn_00013,user_486,79.94,USD,TravelHub,US,2025-10-27T01:55:14.708162
txn_00014,user_239,66.71,USD,TravelHub,IN,2025-12-04T18:55:14.708165
txn_00015,user_272,40.22,USD,Netflix,US,2026-01-02T10:55:14.708168
txn_00016,user_401,67.64,USD,Spotify,US,2025-11-18T23:55:14.708171
txn_00017,user_059,88.43,USD,Electronics Hub,GB,2025-11-28T07:55:14.708174
txn_00018,user_500,84.68,USD,Local Grocery,IN,2025-12-25T01:55:14.708177
txn_00019,user_164,16.39,USD,Local Grocery,GB,2026-01-03T16:55:14.708181
txn_00020,user_349,75.17,USD,Netflix,GB,2025-12-25T07:55:14.708185
txn_00021,user_165,78.22,USD,Local Grocery,US,2025-10-10T00:55:14.708188
txn_00022,user_198,4012.57,USD,AdultWorld,RU,2026-01-03T15:55:14.708192
txn_00023,user_004,42.13,USD,Local Grocery,US,2025-11-03T12:55:14.708195
txn_00024,user_412,61.26,USD,Electronics Hub,US,2025-10-31T05:55:14.708198
txn_00025,user_033,30.51,USD,McDonalds,GB,2025-11-14T07:55:14.708201
txn_00026,user_076,39.76,USD,TravelHub,IN,2025-10-21T02:55:14.708208
txn_00027,user_441,4821.93,USD,Online Gaming Co,NG,2026-01-05T04:55:14.708212
txn_00028,user_480,3983.12,USD,AdultWorld,NG,2026-01-03T23:55:14.708215
txn_00029,user_446,40.94,USD,TravelHub,US,2025-11-23T21:55:14.708219
txn_00030,user_185,29.25,USD,Spotify,IN,2025-11-18T14:55:14.708222
txn_00031,user_012,20.75,USD,TravelHub,US,2025-12-20T13:55:14.708225
txn_00032,user_282,85.14,USD,Uber,IN,2025-11-21T15:55:14.708228
txn_00033,user_307,82.95,USD,Local Grocery,IN,2025-10-18T23:55:14.708232
txn_00034,user_015,49.91,USD,Uber,US,2025-11-02T19:55:14.708235
txn_00035,user_409,13.69,USD,McDonalds,GB,2025-11-27T06:55:14.708238
txn_00036,user_310,64.08,USD,Electronics Hub,GB,2026-01-04T21:55:14.708242
txn_00037,user_076,96.04,USD,McDonalds,IN,2025-12-26T21:55:14.708245
txn_00038,user_016,1837.69,USD,LuxuryStore,NG,2026-01-04T20:55:14.708248
txn_00039,user_209,1780.47,USD,Online Gaming Co,BR,2026-01-04T09:55:14.708251
txn_00040,user_153,16.24,USD,Spotify,US,2026-01-04T10:55:14.708254
txn_00041,user_036,77.27,USD,Local Grocery,GB,2025-12-23T12:55:14.708257
txn_00042,user_484,11.46,USD,Local Grocery,IN,2025-12-22T18:55:14.708260
txn_00043,user_348,20.56,USD,TravelHub,IN,2025-12-08T01:55:14.708264
txn_00044,user_443,97.52,USD,Local Grocery,US,2025-11-17T19:55:14.708267
txn_00045,user_001,69.09,USD,Netflix,IN,2025-12-16T19:55:14.708270
txn_00046,user_155,32.67,USD,Local Grocery,IN,2025-10-06T11:55:14.708273
txn_00047,user_393,17.89,USD,Software Store,US,2025-12-20T05:55:14.708276
txn_00048,user_430,36.54,USD,Local Grocery,IN,2025-10-20T12:55:14.708279
txn_00049,user_350,65.31,USD,Amazon,GB,2025-10-14T14:55:14.708284
txn_00050,user_361,37.5,USD,TravelHub,GB,2025-10-19T10:55:14.708287
txn_00051,user_339,20.83,USD,Local Grocery,GB,2025-10-22T20:55:14.708290
txn_00052,user_385,63.05,USD,Starbucks,IN,2025-11-09T23:55:14.708293
txn_00053,user_172,2264.74,USD,LuxuryStore,CN,2026-01-03T12:55:14.708296
txn_00054,user_109,8.58,USD,Amazon,IN,2025-11-13T15:55:14.708301
txn_00055,user_169,4440.59,USD,QuickLoans,CN,2026-01-04T19:55:14.708304
txn_00056,user_318,3214.67,USD,LuxuryStore,CN,2026-01-03T11:55:14.708307
txn_00057,user_010,817.85,USD,Online Gaming Co,CN,2026-01-03T13:55:14.708310
txn_00058,user_365,31.23,USD,Software Store,IN,2025-11-16T20:55:14.708314
txn_00059,user_286,45.6,USD,Electronics Hub,GB,2025-11-15T18:55:14.708318
txn_00060,user_031,43.78,USD,Local Grocery,IN,2025-11-23T06:55:14.708322
txn_00061,user_071,798.65,USD,Exotic Jewelry,RU,2026-01-04T20:55:14.708324
txn_00062,user_017,79.22,USD,Spotify,US,2025-12-05T11:55:14.708328
txn_00063,user_188,29.97,USD,Electronics Hub,GB,2025-11-29T17:55:14.708331
txn_00064,user_279,58.15,USD,Software Store,US,2026-01-03T20:55:14.708334
txn_00065,user_179,71.23,USD,McDonalds,GB,2025-10-25T16:55:14.708337
txn_00066,user_428,53.91,USD,Software Store,IN,2025-12-11T08:55:14.708341
txn_00067,user_236,59.56,USD,Starbucks,IN,2025-11-06T11:55:14.708344
txn_00068,user_319,14.45,USD,TravelHub,IN,2025-11-02T19:55:14.708348
txn_00069,user_291,2490.96,USD,QuickLoans,RU,2026-01-04T12:55:14.708351
txn_00070,user_048,14.16,USD,Uber,IN,2025-11-17T23:55:14.708354
txn_00071,user_349,92.55,USD,TravelHub,GB,2025-11-05T04:55:14.708358
txn_00072,user_211,60.28,USD,Starbucks,IN,2025-10-31T14:55:14.708362
txn_00073,user_311,95.71,USD,Starbucks,IN,2025-11-17T17:55:14.708365
txn_00074,user_118,3555.33,USD,LuxuryStore,RU,2026-01-03T21:55:14.708368
txn_00075,user_484,78.35,USD,Local Grocery,IN,2025-12-11T03:55:14.708371
txn_00076,user_104,55.24,USD,Software Store,IN,2025-10-15T05:55:14.708374
txn_00077,user_464,13.13,USD,Spotify,US,2025-10-27T04:55:14.708377
txn_00078,user_334,67.46,USD,Amazon,GB,2025-11-17T02:55:14.708380
txn_00079,user_397,32.63,USD,Local Grocery,GB,2025-11-23T13:55:14.708384
txn_00080,user_138,52.2,USD,Electronics Hub,IN,2025-12-19T04:55:14.708387
txn_00081,user_348,85.8,USD,Software Store,US,2025-12-18T06:55:14.708390
txn_00082,user_028,49.83,USD,Spotify,IN,2025-12-01T20:55:14.708393
txn_00083,user_377,59.81,USD,Uber,GB,2025-10-12T05:55:14.708397
txn_00084,user_292,33.19,USD,McDonalds,US,2025-10-10T14:55:14.708400
txn_00085,user_053,26.54,USD,Uber,IN,2025-12-02T04:55:14.708403
txn_00086,user_259,98.15,USD,Local Grocery,US,2025-10-17T00:55:14.708408
txn_00087,user_123,46.01,USD,Local Grocery,IN,2025-10-06T16:55:14.708411
txn_00088,user_166,3520.21,USD,Exotic Jewelry,NG,2026-01-04T20:55:14.708414
txn_00089,user_060,90.33,USD,Netflix,GB,2025-12-11T11:55:14.708417
txn_00090,user_022,46.78,USD,Uber,IN,2025-12-24T20:55:14.708422
txn_00091,user_497,4147.78,USD,Exotic Jewelry,BR,2026-01-03T17:55:14.708425
txn_00092,user_288,92.04,USD,Starbucks,IN,2025-12-31T17:55:14.708428
txn_00093,user_402,61.61,USD,Uber,GB,2025-11-22T04:55:14.708432
txn_00094,user_170,30.48,USD,Netflix,US,2025-12-22T06:55:14.708435
txn_00095,user_398,8.57,USD,Starbucks,GB,2025-12-06T22:55:14.708438
txn_00096,user_207,97.09,USD,Local Grocery,GB,2025-10-21T12:55:14.708441
txn_00097,user_330,97.66,USD,Uber,US,2025-12-24T12:55:14.708444
txn_00098,user_430,51.19,USD,Netflix,GB,2025-10-09T19:55:14.708448
txn_00099,user_173,29.07,USD,Amazon,GB,2025-10-25T17:55:14.708451
txn_00100,user_423,85.9,USD,Local Grocery,US,2025-11-21T03:55:14.708454
txn_00101,user_193,35.55,USD,Uber,US,2026-01-02T10:55:14.708458
txn_00102,user_006,39.94,USD,Local Grocery,US,2025-10-09T07:55:14.708461
txn_00103,user_465,37.21,USD,Local Grocery,US,2025-12-20T10:55:14.708464
txn_00104,user_117,37.46,USD,Software Store,US,2025-12-29T01:55:14.708467
txn_00105,user_024,18.87,USD,Electronics Hub,IN,2025-11-28T01:55:14.708470
txn_00106,user_222,17.78,USD,Netflix,IN,2025-10-14T01:55:14.708474
txn_00107,user_185,23.01,USD,Electronics Hub,US,2025-12-04T08:55:14.708478
txn_00108,user_098,78.97,USD,Amazon,IN,2025-12-27T15:55:14.708481
txn_00109,user_134,46.82,USD,McDonalds,GB,2025-12-11T08:55:14.708484
txn_00110,user_384,81.51,USD,Starbucks,IN,2026-01-04T18:55:14.708488
txn_00111,user_033,17.85,USD,Electronics Hub,GB,2025-10-12T01:55:14.708491
txn_00112,user_201,2680.13,USD,AdultWorld,CN,2026-01-05T07:55:14.708493
txn_00113,user_437,64.73,USD,Local Grocery,GB,2025-11-25T19:55:14.708497
txn_00114,user_404,41.59,USD,Electronics Hub,GB,2026-01-04T04:55:14.708500
txn_00115,user_324,43.14,USD,TravelHub,GB,2025-10-11T11:55:14.708503
txn_00116,user_380,89.58,USD,Amazon,US,2025-10-19T06:55:14.708506
txn_00117,user_265,10.46,USD,Electronics Hub,GB,2025-12-11T12:55:14.708510
txn_00118,user_291,22.77,USD,Local Grocery,US,2025-10-07T12:55:14.708513
txn_00119,user_316,65.99,USD,Amazon,US,2025-10-13T18:55:14.708516
txn_00120,user_016,13.53,USD,Electronics Hub,GB,2025-10-07T20:55:14.708519
txn_00121,user_103,82.42,USD,Local Grocery,GB,2025-12-13T19:55:14.708522
txn_00122,user_186,95.08,USD,Electronics Hub,IN,2025-12-27T14:55:14.708526
txn_00123,user_236,86.27,USD,Starbucks,US,2025-10-07T06:55:14.708531
txn_00124,user_303,2025.84,USD,LuxuryStore,BR,2026-01-04T05:55:14.708534
txn_00125,user_006,89.87,USD,Netflix,IN,2025-11-28T09:55:14.708538
txn_00126,user_462,87.03,USD,Local Grocery,GB,2025-12-20T21:55:14.708541
txn_00127,user_174,5.94,USD,Software Store,GB,2025-12-04T18:55:14.708545
txn_00128,user_165,67.6,USD,Starbucks,GB,2025-11-27T00:55:14.708548
txn_00129,user_495,77.96,USD,Electronics Hub,GB,2026-01-04T17:55:14.708552
txn_00130,user_291,35.08,USD,Uber,US,2025-11-10T04:55:14.708555
txn_00131,user_231,67.6,USD,Spotify,US,2025-12-24T07:55:14.708558
txn_00132,user_268,8.83,USD,Software Store,IN,2025-12-11T20:55:14.708562
txn_00133,user_119,63.19,USD,Electronics Hub,US,2025-12-03T15:55:14.708569
txn_00134,user_076,21.44,USD,Starbucks,US,2026-01-01T15:55:14.708575
txn_00135,user_341,93.68,USD,Amazon,US,2025-11-26T18:55:14.708580
txn_00136,user_221,89.99,USD,Starbucks,US,2025-11-21T10:55:14.708584
txn_00137,user_437,76.89,USD,Electronics Hub,GB,2025-10-07T22:55:14.708589
txn_00138,user_089,68.98,USD,Uber,GB,2025-10-27T21:55:14.708593
txn_00139,user_267,22.51,USD,Local Grocery,US,2025-12-21T12:55:14.708596
txn_00140,user_071,91.98,USD,McDonalds,GB,2025-12-11T16:55:14.708599
txn_00141,user_257,60.41,USD,Electronics Hub,IN,2025-12-01T14:55:14.708602
txn_00142,user_408,48.2,USD,Software Store,US,2025-11-15T01:55:14.708605
txn_00143,user_126,59.68,USD,Amazon,IN,2025-10-12T08:55:14.708608
txn_00144,user_016,55.57,USD,Spotify,US,2025-12-11T23:55:14.708612
txn_00145,user_455,66.89,USD,McDonalds,IN,2025-10-25T09:55:14.708615
txn_00146,user_190,923.55,USD,LuxuryStore,RU,2026-01-05T04:55:14.708620
txn_00147,user_087,18.1,USD,Starbucks,GB,2025-10-20T18:55:14.708623
txn_00148,user_174,25.16,USD,Amazon,IN,2025-11-16T13:55:14.708626
txn_00149,user_381,57.81,USD,Amazon,US,2025-11-22T05:55:14.708629
txn_00150,user_116,27.74,USD,McDonalds,US,2025-11-16T08:55:14.708632
txn_00151,user_309,35.46,USD,Electronics Hub,GB,2025-11-08T19:55:14.708636
txn_00152,user_388,44.05,USD,Software Store,US,2025-12-17T11:55:14.708639
txn_00153,user_314,3779.27,USD,LuxuryStore,NG,2026-01-04T05:55:14.708642
txn_00154,user_007,81.64,USD,McDonalds,IN,2025-10-24T01:55:14.708646
txn_00155,user_223,43.14,USD,McDonalds,IN,2025-11-22T06:55:14.708649
txn_00156,user_420,1169.7,USD,AdultWorld,NG,2026-01-05T09:55:14.708652
txn_00157,user_006,2174.02,USD,LuxuryStore,BR,2026-01-04T11:55:14.708655
txn_00158,user_303,64.77,USD,Software Store,GB,2025-10-14T19:55:14.708658
txn_00159,user_010,48.31,USD,Amazon,US,2025-10-15T17:55:14.708661
txn_00160,user_261,29.82,USD,Local Grocery,IN,2025-11-18T22:55:14.708664
txn_00161,user_395,1884.17,USD,Online Gaming Co,BR,2026-01-03T15:55:14.708667
txn_00162,user_336,77.92,USD,Uber,IN,2025-10-12T11:55:14.708670
txn_00163,user_111,2822.34,USD,Exotic Jewelry,CN,2026-01-04T11:55:14.708673
txn_00164,user_042,81.66,USD,Local Grocery,GB,2025-11-11T18:55:14.708676
txn_00165,user_487,31.19,USD,Netflix,US,2025-12-31T10:55:14.708679
txn_00166,user_239,28.04,USD,Local Grocery,GB,2025-12-20T15:55:14.708684
txn_00167,user_165,30.61,USD,Spotify,US,2025-12-12T01:55:14.708687
txn_00168,user_268,78.13,USD,Software Store,IN,2025-10-31T00:55:14.708690
txn_00169,user_418,28.04,USD,Netflix,GB,2025-12-09T21:55:14.708693
txn_00170,user_163,3857.66,USD,AdultWorld,RU,2026-01-03T21:55:14.708696
txn_00171,user_414,17.3,USD,McDonalds,GB,2025-11-29T07:55:14.708700
txn_00172,user_451,76.1,USD,McDonalds,GB,2025-12-14T03:55:14.708703
txn_00173,user_113,53.93,USD,Software Store,US,2025-12-24T18:55:14.708707
txn_00174,user_206,2225.52,USD,Online Gaming Co,BR,2026-01-04T20:55:14.708710
txn_00175,user_036,30.46,USD,Local Grocery,US,2025-12-27T14:55:14.708713
txn_00176,user_029,4654.36,USD,Exotic Jewelry,RU,2026-01-04T15:55:14.708717
txn_00177,user_037,9.51,USD,Spotify,US,2025-12-12T19:55:14.708720
txn_00178,user_331,61.21,USD,Software Store,IN,2025-12-08T19:55:14.708723
txn_00179,user_135,17.59,USD,Starbucks,GB,2025-12-05T15:55:14.708726
txn_00180,user_162,6.88,USD,Amazon,GB,2025-11-24T23:55:14.708729
txn_00181,user_214,41.12,USD,McDonalds,IN,2025-12-10T19:55:14.708732
txn_00182,user_326,9.77,USD,Netflix,GB,2025-11-20T11:55:14.708735
txn_00183,user_072,43.05,USD,Electronics Hub,GB,2026-01-02T18:55:14.708738
txn_00184,user_011,77.34,USD,Spotify,IN,2025-12-03T21:55:14.708741
txn_00185,user_468,80.25,USD,Local Grocery,GB,2025-10-12T12:55:14.708746
txn_00186,user_014,36.67,USD,McDonalds,GB,2025-10-28T15:55:14.708750
txn_00187,user_352,51.57,USD,Amazon,US,2025-12-07T17:55:14.708753
txn_00188,user_486,27.71,USD,Software Store,US,2025-11-14T20:55:14.708757
txn_00189,user_107,30.67,USD,Uber,US,2025-10-25T22:55:14.708760
txn_00190,user_451,98.43,USD,Local Grocery,IN,2025-10-09T11:55:14.708763
txn_00191,user_401,66.85,USD,McDonalds,GB,2025-11-12T09:55:14.708766
txn_00192,user_077,587.21,USD,QuickLoans,CN,2026-01-05T05:55:14.708769
txn_00193,user_180,85.01,USD,Spotify,IN,2025-12-28T07:55:14.708772
txn_00194,user_032,59.4,USD,Uber,US,2025-11-22T12:55:14.708775
txn_00195,user_298,15.56,USD,Electronics Hub,GB,2025-12-18T03:55:14.708778
txn_00196,user_434,66.29,USD,Spotify,US,2025-12-24T00:55:14.708781
txn_00197,user_116,82.8,USD,TravelHub,IN,2025-12-18T17:55:14.708784
txn_00198,user_128,5.88,USD,Amazon,IN,2025-12-27T05:55:14.708787
txn_00199,user_333,48.02,USD,Starbucks,IN,2025-11-03T22:55:14.708825
txn_00200,user_447,85.3,USD,TravelHub,GB,2025-12-13T20:55:14.708828
txn_00201,user_477,71.18,USD,Netflix,US,2025-12-26T07:55:14.708831
txn_00202,user_428,68.54,USD,Uber,IN,2025-11-28T17:55:14.708835
txn_00203,user_271,2192.67,USD,AdultWorld,BR,2026-01-04T16:55:14.708838
txn_00204,user_234,50.6,USD,Starbucks,IN,2025-10-26T08:55:14.708841
txn_00205,user_026,18.57,USD,Spotify,IN,2025-11-29T20:55:14.708845
txn_00206,user_229,3436.69,USD,LuxuryStore,NG,2026-01-05T01:55:14.708848
txn_00207,user_310,6.98,USD,Starbucks,IN,2025-10-25T17:55:14.708851
txn_00208,user_318,29.46,USD,Spotify,US,2025-11-02T12:55:14.708855
txn_00209,user_054,77.75,USD,TravelHub,US,2025-11-06T14:55:14.708858
txn_00210,user_479,94.9,USD,Spotify,GB,2025-11-01T13:55:14.708861
txn_00211,user_062,77.15,USD,Amazon,US,2025-11-04T01:55:14.708864
txn_00212,user_324,4255.01,USD,Exotic Jewelry,BR,2026-01-03T09:55:14.708867
txn_00213,user_286,60.43,USD,Netflix,IN,2025-12-01T15:55:14.708870
txn_00214,user_387,3613.02,USD,AdultWorld,CN,2026-01-03T12:55:14.708873
txn_00215,user_297,1375.11,USD,AdultWorld,NG,2026-01-04T01:55:14.708878
txn_00216,user_461,27.82,USD,Software Store,GB,2025-10-27T07:55:14.708881
txn_00217,user_031,36.19,USD,Uber,GB,2025-12-04T15:55:14.708885
txn_00218,user_420,40.13,USD,Spotify,US,2025-12-28T21:55:14.708888
txn_00219,user_435,38.25,USD,Electronics Hub,US,2025-11-06T01:55:14.708898
txn_00220,user_212,69.02,USD,McDonalds,GB,2025-11-06T04:55:14.708901
txn_00221,user_442,16.85,USD,Starbucks,US,2025-12-13T21:55:14.708905
txn_00222,user_416,53.83,USD,Spotify,US,2025-12-07T07:55:14.708908
txn_00223,user_116,1738.53,USD,QuickLoans,NG,2026-01-04T12:55:14.708911
txn_00224,user_113,6.65,USD,Starbucks,US,2025-12-23T13:55:14.708915
txn_00225,user_039,4451.44,USD,QuickLoans,NG,2026-01-04T22:55:14.708918
txn_00226,user_209,60.17,USD,Spotify,IN,2025-11-14T05:55:14.708922
txn_00227,user_318,80.62,USD,Spotify,IN,2025-10-06T23:55:14.708925
txn_00228,user_496,1811.17,USD,LuxuryStore,CN,2026-01-04T03:55:14.708928
txn_00229,user_190,30.16,USD,Amazon,IN,2025-12-23T18:55:14.708932
txn_00230,user_246,68.44,USD,Uber,US,2025-11-03T22:55:14.708935
txn_00231,user_062,4491.48,USD,Exotic Jewelry,RU,2026-01-03T23:55:14.708938
txn_00232,user_361,97.95,USD,Netflix,US,2025-12-13T17:55:14.708941
txn_00233,user_073,84.79,USD,Software Store,US,2025-10-22T19:55:14.708944
txn_00234,user_019,63.74,USD,TravelHub,IN,2025-12-31T01:55:14.708947
txn_00235,user_136,40.93,USD,TravelHub,US,2025-11-14T04:55:14.708950
txn_00236,user_211,63.29,USD,McDonalds,GB,2025-12-29T07:55:14.708953
txn_00237,user_171,66.56,USD,Netflix,GB,2025-10-08T15:55:14.708956
txn_00238,user_330,38.79,USD,Spotify,US,2025-12-18T15:55:14.708960
txn_00239,user_237,39.53,USD,Netflix,US,2025-10-07T21:55:14.708963
txn_00240,user_412,71.55,USD,Netflix,IN,2025-10-07T07:55:14.708966
txn_00241,user_233,32.27,USD,Spotify,IN,2025-12-10T04:55:14.708969
txn_00242,user_104,4749.33,USD,Online Gaming Co,RU,2026-01-04T21:55:14.708972
txn_00243,user_263,33.97,USD,Amazon,IN,2025-10-11T01:55:14.708975
txn_00244,user_121,77.32,USD,Netflix,GB,2025-12-18T13:55:14.708979
txn_00245,user_230,78.62,USD,TravelHub,US,2025-11-11T07:55:14.708982
txn_00246,user_089,63.46,USD,Starbucks,US,2025-10-15T12:55:14.708985
txn_00247,user_451,4022.06,USD,QuickLoans,RU,2026-01-05T02:55:14.708988
txn_00248,user_188,12.6,USD,Local Grocery,US,2025-12-21T02:55:14.708992
txn_00249,user_177,760.65,USD,AdultWorld,NG,2026-01-04T22:55:14.708995
txn_00250,user_339,1118.8,USD,QuickLoans,BR,2026-01-04T02:55:14.708998
txn_00251,user_394,25.8,USD,Uber,GB,2025-10-14T19:55:14.709002
txn_00252,user_267,49.65,USD,Netflix,US,2025-10-24T19:55:14.709005
txn_00253,user_174,64.35,USD,Amazon,US,2025-10-29T12:55:14.709008
txn_00254,user_351,5.79,USD,TravelHub,IN,2025-10-17T08:55:14.709012
txn_00255,user_211,4149.76,USD,QuickLoans,CN,2026-01-04T07:55:14.709014
txn_00256,user_457,13.53,USD,Software Store,US,2025-11-26T13:55:14.709018
txn_00257,user_001,67.69,USD,TravelHub,GB,2025-10-24T13:55:14.709021
txn_00258,user_255,73.34,USD,Uber,IN,2025-12-28T20:55:14.709024
txn_00259,user_493,1258.56,USD,Online Gaming Co,BR,2026-01-03T17:55:14.709027
txn_00260,user_333,69.29,USD,Starbucks,IN,2025-11-09T15:55:14.709030
txn_00261,user_035,95.24,USD,Uber,US,2025-12-19T01:55:14.709033
txn_00262,user_353,14.65,USD,Local Grocery,IN,2025-12-25T05:55:14.709037
txn_00263,user_272,59.58,USD,Software Store,GB,2025-12-11T12:55:14.709041
txn_00264,user_043,13.82,USD,Local Grocery,IN,2025-12-13T03:55:14.709044
txn_00265,user_275,95.72,USD,Starbucks,US,2025-11-12T11:55:14.709048
txn_00266,user_064,54.28,USD,Starbucks,IN,2025-10-15T22:55:14.709051
txn_00267,user_388,53.13,USD,Amazon,GB,2025-11-15T10:55:14.709054
txn_00268,user_297,4121.96,USD,AdultWorld,RU,2026-01-03T23:55:14.709057
txn_00269,user_337,96.48,USD,Local Grocery,IN,2025-11-16T07:55:14.709060
txn_00270,user_431,49.08,USD,Starbucks,IN,2025-12-10T21:55:14.709063
txn_00271,user_460,66.61,USD,Spotify,IN,2025-12-21T11:55:14.709066
txn_00272,user_194,89.48,USD,Software Store,GB,2025-11-20T06:55:14.709070
txn_00273,user_399,19.65,USD,Electronics Hub,IN,2025-11-01T11:55:14.709073
txn_00274,user_004,67.18,USD,Spotify,IN,2025-11-18T00:55:14.709076
txn_00275,user_385,28.54,USD,Electronics Hub,GB,2025-12-10T06:55:14.709079
txn_00276,user_255,89.01,USD,Spotify,US,2025-12-28T21:55:14.709084
txn_00277,user_475,62.72,USD,Amazon,US,2025-11-26T16:55:14.709087
txn_00278,user_228,23.16,USD,Local Grocery,GB,2025-12-09T18:55:14.709090
txn_00279,user_471,1292.54,USD,LuxuryStore,CN,2026-01-04T16:55:14.709093
txn_00280,user_351,4747.95,USD,Online Gaming Co,RU,2026-01-04T03:55:14.709096
txn_00281,user_413,78.47,USD,Netflix,IN,2025-10-17T07:55:14.709099
txn_00282,user_081,38.72,USD,Software Store,IN,2025-12-23T06:55:14.709103
txn_00283,user_121,3519.75,USD,LuxuryStore,RU,2026-01-04T09:55:14.709108
txn_00284,user_388,39.77,USD,Software Store,IN,2025-10-08T05:55:14.709111
txn_00285,user_446,47.15,USD,McDonalds,GB,2025-10-09T06:55:14.709114
txn_00286,user_302,38.65,USD,Netflix,IN,2025-12-05T11:55:14.709117
txn_00287,user_304,2413.56,USD,QuickLoans,CN,2026-01-04T17:55:14.709120
txn_00288,user_179,76.23,USD,Spotify,GB,2025-11-19T17:55:14.709124
txn_00289,user_194,97.17,USD,Uber,IN,2025-11-22T15:55:14.709127
txn_00290,user_275,18.94,USD,TravelHub,IN,2026-01-02T23:55:14.709130
txn_00291,user_333,618.85,USD,Exotic Jewelry,CN,2026-01-04T17:55:14.709133
txn_00292,user_265,95.99,USD,Local Grocery,US,2025-10-09T00:55:14.709136
txn_00293,user_117,48.34,USD,TravelHub,US,2025-10-31T03:55:14.709140
txn_00294,user_245,77.33,USD,Software Store,GB,2025-12-14T09:55:14.709143
txn_00295,user_487,51.85,USD,Amazon,IN,2025-11-04T15:55:14.709146
txn_00296,user_334,92.39,USD,TravelHub,IN,2026-01-04T22:55:14.709149
txn_00297,user_394,15.64,USD,Amazon,GB,2025-11-10T10:55:14.709153
txn_00298,user_200,96.35,USD,Amazon,US,2025-10-26T14:55:14.709156
txn_00299,user_242,54.06,USD,Uber,GB,2025-11-17T08:55:14.709159
txn_00300,user_174,22.25,USD,Amazon,IN,2025-12-15T05:55:14.709162
txn_00301,user_411,1942.45,USD,AdultWorld,NG,2026-01-04T13:55:14.709165
txn_00302,user_154,75.46,USD,Spotify,GB,2025-11-12T00:55:14.709169
txn_00303,user_363,33.47,USD,Netflix,US,2025-11-26T08:55:14.709172
txn_00304,user_366,40.06,USD,Uber,GB,2025-10-21T12:55:14.709175
txn_00305,user_268,85.17,USD,TravelHub,GB,2025-12-15T06:55:14.709179
txn_00306,user_267,16.15,USD,Spotify,US,2025-10-26T04:55:14.709182
txn_00307,user_194,94.02,USD,Local Grocery,US,2025-12-06T15:55:14.709185
txn_00308,user_451,36.07,USD,Local Grocery,US,2025-11-23T15:55:14.709188
txn_00309,user_235,86.3,USD,Software Store,US,2025-11-26T02:55:14.709191
txn_00310,user_358,38.18,USD,McDonalds,US,2025-12-05T23:55:14.709194
txn_00311,user_095,27.25,USD,Netflix,GB,2025-10-11T19:55:14.709197
txn_00312,user_088,37.89,USD,Netflix,GB,2025-11-17T23:55:14.709200
txn_00313,user_040,81.7,USD,Software Store,IN,2025-11-07T01:55:14.709204
txn_00314,user_414,4425.91,USD,Online Gaming Co,CN,2026-01-04T02:55:14.709207
txn_00315,user_359,94.87,USD,Uber,US,2025-12-31T20:55:14.709213
txn_00316,user_321,6.03,USD,Starbucks,GB,2025-11-15T08:55:14.709216
txn_00317,user_383,96.35,USD,Netflix,GB,2026-01-01T19:55:14.709219
txn_00318,user_434,85.25,USD,McDonalds,GB,2025-12-07T21:55:14.709222
txn_00319,user_047,69.18,USD,Uber,US,2025-10-07T03:55:14.709225
txn_00320,user_251,58.04,USD,Uber,IN,2025-12-28T20:55:14.709228
txn_00321,user_248,18.91,USD,Uber,GB,2025-11-02T12:55:14.709232
txn_00322,user_088,2371.28,USD,QuickLoans,CN,2026-01-04T17:55:14.709236
txn_00323,user_289,90.51,USD,Spotify,US,2025-12-06T13:55:14.709239
txn_00324,user_277,3961.32,USD,AdultWorld,NG,2026-01-05T07:55:14.709242
txn_00325,user_078,2272.52,USD,LuxuryStore,BR,2026-01-04T09:55:14.709245
txn_00326,user_321,30.73,USD,TravelHub,IN,2025-11-24T09:55:14.709248
txn_00327,user_340,35.95,USD,Amazon,GB,2025-10-30T23:55:14.709251
txn_00328,user_160,45.61,USD,TravelHub,US,2025-12-10T13:55:14.709256
txn_00329,user_152,86.53,USD,Netflix,US,2025-11-09T13:55:14.709259
txn_00330,user_045,69.48,USD,TravelHub,IN,2025-10-11T14:55:14.709263
txn_00331,user_317,534.25,USD,QuickLoans,BR,2026-01-03T18:55:14.709265
txn_00332,user_023,44.72,USD,Spotify,GB,2025-10-14T11:55:14.709268
txn_00333,user_322,88.83,USD,Starbucks,US,2025-10-29T03:55:14.709272
txn_00334,user_442,8.93,USD,Starbucks,GB,2025-12-28T17:55:14.709275
txn_00335,user_468,2467.93,USD,Online Gaming Co,RU,2026-01-04T12:55:14.709278
txn_00336,user_047,3494.13,USD,Exotic Jewelry,RU,2026-01-04T19:55:14.709281
txn_00337,user_267,84.24,USD,Spotify,GB,2025-10-18T14:55:14.709284
txn_00338,user_363,6.4,USD,TravelHub,IN,2025-11-14T12:55:14.709287
txn_00339,user_098,51.65,USD,Spotify,US,2025-12-14T19:55:14.709290
txn_00340,user_362,2709.12,USD,Online Gaming Co,RU,2026-01-04T03:55:14.709294
txn_00341,user_255,42.04,USD,Starbucks,US,2025-11-17T14:55:14.709298
txn_00342,user_471,35.81,USD,TravelHub,GB,2025-12-02T15:55:14.709302
txn_00343,user_289,27.07,USD,Starbucks,IN,2025-12-02T11:55:14.709305
txn_00344,user_238,8.29,USD,McDonalds,GB,2025-11-08T05:55:14.709308
txn_00345,user_371,74.44,USD,Electronics Hub,IN,2025-10-27T16:55:14.709311
txn_00346,user_165,13.98,USD,McDonalds,US,2025-12-19T01:55:14.709314
txn_00347,user_236,4504.34,USD,Exotic Jewelry,BR,2026-01-05T06:55:14.709319
txn_00348,user_157,3960.76,USD,AdultWorld,NG,2026-01-03T21:55:14.709321
txn_00349,user_010,49.04,USD,Software Store,US,2025-11-29T05:55:14.709325
txn_00350,user_178,68.87,USD,Uber,GB,2025-12-06T03:55:14.709328
txn_00351,user_122,2874.13,USD,AdultWorld,NG,2026-01-03T19:55:14.709331
txn_00352,user_483,65.49,USD,Software Store,GB,2026-01-01T02:55:14.709334
txn_00353,user_378,98.83,USD,Uber,GB,2026-01-03T01:55:14.709337
txn_00354,user_209,92.2,USD,Netflix,US,2025-11-19T22:55:14.709341
txn_00355,user_086,84.33,USD,Local Grocery,IN,2025-10-07T04:55:14.709344
txn_00356,user_176,73.85,USD,McDonalds,IN,2025-11-08T10:55:14.709347
txn_00357,user_215,12.26,USD,Netflix,GB,2025-10-21T09:55:14.709350
txn_00358,user_187,37.87,USD,TravelHub,GB,2025-10-13T00:55:14.709353
txn_00359,user_250,53.8,USD,Spotify,US,2025-12-19T18:55:14.709356
txn_00360,user_207,3861.28,USD,QuickLoans,BR,2026-01-05T07:55:14.709359
txn_00361,user_352,39.12,USD,Software Store,GB,2025-12-11T20:55:14.709363
txn_00362,user_426,21.72,USD,Electronics Hub,US,2025-10-20T21:55:14.709366
txn_00363,user_052,7.67,USD,McDonalds,IN,2025-10-30T17:55:14.709369
txn_00364,user_326,14.82,USD,Netflix,IN,2025-11-29T06:55:14.709373
txn_00365,user_102,22.27,USD,TravelHub,US,2025-11-17T05:55:14.709376
txn_00366,user_015,2028.59,USD,LuxuryStore,RU,2026-01-04T18:55:14.709379
txn_00367,user_251,11.54,USD,TravelHub,GB,2025-11-04T08:55:14.709382
txn_00368,user_332,36.74,USD,Local Grocery,US,2025-12-22T11:55:14.709385
txn_00369,user_460,96.2,USD,Netflix,IN,2025-12-06T03:55:14.709388
txn_00370,user_137,36.26,USD,Software Store,US,2025-11-05T17:55:14.709391
txn_00371,user_220,2376.55,USD,QuickLoans,NG,2026-01-03T23:55:14.709394
txn_00372,user_143,13.03,USD,Uber,IN,2025-12-29T04:55:14.709397
txn_00373,user_360,18.02,USD,Starbucks,GB,2025-10-26T02:55:14.709400
txn_00374,user_176,3123.72,USD,LuxuryStore,BR,2026-01-04T15:55:14.709403
txn_00375,user_403,35.2,USD,Electronics Hub,US,2025-10-12T15:55:14.709406
txn_00376,user_134,46.84,USD,Uber,US,2025-12-29T07:55:14.709410
txn_00377,user_023,2183.52,USD,QuickLoans,RU,2026-01-04T20:55:14.709413
txn_00378,user_406,64.38,USD,Local Grocery,US,2025-12-07T10:55:14.709418
txn_00379,user_179,46.8,USD,Software Store,GB,2025-11-04T20:55:14.709421
txn_00380,user_021,34.31,USD,Software Store,GB,2025-12-19T05:55:14.709426
txn_00381,user_293,86.17,USD,Electronics Hub,IN,2025-10-21T03:55:14.709429
txn_00382,user_438,12.51,USD,Local Grocery,GB,2025-11-01T13:55:14.709432
txn_00383,user_109,2097.32,USD,QuickLoans,CN,2026-01-05T03:55:14.709435
txn_00384,user_174,39.98,USD,Software Store,GB,2025-12-31T07:55:14.709438
txn_00385,user_361,81.36,USD,Electronics Hub,GB,2025-10-30T05:55:14.709441
txn_00386,user_124,44.89,USD,McDonalds,US,2025-12-14T12:55:14.709445
txn_00387,user_265,88.78,USD,Spotify,US,2025-11-04T23:55:14.709448
txn_00388,user_131,16.38,USD,Local Grocery,GB,2025-11-10T02:55:14.709451
txn_00389,user_112,32.22,USD,Amazon,US,2025-10-24T07:55:14.709454
txn_00390,user_016,99.89,USD,Uber,US,2025-11-29T15:55:14.709457
txn_00391,user_100,56.58,USD,TravelHub,IN,2025-11-22T02:55:14.709460
txn_00392,user_493,70.76,USD,Spotify,GB,2025-12-26T19:55:14.709463
txn_00393,user_244,7.21,USD,Local Grocery,US,2025-11-10T22:55:14.709466
txn_00394,user_304,20.5,USD,Amazon,GB,2025-11-22T12:55:14.709469
txn_00395,user_491,88.16,USD,TravelHub,GB,2025-10-16T12:55:14.709472
txn_00396,user_431,73.57,USD,Software Store,GB,2025-11-12T01:55:14.709476
txn_00397,user_106,4516.76,USD,AdultWorld,RU,2026-01-05T04:55:14.709479
txn_00398,user_269,42.03,USD,Local Grocery,GB,2025-11-29T06:55:14.709482
txn_00399,user_213,82.89,USD,Netflix,GB,2025-10-11T11:55:14.709485
txn_00400,user_356,2845.85,USD,QuickLoans,NG,2026-01-04T07:55:14.709489
txn_00401,user_226,7.93,USD,Starbucks,GB,2025-10-11T00:55:14.709492
txn_00402,user_047,75.96,USD,McDonalds,US,2025-10-15T11:55:14.709495
txn_00403,user_167,1067.64,USD,Online Gaming Co,RU,2026-01-03T21:55:14.709498
txn_00404,user_030,69.35,USD,Amazon,GB,2025-10-31T16:55:14.709501
txn_00405,user_091,56.2,USD,Spotify,GB,2025-11-01T13:55:14.709504
txn_00406,user_097,98.03,USD,Software Store,GB,2025-11-29T05:55:14.709507
txn_00407,user_374,3206.14,USD,Exotic Jewelry,NG,2026-01-04T23:55:14.709510
txn_00408,user_154,16.3,USD,McDonalds,US,2025-12-07T18:55:14.709514
txn_00409,user_339,75.96,USD,Local Grocery,IN,2025-10-06T21:55:14.709517
txn_00410,user_191,95.42,USD,McDonalds,GB,2025-12-20T11:55:14.709521
txn_00411,user_082,12.78,USD,McDonalds,GB,2025-11-01T00:55:14.709525
txn_00412,user_051,17.97,USD,McDonalds,IN,2025-11-10T19:55:14.709528
txn_00413,user_130,12.41,USD,Spotify,US,2025-12-07T19:55:14.709531
txn_00414,user_388,2518.59,USD,AdultWorld,CN,2026-01-05T09:55:14.709534
txn_00415,user_149,47.27,USD,Starbucks,GB,2025-11-03T16:55:14.709537
txn_00416,user_264,7.53,USD,Amazon,GB,2025-10-25T21:55:14.709540
txn_00417,user_251,77.0,USD,Local Grocery,US,2025-11-14T23:55:14.709544
txn_00418,user_231,87.64,USD,Starbucks,IN,2025-10-12T02:55:14.709547
txn_00419,user_183,26.46,USD,TravelHub,IN,2025-12-28T12:55:14.709552
txn_00420,user_444,69.7,USD,Spotify,IN,2025-12-31T03:55:14.709555
txn_00421,user_220,72.41,USD,Electronics Hub,GB,2025-12-02T10:55:14.709558
txn_00422,user_327,33.78,USD,Uber,GB,2025-11-07T10:55:14.709561
txn_00423,user_049,93.85,USD,Amazon,US,2025-10-29T03:55:14.709564
txn_00424,user_327,56.88,USD,Amazon,US,2025-10-29T14:55:14.709580
txn_00425,user_471,12.89,USD,Uber,GB,2025-11-05T05:55:14.709584
txn_00426,user_258,61.26,USD,Spotify,IN,2025-11-09T06:55:14.709587
txn_00427,user_294,97.3,USD,Electronics Hub,GB,2025-10-19T02:55:14.709590
txn_00428,user_246,633.47,USD,Online Gaming Co,RU,2026-01-04T11:55:14.709593
txn_00429,user_302,21.9,USD,McDonalds,US,2025-11-14T19:55:14.709597
txn_00430,user_043,15.32,USD,Spotify,IN,2025-12-26T10:55:14.709600
txn_00431,user_402,87.34,USD,Amazon,IN,2025-11-28T16:55:14.709603
txn_00432,user_465,70.67,USD,Spotify,IN,2025-10-12T10:55:14.709606
txn_00433,user_420,47.93,USD,Starbucks,US,2025-11-15T01:55:14.709610
txn_00434,user_087,2408.84,USD,LuxuryStore,NG,2026-01-03T18:55:14.709613
txn_00435,user_197,20.41,USD,Local Grocery,US,2025-11-07T11:55:14.709616
txn_00436,user_137,58.92,USD,McDonalds,US,2025-11-05T06:55:14.709619
txn_00437,user_259,84.04,USD,Amazon,IN,2025-11-12T00:55:14.709622
txn_00438,user_488,48.12,USD,McDonalds,US,2025-12-21T16:55:14.709625
txn_00439,user_057,87.65,USD,Netflix,GB,2025-10-25T04:55:14.709630
txn_00440,user_139,28.28,USD,Starbucks,GB,2025-12-08T22:55:14.709633
txn_00441,user_166,17.79,USD,Starbucks,US,2025-11-21T10:55:14.709636
txn_00442,user_222,29.1,USD,Spotify,GB,2025-10-31T04:55:14.709640
txn_00443,user_403,10.34,USD,Software Store,GB,2025-12-15T01:55:14.709644
txn_00444,user_004,80.31,USD,Electronics Hub,IN,2026-01-02T08:55:14.709647
txn_00445,user_410,54.26,USD,Software Store,US,2025-11-04T15:55:14.709650
txn_00446,user_108,40.72,USD,Spotify,GB,2025-10-21T01:55:14.709653
txn_00447,user_215,69.15,USD,TravelHub,US,2025-12-05T19:55:14.709656
txn_00448,user_362,31.38,USD,Amazon,IN,2025-10-27T00:55:14.709660
txn_00449,user_265,62.23,USD,Amazon,IN,2025-11-27T10:55:14.709663
txn_00450,user_353,79.3,USD,TravelHub,GB,2025-10-30T10:55:14.709666
txn_00451,user_057,96.6,USD,TravelHub,US,2025-11-21T07:55:14.709669
txn_00452,user_126,55.21,USD,Software Store,US,2025-11-13T13:55:14.709672
txn_00453,user_053,25.43,USD,Spotify,IN,2025-11-01T15:55:14.709676
txn_00454,user_486,1929.26,USD,QuickLoans,BR,2026-01-04T01:55:14.709678
txn_00455,user_244,43.89,USD,Spotify,IN,2025-11-29T02:55:14.709681
txn_00456,user_303,34.28,USD,Local Grocery,GB,2025-12-11T03:55:14.709685
txn_00457,user_394,44.44,USD,Uber,IN,2025-11-23T09:55:14.709688
txn_00458,user_087,925.15,USD,Online Gaming Co,RU,2026-01-03T23:55:14.709692
txn_00459,user_032,41.4,USD,McDonalds,US,2025-12-19T12:55:14.709695
txn_00460,user_289,15.88,USD,TravelHub,GB,2025-10-23T07:55:14.709698
txn_00461,user_343,12.9,USD,Software Store,GB,2025-12-19T04:55:14.709701
txn_00462,user_467,95.04,USD,Spotify,IN,2025-11-02T03:55:14.709705
txn_00463,user_082,26.1,USD,Netflix,GB,2025-12-31T07:55:14.709708
txn_00464,user_227,58.92,USD,Electronics Hub,US,2025-11-24T13:55:14.709711
txn_00465,user_123,48.07,USD,Spotify,US,2025-10-14T16:55:14.709714
txn_00466,user_411,22.62,USD,McDonalds,US,2025-11-18T14:55:14.709717
txn_00467,user_352,60.81,USD,Electronics Hub,US,2025-12-19T04:55:14.709721
txn_00468,user_304,25.6,USD,Starbucks,IN,2025-11-23T03:55:14.709725
txn_00469,user_242,86.84,USD,TravelHub,US,2025-10-23T04:55:14.709728
txn_00470,user_331,48.88,USD,Uber,IN,2025-12-17T19:55:14.709732
txn_00471,user_195,54.4,USD,Spotify,GB,2025-11-03T20:55:14.709735
txn_00472,user_053,44.04,USD,Electronics Hub,US,2025-10-18T14:55:14.709738
txn_00473,user_261,91.78,USD,Amazon,US,2025-11-26T23:55:14.709741
txn_00474,user_159,86.27,USD,Netflix,IN,2025-11-02T17:55:14.709746
txn_00475,user_179,29.71,USD,Amazon,GB,2025-11-15T00:55:14.709750
txn_00476,user_310,66.56,USD,Spotify,GB,2025-12-25T05:55:14.709753
txn_00477,user_392,92.48,USD,Starbucks,US,2025-12-11T09:55:14.709756
txn_00478,user_150,6.38,USD,Software Store,GB,2025-11-14T23:55:14.709760
txn_00479,user_004,41.1,USD,Uber,GB,2025-10-19T08:55:14.709764
txn_00480,user_393,55.77,USD,Starbucks,GB,2025-10-19T14:55:14.709768
txn_00481,user_437,53.28,USD,Netflix,IN,2025-10-27T08:55:14.709772
txn_00482,user_277,54.2,USD,Software Store,US,2025-10-30T01:55:14.709775
txn_00483,user_303,57.98,USD,Software Store,GB,2025-10-07T14:55:14.709778
txn_00484,user_230,7.58,USD,TravelHub,GB,2026-01-02T09:55:14.709781
txn_00485,user_364,4001.22,USD,Online Gaming Co,RU,2026-01-04T00:55:14.709785
txn_00486,user_294,85.84,USD,Local Grocery,IN,2025-12-22T16:55:14.709788
txn_00487,user_246,4421.38,USD,QuickLoans,CN,2026-01-03T20:55:14.709791
txn_00488,user_265,15.6,USD,Amazon,US,2025-12-30T00:55:14.709794
txn_00489,user_466,50.14,USD,Amazon,US,2025-12-12T22:55:14.709797
txn_00490,user_007,43.46,USD,TravelHub,US,2025-10-08T06:55:14.709805
txn_00491,user_218,54.09,USD,Software Store,GB,2025-10-23T01:55:14.709809
txn_00492,user_218,6.77,USD,Amazon,IN,2025-11-12T01:55:14.709812
txn_00493,user_080,40.66,USD,Software Store,IN,2025-12-02T11:55:14.709815
txn_00494,user_102,44.27,USD,Software Store,IN,2025-12-19T15:55:14.709818
txn_00495,user_460,3747.78,USD,Exotic Jewelry,CN,2026-01-04T20:55:14.709821
txn_00496,user_062,17.56,USD,Uber,US,2025-10-07T03:55:14.709824
txn_00497,user_219,3875.38,USD,AdultWorld,RU,2026-01-03T15:55:14.709829
txn_00498,user_240,15.28,USD,Netflix,US,2025-11-09T20:55:14.709832
txn_00499,user_397,50.17,USD,Spotify,US,2025-12-28T10:55:14.709835
txn_00500,user_115,74.9,USD,McDonalds,GB,2025-12-30T05:55:14.709838
txn_00501,user_314,14.38,USD,Electronics Hub,GB,2026-01-01T00:55:14.709841
txn_00502,user_372,81.78,USD,Starbucks,GB,2025-11-01T13:55:14.709844
txn_00503,user_342,5.48,USD,Local Grocery,GB,2025-11-14T09:55:14.709848
txn_00504,user_446,73.07,USD,McDonalds,GB,2025-10-28T12:55:14.709851
txn_00505,user_093,25.74,USD,Starbucks,GB,2025-11-07T20:55:14.709854
txn_00506,user_429,81.55,USD,Amazon,GB,2025-10-20T11:55:14.709858
txn_00507,user_444,24.32,USD,Amazon,IN,2025-11-06T23:55:14.709862
txn_00508,user_018,46.99,USD,Netflix,GB,2025-11-19T09:55:14.709865
txn_00509,user_386,1922.28,USD,QuickLoans,NG,2026-01-05T05:55:14.709868
txn_00510,user_491,35.6,USD,Uber,US,2025-10-12T18:55:14.709871
txn_00511,user_168,40.2,USD,Uber,IN,2025-11-21T20:55:14.709874
txn_00512,user_049,61.85,USD,Local Grocery,US,2025-11-28T06:55:14.709877
txn_00513,user_318,18.52,USD,Starbucks,IN,2025-11-26T19:55:14.709880
txn_00514,user_486,6.27,USD,Starbucks,IN,2025-11-05T12:55:14.709884
txn_00515,user_358,70.25,USD,Netflix,IN,2025-10-13T09:55:14.709887
txn_00516,user_003,6.29,USD,McDonalds,IN,2025-11-04T13:55:14.709890
txn_00517,user_437,25.48,USD,Electronics Hub,GB,2025-11-28T20:55:14.709894
txn_00518,user_027,49.25,USD,Starbucks,US,2025-11-17T15:55:14.709898
txn_00519,user_098,87.25,USD,Spotify,IN,2025-11-06T16:55:14.709901
txn_00520,user_101,11.06,USD,Starbucks,GB,2025-12-26T23:55:14.709904
txn_00521,user_150,2226.39,USD,Exotic Jewelry,BR,2026-01-03T22:55:14.709907
txn_00522,user_337,13.08,USD,Starbucks,IN,2026-01-04T10:55:14.709910
txn_00523,user_466,15.06,USD,Software Store,IN,2025-11-15T17:55:14.709913
txn_00524,user_180,67.64,USD,Local Grocery,GB,2025-10-31T10:55:14.709916
txn_00525,user_395,36.03,USD,Electronics Hub,GB,2025-11-28T21:55:14.709920
txn_00526,user_487,31.11,USD,Amazon,IN,2025-11-18T17:55:14.709923
txn_00527,user_376,97.06,USD,Amazon,US,2025-12-11T18:55:14.709926
txn_00528,user_231,88.26,USD,Starbucks,GB,2025-11-17T05:55:14.709929
txn_00529,user_011,76.48,USD,Uber,GB,2025-11-07T05:55:14.709932
txn_00530,user_282,44.58,USD,McDonalds,US,2025-12-07T00:55:14.709936
txn_00531,user_103,3651.72,USD,LuxuryStore,CN,2026-01-03T22:55:14.709939
txn_00532,user_168,1740.54,USD,AdultWorld,RU,2026-01-03T23:55:14.709942
txn_00533,user_084,29.8,USD,Spotify,IN,2025-10-19T07:55:14.709947
txn_00534,user_238,10.64,USD,Local Grocery,GB,2025-10-17T04:55:14.709950
txn_00535,user_194,51.58,USD,McDonalds,US,2025-11-21T03:55:14.709953
txn_00536,user_220,72.32,USD,Software Store,IN,2026-01-03T22:55:14.709958
txn_00537,user_363,15.76,USD,Amazon,GB,2025-12-10T15:55:14.709961
txn_00538,user_475,14.24,USD,Amazon,GB,2025-11-09T05:55:14.709965
txn_00539,user_223,10.16,USD,Electronics Hub,GB,2025-11-12T18:55:14.709969
txn_00540,user_173,79.47,USD,Netflix,GB,2025-12-22T20:55:14.709972
txn_00541,user_046,14.26,USD,Starbucks,GB,2026-01-01T03:55:14.709975
txn_00542,user_431,84.89,USD,Spotify,US,2025-11-27T15:55:14.709978
txn_00543,user_298,84.31,USD,Netflix,GB,2025-10-13T06:55:14.709981
txn_00544,user_391,30.78,USD,Spotify,GB,2025-12-28T04:55:14.709984
txn_00545,user_035,55.86,USD,Starbucks,GB,2025-11-19T23:55:14.709987
txn_00546,user_154,83.46,USD,Uber,US,2025-11-16T03:55:14.709991
txn_00547,user_279,96.45,USD,McDonalds,IN,2025-10-17T19:55:14.709994
txn_00548,user_231,95.53,USD,Spotify,US,2025-12-31T14:55:14.709997
txn_00549,user_163,3118.55,USD,AdultWorld,BR,2026-01-03T18:55:14.709999
txn_00550,user_231,41.04,USD,Local Grocery,IN,2025-10-15T20:55:14.710002
txn_00551,user_481,2301.5,USD,Exotic Jewelry,CN,2026-01-03T19:55:14.710005
txn_00552,user_250,44.23,USD,Software Store,US,2025-10-12T03:55:14.710008
txn_00553,user_161,76.63,USD,Amazon,GB,2025-12-25T22:55:14.710011
txn_00554,user_023,70.88,USD,TravelHub,US,2025-10-23T18:55:14.710015
txn_00555,user_446,98.26,USD,Local Grocery,GB,2025-10-12T09:55:14.710018
txn_00556,user_345,35.36,USD,Netflix,US,2025-12-17T22:55:14.710022
txn_00557,user_153,28.4,USD,Uber,GB,2025-11-04T00:55:14.710025
txn_00558,user_494,47.8,USD,Spotify,IN,2025-11-04T12:55:14.710028
txn_00559,user_158,73.47,USD,McDonalds,US,2026-01-04T20:55:14.710031
txn_00560,user_091,97.17,USD,Starbucks,IN,2025-11-13T04:55:14.710034
txn_00561,user_255,24.32,USD,McDonalds,IN,2025-10-30T04:55:14.710038
txn_00562,user_154,14.37,USD,Software Store,IN,2025-12-10T06:55:14.710041
txn_00563,user_272,87.65,USD,Netflix,IN,2025-12-23T05:55:14.710044
txn_00564,user_439,2352.3,USD,Exotic Jewelry,BR,2026-01-03T20:55:14.710047
txn_00565,user_494,43.25,USD,TravelHub,IN,2025-11-22T08:55:14.710050
txn_00566,user_445,91.84,USD,Local Grocery,IN,2025-12-29T02:55:14.710053
txn_00567,user_219,7.02,USD,Uber,US,2026-01-02T21:55:14.710056
txn_00568,user_353,84.35,USD,Starbucks,GB,2025-12-17T10:55:14.710059
txn_00569,user_245,10.58,USD,Software Store,GB,2025-11-03T12:55:14.710063
txn_00570,user_213,2987.87,USD,Online Gaming Co,NG,2026-01-03T15:55:14.710067
txn_00571,user_047,22.67,USD,Local Grocery,GB,2026-01-04T22:55:14.710070
txn_00572,user_457,74.4,USD,Spotify,IN,2025-12-28T00:55:14.710073
txn_00573,user_152,12.96,USD,Amazon,US,2025-12-11T00:55:14.710076
txn_00574,user_374,55.52,USD,Software Store,GB,2025-12-10T05:55:14.710079
txn_00575,user_327,58.94,USD,Software Store,GB,2025-11-06T18:55:14.710084
txn_00576,user_376,6.39,USD,McDonalds,IN,2025-12-01T22:55:14.710087
txn_00577,user_115,18.24,USD,McDonalds,US,2025-12-13T12:55:14.710090
txn_00578,user_163,40.52,USD,Starbucks,IN,2025-12-26T04:55:14.710093
txn_00579,user_180,65.7,USD,Electronics Hub,GB,2025-11-13T05:55:14.710096
txn_00580,user_328,32.16,USD,Starbucks,GB,2025-10-16T18:55:14.710100
txn_00581,user_458,80.15,USD,Local Grocery,GB,2025-10-06T14:55:14.710103
txn_00582,user_340,26.43,USD,Amazon,IN,2025-12-22T23:55:14.710107
txn_00583,user_426,2930.44,USD,LuxuryStore,NG,2026-01-04T15:55:14.710111
txn_00584,user_417,67.34,USD,Uber,GB,2025-10-29T01:55:14.710114
txn_00585,user_467,2868.64,USD,AdultWorld,BR,2026-01-03T21:55:14.710117
txn_00586,user_493,13.37,USD,Uber,GB,2025-12-11T19:55:14.710120
txn_00587,user_345,16.84,USD,Spotify,GB,2025-12-22T09:55:14.710124
txn_00588,user_086,97.6,USD,Local Grocery,IN,2025-10-29T17:55:14.710127
txn_00589,user_452,62.98,USD,Amazon,US,2025-12-16T15:55:14.710130
txn_00590,user_221,63.84,USD,Local Grocery,US,2025-10-13T11:55:14.710133
txn_00591,user_091,72.98,USD,Starbucks,US,2025-12-11T00:55:14.710136
txn_00592,user_151,14.27,USD,Starbucks,IN,2025-10-20T01:55:14.710140
txn_00593,user_099,11.9,USD,Electronics Hub,GB,2025-11-08T01:55:14.710143
txn_00594,user_032,83.56,USD,TravelHub,IN,2025-12-10T04:55:14.710146
txn_00595,user_394,51.83,USD,Netflix,GB,2025-11-25T12:55:14.710152
txn_00596,user_033,32.67,USD,TravelHub,US,2025-12-16T10:55:14.710157
txn_00597,user_027,37.33,USD,Electronics Hub,IN,2025-11-27T04:55:14.710160
txn_00598,user_084,88.84,USD,Spotify,GB,2025-10-15T18:55:14.710163
txn_00599,user_186,11.5,USD,Spotify,IN,2025-11-01T09:55:14.710167
txn_00600,user_034,81.38,USD,Netflix,US,2025-11-17T13:55:14.710170
txn_00601,user_214,6.31,USD,Local Grocery,GB,2025-12-19T04:55:14.710173
txn_00602,user_371,30.57,USD,Netflix,IN,2025-12-19T03:55:14.710178
txn_00603,user_491,50.28,USD,Spotify,IN,2025-11-30T18:55:14.710181
txn_00604,user_432,91.72,USD,Local Grocery,US,2025-12-23T21:55:14.710184
txn_00605,user_390,92.57,USD,Uber,IN,2025-11-04T07:55:14.710188
txn_00606,user_203,99.31,USD,McDonalds,GB,2025-11-07T01:55:14.710191
txn_00607,user_172,26.98,USD,TravelHub,IN,2025-10-11T11:55:14.710194
txn_00608,user_251,12.01,USD,Electronics Hub,GB,2025-11-09T10:55:14.710197
txn_00609,user_289,84.61,USD,Spotify,IN,2025-12-21T21:55:14.710200
txn_00610,user_433,54.68,USD,Starbucks,IN,2025-10-23T17:55:14.710204
txn_00611,user_497,14.32,USD,McDonalds,US,2025-11-25T15:55:14.710207
txn_00612,user_017,1728.17,USD,LuxuryStore,BR,2026-01-04T23:55:14.710210
txn_00613,user_395,4420.82,USD,QuickLoans,RU,2026-01-04T13:55:14.710213
txn_00614,user_253,97.73,USD,Starbucks,US,2025-12-19T00:55:14.710217
txn_00615,user_097,65.55,USD,Software Store,US,2025-10-20T23:55:14.710220
txn_00616,user_292,89.3,USD,Electronics Hub,US,2025-12-25T22:55:14.710224
txn_00617,user_204,75.71,USD,Electronics Hub,IN,2025-11-12T19:55:14.710227
txn_00618,user_390,34.31,USD,Starbucks,US,2025-11-09T20:55:14.710230
txn_00619,user_130,92.61,USD,Uber,GB,2025-10-31T02:55:14.710233
txn_00620,user_415,80.45,USD,Amazon,GB,2025-12-02T16:55:14.710237
txn_00621,user_489,73.79,USD,Local Grocery,IN,2025-10-15T00:55:14.710240
txn_00622,user_173,37.72,USD,Uber,GB,2025-12-12T20:55:14.710243
txn_00623,user_450,55.26,USD,Local Grocery,IN,2025-11-27T21:55:14.710246
txn_00624,user_058,87.71,USD,TravelHub,IN,2026-01-03T18:55:14.710249
txn_00625,user_163,86.86,USD,TravelHub,IN,2025-12-11T02:55:14.710253
txn_00626,user_042,55.87,USD,Electronics Hub,GB,2025-12-02T14:55:14.710256
txn_00627,user_206,40.15,USD,McDonalds,US,2025-10-31T10:55:14.710259
txn_00628,user_064,26.06,USD,McDonalds,IN,2025-11-11T06:55:14.710263
txn_00629,user_433,11.87,USD,McDonalds,IN,2025-11-14T21:55:14.710266
txn_00630,user_154,77.55,USD,Starbucks,IN,2025-12-24T04:55:14.710269
txn_00631,user_227,52.8,USD,Uber,IN,2025-10-21T15:55:14.710273
txn_00632,user_304,40.42,USD,Netflix,IN,2025-10-06T16:55:14.710276
txn_00633,user_470,12.36,USD,Electronics Hub,US,2025-10-26T10:55:14.710282
txn_00634,user_365,20.4,USD,McDonalds,IN,2025-11-20T23:55:14.710286
txn_00635,user_306,9.52,USD,McDonalds,US,2025-11-18T09:55:14.710289
txn_00636,user_421,51.32,USD,Amazon,IN,2025-12-23T20:55:14.710293
txn_00637,user_449,97.52,USD,Starbucks,IN,2025-12-31T16:55:14.710296
txn_00638,user_480,17.57,USD,TravelHub,GB,2025-11-01T06:55:14.710299
txn_00639,user_195,696.15,USD,Exotic Jewelry,NG,2026-01-04T22:55:14.710302
txn_00640,user_275,36.22,USD,Netflix,GB,2025-10-25T12:55:14.710305
txn_00641,user_047,98.12,USD,Local Grocery,IN,2025-12-16T18:55:14.710308
txn_00642,user_317,99.51,USD,Uber,IN,2025-11-04T12:55:14.710311
txn_00643,user_310,60.35,USD,TravelHub,GB,2025-11-23T09:55:14.710315
txn_00644,user_038,52.21,USD,McDonalds,GB,2026-01-05T06:55:14.710318
txn_00645,user_149,72.08,USD,TravelHub,GB,2025-10-16T17:55:14.710321
txn_00646,user_450,1687.77,USD,QuickLoans,BR,2026-01-03T19:55:14.710324
txn_00647,user_443,58.91,USD,TravelHub,GB,2025-10-12T20:55:14.710327
txn_00648,user_033,31.13,USD,Local Grocery,US,2025-12-08T17:55:14.710331
txn_00649,user_223,63.16,USD,TravelHub,GB,2025-10-21T11:55:14.710334
txn_00650,user_247,23.68,USD,Electronics Hub,GB,2025-12-14T21:55:14.710337
txn_00651,user_224,88.03,USD,Software Store,US,2025-12-20T06:55:14.710340
txn_00652,user_358,10.37,USD,McDonalds,IN,2025-12-23T02:55:14.710343
txn_00653,user_131,36.59,USD,TravelHub,US,2025-12-20T20:55:14.710348
txn_00654,user_309,85.71,USD,Uber,GB,2025-10-19T01:55:14.710351
txn_00655,user_204,91.57,USD,McDonalds,US,2026-01-03T10:55:14.710354
txn_00656,user_019,7.07,USD,Software Store,IN,2025-12-18T10:55:14.710357
txn_00657,user_414,66.32,USD,Netflix,US,2025-10-10T07:55:14.710361
txn_00658,user_104,94.76,USD,Uber,IN,2025-12-23T17:55:14.710364
txn_00659,user_065,2001.7,USD,QuickLoans,NG,2026-01-04T04:55:14.710367
txn_00660,user_303,48.0,USD,Local Grocery,GB,2025-10-12T00:55:14.710370
txn_00661,user_019,70.12,USD,McDonalds,US,2025-11-25T22:55:14.710373
txn_00662,user_443,93.25,USD,Netflix,GB,2025-12-16T20:55:14.710376
txn_00663,user_288,29.07,USD,TravelHub,US,2025-11-04T23:55:14.710379
txn_00664,user_152,29.12,USD,Starbucks,US,2025-11-04T22:55:14.710383
txn_00665,user_403,1635.1,USD,Online Gaming Co,NG,2026-01-03T17:55:14.710387
txn_00666,user_234,61.07,USD,Amazon,GB,2025-10-06T13:55:14.710390
txn_00667,user_386,67.55,USD,TravelHub,US,2025-12-18T01:55:14.710394
txn_00668,user_354,21.34,USD,Local Grocery,IN,2025-11-01T01:55:14.710397
txn_00669,user_233,41.28,USD,Uber,IN,2025-12-04T06:55:14.710400
txn_00670,user_498,93.46,USD,TravelHub,US,2025-11-17T14:55:14.710403
txn_00671,user_368,75.74,USD,Software Store,GB,2025-12-02T22:55:14.710406
txn_00672,user_269,31.77,USD,Electronics Hub,US,2025-12-02T19:55:14.710410
txn_00673,user_127,32.17,USD,Netflix,IN,2025-11-02T02:55:14.710414
txn_00674,user_327,91.42,USD,Electronics Hub,GB,2025-11-15T16:55:14.710417
txn_00675,user_459,795.33,USD,Online Gaming Co,CN,2026-01-04T22:55:14.710420
txn_00676,user_024,20.53,USD,Local Grocery,GB,2025-12-31T08:55:14.710423
txn_00677,user_084,724.1,USD,LuxuryStore,RU,2026-01-03T13:55:14.710426
txn_00678,user_275,93.86,USD,Spotify,US,2025-11-24T05:55:14.710430
txn_00679,user_195,1684.83,USD,Online Gaming Co,NG,2026-01-05T09:55:14.710433
txn_00680,user_418,63.23,USD,Local Grocery,IN,2025-12-20T19:55:14.710436
txn_00681,user_428,29.46,USD,Netflix,GB,2025-12-04T01:55:14.710440
txn_00682,user_443,82.71,USD,McDonalds,GB,2025-12-08T15:55:14.710443
txn_00683,user_395,3215.11,USD,LuxuryStore,BR,2026-01-03T18:55:14.710446
txn_00684,user_094,53.2,USD,Local Grocery,US,2025-12-26T11:55:14.710450
txn_00685,user_141,83.31,USD,Electronics Hub,GB,2025-11-11T03:55:14.710454
txn_00686,user_268,62.14,USD,Netflix,US,2025-12-10T16:55:14.710457
txn_00687,user_273,54.02,USD,Amazon,US,2025-12-31T21:55:14.710460
txn_00688,user_251,77.53,USD,Software Store,US,2025-10-07T00:55:14.710464
txn_00689,user_082,38.29,USD,Amazon,IN,2025-12-20T21:55:14.710467
txn_00690,user_394,44.05,USD,Amazon,IN,2025-11-03T02:55:14.710470
txn_00691,user_354,26.96,USD,Starbucks,GB,2025-11-18T02:55:14.710473
txn_00692,user_057,39.45,USD,Local Grocery,US,2025-11-07T04:55:14.710478
txn_00693,user_393,3413.14,USD,AdultWorld,BR,2026-01-04T02:55:14.710481
txn_00694,user_248,55.0,USD,TravelHub,IN,2025-11-08T17:55:14.710484
txn_00695,user_307,73.13,USD,Amazon,GB,2025-10-07T23:55:14.710487
txn_00696,user_048,71.3,USD,Starbucks,US,2026-01-04T06:55:14.710490
txn_00697,user_023,62.1,USD,McDonalds,US,2025-11-30T09:55:14.710495
txn_00698,user_310,45.48,USD,Starbucks,GB,2025-12-21T17:55:14.710498
txn_00699,user_104,87.28,USD,TravelHub,IN,2025-10-11T08:55:14.710501
txn_00700,user_291,47.1,USD,Electronics Hub,IN,2025-12-09T23:55:14.710504
txn_00701,user_426,51.03,USD,Spotify,GB,2025-11-06T20:55:14.710508
txn_00702,user_045,2873.32,USD,LuxuryStore,BR,2026-01-04T09:55:14.710511
txn_00703,user_063,84.02,USD,McDonalds,IN,2025-10-13T22:55:14.710514
txn_00704,user_447,67.83,USD,Software Store,IN,2026-01-04T00:55:14.710517
txn_00705,user_454,39.83,USD,Amazon,GB,2025-10-06T22:55:14.710520
txn_00706,user_052,16.68,USD,Starbucks,US,2025-12-29T09:55:14.710523
txn_00707,user_101,18.11,USD,Local Grocery,GB,2025-11-30T06:55:14.710527
txn_00708,user_243,32.47,USD,Local Grocery,GB,2025-12-07T05:55:14.710530
txn_00709,user_255,43.34,USD,TravelHub,GB,2025-10-12T22:55:14.710533
txn_00710,user_368,60.49,USD,Amazon,IN,2025-12-05T01:55:14.710536
txn_00711,user_309,78.23,USD,Netflix,GB,2025-11-18T11:55:14.710540
txn_00712,user_128,75.82,USD,Local Grocery,US,2025-10-31T03:55:14.710544
txn_00713,user_326,3297.78,USD,Online Gaming Co,NG,2026-01-05T06:55:14.710547
txn_00714,user_254,60.8,USD,McDonalds,IN,2025-12-12T21:55:14.710551
txn_00715,user_169,2607.2,USD,LuxuryStore,BR,2026-01-04T16:55:14.710554
txn_00716,user_137,84.02,USD,Software Store,US,2025-12-10T17:55:14.710557
txn_00717,user_050,74.22,USD,McDonalds,IN,2025-10-11T11:55:14.710560
txn_00718,user_388,36.12,USD,Local Grocery,US,2025-12-19T13:55:14.710563
txn_00719,user_362,72.49,USD,TravelHub,IN,2025-12-13T22:55:14.710569
txn_00720,user_335,86.31,USD,Netflix,IN,2025-10-20T14:55:14.710572
txn_00721,user_008,81.15,USD,Electronics Hub,IN,2025-12-13T17:55:14.710575
txn_00722,user_246,82.4,USD,McDonalds,IN,2026-01-03T04:55:14.710578
txn_00723,user_216,2875.94,USD,AdultWorld,NG,2026-01-04T09:55:14.710582
txn_00724,user_417,33.19,USD,McDonalds,GB,2025-10-17T20:55:14.710587
txn_00725,user_372,77.02,USD,McDonalds,GB,2025-12-25T08:55:14.710590
txn_00726,user_352,94.55,USD,Local Grocery,US,2025-11-28T21:55:14.710594
txn_00727,user_492,66.88,USD,Amazon,GB,2025-10-15T18:55:14.710597
txn_00728,user_300,87.9,USD,Spotify,IN,2025-12-16T22:55:14.710600
txn_00729,user_310,4516.14,USD,LuxuryStore,NG,2026-01-04T23:55:14.710605
txn_00730,user_469,67.9,USD,Software Store,IN,2025-11-05T12:55:14.710608
txn_00731,user_327,53.76,USD,Uber,GB,2025-10-21T22:55:14.710612
txn_00732,user_340,98.33,USD,Starbucks,GB,2025-12-31T03:55:14.710616
txn_00733,user_226,35.58,USD,Local Grocery,IN,2025-12-10T18:55:14.710619
txn_00734,user_102,70.65,USD,Amazon,GB,2025-10-19T08:55:14.710622
txn_00735,user_341,61.12,USD,Starbucks,IN,2025-10-11T09:55:14.710626
txn_00736,user_304,68.73,USD,Amazon,US,2025-12-26T00:55:14.710631
txn_00737,user_404,30.25,USD,Local Grocery,US,2025-11-03T13:55:14.710634
txn_00738,user_030,24.2,USD,TravelHub,GB,2025-11-24T11:55:14.710638
txn_00739,user_155,2790.79,USD,Online Gaming Co,NG,2026-01-05T09:55:14.710641
txn_00740,user_392,67.48,USD,Local Grocery,GB,2025-10-18T17:55:14.710644
txn_00741,user_118,45.64,USD,McDonalds,IN,2025-10-12T08:55:14.710648
txn_00742,user_268,97.22,USD,Amazon,GB,2025-12-27T11:55:14.710651
txn_00743,user_122,34.82,USD,TravelHub,GB,2025-11-30T11:55:14.710654
txn_00744,user_222,84.81,USD,Software Store,US,2025-11-13T17:55:14.710657
txn_00745,user_079,9.02,USD,McDonalds,GB,2025-11-03T10:55:14.710660
txn_00746,user_390,3980.76,USD,QuickLoans,RU,2026-01-05T05:55:14.710663
txn_00747,user_177,13.54,USD,Spotify,US,2025-11-23T05:55:14.710666
txn_00748,user_400,42.45,USD,TravelHub,IN,2025-12-23T07:55:14.710670
txn_00749,user_173,661.59,USD,LuxuryStore,RU,2026-01-03T21:55:14.710672
txn_00750,user_161,76.89,USD,Netflix,US,2025-11-25T10:55:14.710676
txn_00751,user_311,2906.46,USD,Exotic Jewelry,RU,2026-01-03T18:55:14.710680
txn_00752,user_041,48.35,USD,Netflix,US,2025-10-26T05:55:14.710683
txn_00753,user_235,59.61,USD,Electronics Hub,US,2025-10-09T11:55:14.710686
txn_00754,user_149,69.63,USD,Spotify,IN,2025-10-23T15:55:14.710690
txn_00755,user_379,76.76,USD,Software Store,IN,2025-12-30T00:55:14.710693
txn_00756,user_254,2574.84,USD,QuickLoans,NG,2026-01-04T09:55:14.710696
txn_00757,user_241,39.29,USD,Electronics Hub,IN,2025-11-01T15:55:14.710699
txn_00758,user_286,95.95,USD,TravelHub,IN,2025-12-04T06:55:14.710702
txn_00759,user_123,80.81,USD,Software Store,US,2025-11-04T17:55:14.710706
txn_00760,user_006,34.93,USD,Netflix,IN,2025-12-10T23:55:14.710709
txn_00761,user_418,20.83,USD,Local Grocery,GB,2025-11-14T18:55:14.710713
txn_00762,user_367,62.09,USD,TravelHub,US,2025-12-26T12:55:14.710716
txn_00763,user_222,24.4,USD,TravelHub,US,2025-10-23T13:55:14.710720
txn_00764,user_280,36.34,USD,McDonalds,IN,2025-12-23T15:55:14.710723
txn_00765,user_053,97.6,USD,Electronics Hub,IN,2025-12-25T22:55:14.710726
txn_00766,user_132,90.3,USD,McDonalds,IN,2025-10-18T21:55:14.710730
txn_00767,user_430,18.59,USD,Amazon,IN,2025-10-25T10:55:14.710733
txn_00768,user_359,63.56,USD,Local Grocery,US,2026-01-01T07:55:14.710736
txn_00769,user_474,22.77,USD,Uber,IN,2025-12-09T19:55:14.710739
txn_00770,user_063,70.06,USD,Starbucks,IN,2025-11-15T21:55:14.710744
txn_00771,user_033,66.26,USD,TravelHub,GB,2025-12-21T19:55:14.710747
txn_00772,user_092,92.34,USD,Local Grocery,IN,2025-12-29T00:55:14.710750
txn_00773,user_038,45.55,USD,Netflix,US,2025-10-23T03:55:14.710754
txn_00774,user_208,24.58,USD,Software Store,GB,2025-10-10T10:55:14.710757
txn_00775,user_398,9.63,USD,Netflix,US,2025-12-27T03:55:14.710760
txn_00776,user_367,46.21,USD,Spotify,IN,2025-12-26T16:55:14.710764
txn_00777,user_362,1123.59,USD,Exotic Jewelry,CN,2026-01-05T04:55:14.710767
txn_00778,user_402,1349.58,USD,Exotic Jewelry,BR,2026-01-04T05:55:14.710770
txn_00779,user_233,66.28,USD,Software Store,GB,2025-12-02T14:55:14.710773
txn_00780,user_158,71.58,USD,McDonalds,US,2025-12-18T04:55:14.710777
txn_00781,user_210,4644.53,USD,AdultWorld,RU,2026-01-04T19:55:14.710780
txn_00782,user_469,3466.61,USD,Exotic Jewelry,BR,2026-01-04T03:55:14.710783
txn_00783,user_352,64.53,USD,Amazon,US,2025-11-11T17:55:14.710786
txn_00784,user_494,24.4,USD,Electronics Hub,GB,2025-10-16T21:55:14.710789
txn_00785,user_092,69.81,USD,McDonalds,GB,2025-11-18T04:55:14.710792
txn_00786,user_383,77.46,USD,Local Grocery,IN,2025-10-29T16:55:14.710797
txn_00787,user_001,30.14,USD,Local Grocery,GB,2025-11-03T10:55:14.710800
txn_00788,user_292,16.94,USD,Netflix,GB,2025-11-07T12:55:14.710804
txn_00789,user_340,83.93,USD,Software Store,US,2025-12-08T17:55:14.710807
txn_00790,user_431,58.16,USD,Local Grocery,IN,2025-12-27T19:55:14.710811
txn_00791,user_123,15.09,USD,Amazon,GB,2025-11-28T09:55:14.710814
txn_00792,user_347,50.14,USD,Uber,IN,2025-11-20T20:55:14.710818
txn_00793,user_202,3113.38,USD,Online Gaming Co,CN,2026-01-04T18:55:14.710822
txn_00794,user_376,44.88,USD,Spotify,IN,2026-01-02T17:55:14.710826
txn_00795,user_030,1549.41,USD,QuickLoans,NG,2026-01-03T09:55:14.710829
txn_00796,user_348,22.85,USD,Amazon,US,2025-12-02T04:55:14.710832
txn_00797,user_172,31.91,USD,TravelHub,US,2025-10-29T21:55:14.710836
txn_00798,user_155,53.31,USD,Electronics Hub,IN,2025-10-18T15:55:14.710839
txn_00799,user_391,38.58,USD,Uber,US,2025-10-17T22:55:14.710842
txn_00800,user_437,74.57,USD,TravelHub,IN,2025-11-07T19:55:14.710846
txn_00801,user_022,24.48,USD,TravelHub,IN,2025-12-09T03:55:14.710849
txn_00802,user_460,33.5,USD,Starbucks,GB,2025-11-28T11:55:14.710852
txn_00803,user_137,90.55,USD,Local Grocery,IN,2025-10-18T11:55:14.710855
txn_00804,user_140,46.23,USD,Amazon,GB,2025-12-18T03:55:14.710859
txn_00805,user_009,74.17,USD,McDonalds,GB,2025-10-26T11:55:14.710862
txn_00806,user_357,45.3,USD,Amazon,IN,2025-11-22T22:55:14.710865
txn_00807,user_178,1404.8,USD,Exotic Jewelry,RU,2026-01-04T12:55:14.710868
txn_00808,user_152,92.0,USD,Uber,GB,2025-10-13T07:55:14.710871
txn_00809,user_331,30.36,USD,Local Grocery,IN,2025-12-27T04:55:14.710876
txn_00810,user_037,40.9,USD,Uber,IN,2026-01-02T16:55:14.710879
txn_00811,user_334,73.71,USD,Uber,US,2025-11-20T00:55:14.710882
txn_00812,user_048,3747.31,USD,QuickLoans,RU,2026-01-05T07:55:14.710885
txn_00813,user_064,52.0,USD,Uber,US,2025-11-08T17:55:14.710889
txn_00814,user_304,44.82,USD,Software Store,US,2025-11-24T15:55:14.710892
txn_00815,user_322,87.62,USD,Spotify,GB,2025-12-30T08:55:14.710895
txn_00816,user_385,7.58,USD,Local Grocery,GB,2026-01-02T02:55:14.710899
txn_00817,user_135,52.68,USD,Local Grocery,IN,2025-11-14T18:55:14.710902
txn_00818,user_230,11.16,USD,TravelHub,GB,2025-11-19T21:55:14.710905
txn_00819,user_093,25.03,USD,Local Grocery,US,2025-12-10T00:55:14.710908
txn_00820,user_375,70.18,USD,McDonalds,IN,2025-10-28T04:55:14.710912
txn_00821,user_293,20.42,USD,McDonalds,IN,2025-11-13T13:55:14.710915
txn_00822,user_009,13.29,USD,Software Store,GB,2025-11-29T23:55:14.710918
txn_00823,user_266,15.14,USD,Electronics Hub,GB,2025-11-27T08:55:14.710922
txn_00824,user_114,22.77,USD,Starbucks,US,2025-11-12T10:55:14.710925
txn_00825,user_051,3899.06,USD,LuxuryStore,NG,2026-01-04T19:55:14.710930
txn_00826,user_195,98.71,USD,McDonalds,GB,2025-12-21T03:55:14.710933
txn_00827,user_162,36.08,USD,TravelHub,IN,2025-12-13T19:55:14.710936
txn_00828,user_199,57.73,USD,McDonalds,IN,2025-10-29T12:55:14.710940
txn_00829,user_264,4083.9,USD,Online Gaming Co,RU,2026-01-04T16:55:14.710944
txn_00830,user_424,33.22,USD,TravelHub,US,2025-11-18T08:55:14.710947
txn_00831,user_426,51.77,USD,Uber,US,2025-11-09T15:55:14.710950
txn_00832,user_237,4003.33,USD,LuxuryStore,NG,2026-01-04T10:55:14.710953
txn_00833,user_157,84.37,USD,Local Grocery,GB,2025-11-07T21:55:14.710956
txn_00834,user_103,77.5,USD,Netflix,US,2025-11-28T22:55:14.710960
txn_00835,user_397,81.08,USD,Netflix,US,2025-11-01T21:55:14.710963
txn_00836,user_474,31.15,USD,Software Store,IN,2025-10-08T21:55:14.710966
txn_00837,user_484,27.92,USD,Starbucks,GB,2025-11-20T13:55:14.710970
txn_00838,user_103,31.04,USD,Netflix,US,2025-12-25T05:55:14.710974
txn_00839,user_103,73.77,USD,Electronics Hub,IN,2025-10-24T22:55:14.710977
txn_00840,user_228,43.42,USD,TravelHub,US,2025-12-21T05:55:14.710980
txn_00841,user_055,69.41,USD,McDonalds,GB,2025-10-29T11:55:14.710984
txn_00842,user_281,27.43,USD,Starbucks,US,2025-10-21T00:55:14.710987
txn_00843,user_341,12.03,USD,Starbucks,US,2025-12-20T03:55:14.710990
txn_00844,user_094,15.32,USD,Spotify,US,2026-01-01T07:55:14.710994
txn_00845,user_148,18.13,USD,McDonalds,IN,2025-12-23T05:55:14.710997
txn_00846,user_387,24.75,USD,Netflix,GB,2025-11-05T19:55:14.711000
txn_00847,user_195,18.71,USD,Uber,IN,2025-11-09T00:55:14.711003
txn_00848,user_426,4723.98,USD,QuickLoans,BR,2026-01-03T18:55:14.711008
txn_00849,user_495,3520.31,USD,AdultWorld,CN,2026-01-03T09:55:14.711011
txn_00850,user_333,16.33,USD,Software Store,US,2025-10-29T07:55:14.711016
txn_00851,user_321,11.94,USD,Amazon,GB,2025-11-18T13:55:14.711019
txn_00852,user_312,44.79,USD,Spotify,US,2025-10-24T16:55:14.711022
txn_00853,user_379,91.12,USD,Uber,GB,2025-10-19T21:55:14.711026
txn_00854,user_297,20.66,USD,McDonalds,IN,2025-11-12T10:55:14.711029
txn_00855,user_471,70.56,USD,Starbucks,IN,2025-12-23T18:55:14.711033
txn_00856,user_435,21.16,USD,Amazon,IN,2025-11-20T08:55:14.711037
txn_00857,user_486,67.09,USD,Amazon,GB,2025-10-07T15:55:14.711041
txn_00858,user_294,26.91,USD,Electronics Hub,GB,2025-12-31T12:55:14.711045
txn_00859,user_443,46.53,USD,Local Grocery,US,2025-10-30T06:55:14.711048
txn_00860,user_369,83.15,USD,Local Grocery,IN,2026-01-04T00:55:14.711051
txn_00861,user_438,23.75,USD,Starbucks,GB,2025-10-27T20:55:14.711056
txn_00862,user_265,68.32,USD,TravelHub,GB,2025-12-12T16:55:14.711059
txn_00863,user_384,49.48,USD,Software Store,IN,2025-11-24T02:55:14.711062
txn_00864,user_144,24.71,USD,Spotify,IN,2025-10-28T03:55:14.711066
txn_00865,user_389,7.67,USD,Amazon,US,2025-12-04T22:55:14.711069
txn_00866,user_256,855.97,USD,AdultWorld,RU,2026-01-04T12:55:14.711072
txn_00867,user_135,68.82,USD,Amazon,IN,2025-11-12T09:55:14.711075
txn_00868,user_327,82.68,USD,Netflix,GB,2025-11-08T14:55:14.711081
txn_00869,user_395,37.44,USD,Electronics Hub,IN,2025-11-08T10:55:14.711084
txn_00870,user_282,3256.05,USD,LuxuryStore,RU,2026-01-03T19:55:14.711087
txn_00871,user_284,77.85,USD,McDonalds,IN,2025-10-09T21:55:14.711091
txn_00872,user_284,94.16,USD,Spotify,GB,2025-11-02T08:55:14.711094
txn_00873,user_462,26.13,USD,TravelHub,GB,2025-12-18T22:55:14.711097
txn_00874,user_100,52.74,USD,Electronics Hub,IN,2025-12-24T00:55:14.711100
txn_00875,user_474,60.07,USD,Spotify,IN,2025-12-31T19:55:14.711103
txn_00876,user_327,29.64,USD,Starbucks,GB,2025-11-23T17:55:14.711107
txn_00877,user_184,56.66,USD,TravelHub,US,2026-01-01T04:55:14.711110
txn_00878,user_500,58.18,USD,TravelHub,US,2025-12-14T11:55:14.711113
txn_00879,user_281,27.17,USD,Amazon,GB,2025-10-30T09:55:14.711116
txn_00880,user_193,65.96,USD,Amazon,IN,2025-11-13T08:55:14.711120
txn_00881,user_384,69.84,USD,McDonalds,GB,2025-12-14T10:55:14.711123
txn_00882,user_334,72.13,USD,Amazon,IN,2025-12-17T03:55:14.711126
txn_00883,user_301,82.44,USD,Software Store,IN,2025-12-25T06:55:14.711129
txn_00884,user_453,2643.28,USD,LuxuryStore,BR,2026-01-03T10:55:14.711132
txn_00885,user_034,1238.64,USD,LuxuryStore,BR,2026-01-03T10:55:14.711135
txn_00886,user_214,14.79,USD,Netflix,GB,2025-10-29T16:55:14.711138
txn_00887,user_308,66.5,USD,TravelHub,GB,2025-12-31T02:55:14.711143
txn_00888,user_449,42.05,USD,Software Store,GB,2025-10-09T13:55:14.711148
txn_00889,user_046,32.5,USD,Local Grocery,US,2025-12-08T07:55:14.711152
txn_00890,user_283,75.62,USD,McDonalds,IN,2025-11-17T07:55:14.711155
txn_00891,user_395,2447.14,USD,QuickLoans,BR,2026-01-03T17:55:14.711158
txn_00892,user_087,66.38,USD,Netflix,IN,2025-11-11T05:55:14.711161
txn_00893,user_072,83.1,USD,McDonalds,IN,2026-01-01T08:55:14.711165
txn_00894,user_401,67.59,USD,Spotify,GB,2025-11-20T02:55:14.711168
txn_00895,user_258,86.04,USD,Spotify,IN,2026-01-02T04:55:14.711171
txn_00896,user_029,857.14,USD,AdultWorld,RU,2026-01-04T09:55:14.711174
txn_00897,user_069,10.75,USD,Electronics Hub,GB,2025-12-22T01:55:14.711177
txn_00898,user_423,46.15,USD,TravelHub,US,2025-12-20T01:55:14.711180
txn_00899,user_316,4227.13,USD,Online Gaming Co,BR,2026-01-05T04:55:14.711183
txn_00900,user_281,2021.73,USD,QuickLoans,BR,2026-01-04T14:55:14.711582
txn_00901,user_282,62.71,USD,Amazon,GB,2025-12-21T19:55:14.711588
txn_00902,user_278,26.05,USD,Software Store,IN,2025-11-30T08:55:14.711592
txn_00903,user_105,28.25,USD,Local Grocery,GB,2025-10-23T17:55:14.711596
txn_00904,user_434,8.53,USD,Starbucks,GB,2025-12-30T09:55:14.711599
txn_00905,user_180,23.32,USD,Spotify,GB,2025-12-27T06:55:14.711602
txn_00906,user_221,34.73,USD,Local Grocery,US,2025-10-07T12:55:14.711606
txn_00907,user_201,58.76,USD,Local Grocery,IN,2025-11-09T16:55:14.711609
txn_00908,user_027,18.7,USD,Electronics Hub,IN,2025-12-23T07:55:14.711612
txn_00909,user_280,10.77,USD,Local Grocery,IN,2025-11-22T04:55:14.711615
txn_00910,user_264,25.79,USD,Uber,GB,2025-11-08T11:55:14.711621
txn_00911,user_401,16.97,USD,Software Store,GB,2025-10-20T13:55:14.711625
txn_00912,user_451,39.31,USD,Amazon,US,2025-11-17T14:55:14.711628
txn_00913,user_202,4390.78,USD,QuickLoans,NG,2026-01-03T13:55:14.711631
txn_00914,user_343,49.92,USD,Amazon,IN,2025-11-01T02:55:14.711634
txn_00915,user_402,81.26,USD,Spotify,US,2025-10-19T08:55:14.711638
txn_00916,user_395,2701.76,USD,QuickLoans,CN,2026-01-05T02:55:14.711641
txn_00917,user_214,53.61,USD,Software Store,IN,2025-12-28T15:55:14.711644
txn_00918,user_409,2157.42,USD,QuickLoans,NG,2026-01-04T22:55:14.711647
txn_00919,user_265,5.89,USD,McDonalds,US,2025-11-18T20:55:14.711651
txn_00920,user_488,78.4,USD,Local Grocery,GB,2025-11-16T06:55:14.711654
txn_00921,user_381,59.9,USD,Amazon,US,2025-10-23T21:55:14.711657
txn_00922,user_440,40.01,USD,TravelHub,IN,2025-10-07T21:55:14.711660
txn_00923,user_138,64.86,USD,Electronics Hub,US,2025-11-08T02:55:14.711664
txn_00924,user_475,98.05,USD,Electronics Hub,GB,2025-10-11T20:55:14.711667
txn_00925,user_248,67.53,USD,Starbucks,GB,2025-11-12T11:55:14.711670
txn_00926,user_375,21.03,USD,Amazon,GB,2025-11-26T23:55:14.711674
txn_00927,user_002,69.02,USD,Software Store,GB,2025-11-27T16:55:14.711677
txn_00928,user_305,26.37,USD,Spotify,US,2025-12-05T15:55:14.711680
txn_00929,user_074,93.48,USD,Starbucks,US,2026-01-02T09:55:14.711685
txn_00930,user_101,17.52,USD,TravelHub,GB,2026-01-02T10:55:14.711688
txn_00931,user_162,23.96,USD,Uber,IN,2025-11-12T00:55:14.711691
txn_00932,user_142,25.48,USD,Netflix,IN,2025-11-20T03:55:14.711694
txn_00933,user_315,34.68,USD,Spotify,GB,2025-12-08T01:55:14.711698
txn_00934,user_346,22.73,USD,Netflix,IN,2026-01-02T13:55:14.711701
txn_00935,user_002,41.36,USD,Local Grocery,IN,2025-11-20T21:55:14.711705
txn_00936,user_486,83.41,USD,TravelHub,US,2025-12-20T05:55:14.711709
txn_00937,user_378,56.97,USD,Electronics Hub,US,2025-11-29T22:55:14.711712
txn_00938,user_005,4722.71,USD,Online Gaming Co,RU,2026-01-04T11:55:14.711715
txn_00939,user_274,56.86,USD,Netflix,IN,2025-12-30T06:55:14.711719
txn_00940,user_100,49.27,USD,McDonalds,US,2025-10-15T01:55:14.711722
txn_00941,user_219,1512.08,USD,AdultWorld,NG,2026-01-04T14:55:14.711725
txn_00942,user_103,44.29,USD,Amazon,IN,2025-10-06T20:55:14.711728
txn_00943,user_189,4560.33,USD,Online Gaming Co,RU,2026-01-05T09:55:14.711731
txn_00944,user_307,97.76,USD,TravelHub,GB,2025-11-25T11:55:14.711734
txn_00945,user_265,85.38,USD,Uber,GB,2025-10-26T09:55:14.711738
txn_00946,user_472,3587.3,USD,Online Gaming Co,NG,2026-01-03T23:55:14.711741
txn_00947,user_088,21.66,USD,TravelHub,US,2025-12-28T18:55:14.711744
txn_00948,user_405,74.82,USD,TravelHub,GB,2026-01-02T21:55:14.711747
txn_00949,user_423,28.45,USD,Spotify,GB,2025-12-24T07:55:14.711752
txn_00950,user_038,44.07,USD,Spotify,GB,2025-12-01T16:55:14.711755
txn_00951,user_326,2066.48,USD,Online Gaming Co,RU,2026-01-04T19:55:14.711758
txn_00952,user_227,39.47,USD,Electronics Hub,US,2025-12-10T08:55:14.711763
txn_00953,user_109,4165.1,USD,LuxuryStore,NG,2026-01-05T01:55:14.711767
txn_00954,user_122,63.89,USD,Amazon,US,2025-11-08T09:55:14.711770
txn_00955,user_147,52.3,USD,Electronics Hub,US,2025-10-08T09:55:14.711773
txn_00956,user_065,81.06,USD,McDonalds,US,2025-10-13T12:55:14.711777
txn_00957,user_471,50.42,USD,TravelHub,US,2025-12-15T04:55:14.711780
txn_00958,user_443,53.72,USD,Netflix,GB,2026-01-02T21:55:14.711783
txn_00959,user_295,52.5,USD,Electronics Hub,US,2025-12-04T16:55:14.711786
txn_00960,user_308,59.29,USD,Software Store,GB,2025-12-31T07:55:14.711790
txn_00961,user_295,55.45,USD,Spotify,US,2025-11-15T05:55:14.711793
txn_00962,user_370,78.9,USD,Uber,GB,2025-12-31T21:55:14.711796
txn_00963,user_158,13.68,USD,Software Store,GB,2025-10-07T00:55:14.711799
txn_00964,user_108,40.21,USD,Electronics Hub,US,2025-11-15T04:55:14.711803
txn_00965,user_018,5.94,USD,TravelHub,IN,2025-12-02T05:55:14.711806
txn_00966,user_124,91.44,USD,Electronics Hub,GB,2025-10-25T17:55:14.711809
txn_00967,user_048,90.2,USD,Uber,GB,2025-10-24T14:55:14.711814
txn_00968,user_186,58.34,USD,Software Store,IN,2025-12-04T15:55:14.711818
txn_00969,user_110,26.92,USD,Starbucks,GB,2025-10-10T03:55:14.711821
txn_00970,user_323,28.83,USD,Netflix,GB,2025-12-10T16:55:14.711824
txn_00971,user_281,79.08,USD,Software Store,US,2025-10-26T13:55:14.711828
txn_00972,user_340,23.3,USD,Software Store,US,2025-11-27T23:55:14.711831
txn_00973,user_371,85.88,USD,Uber,GB,2025-10-12T19:55:14.711834
txn_00974,user_321,3688.64,USD,AdultWorld,CN,2026-01-03T21:55:14.711837
txn_00975,user_270,31.58,USD,McDonalds,GB,2025-12-15T14:55:14.711840
txn_00976,user_022,40.42,USD,Local Grocery,US,2025-12-20T16:55:14.711844
txn_00977,user_050,6.33,USD,Starbucks,IN,2025-12-02T06:55:14.711847
txn_00978,user_301,4459.8,USD,AdultWorld,CN,2026-01-05T00:55:14.711850
txn_00979,user_449,69.03,USD,Software Store,US,2025-12-04T15:55:14.711853
txn_00980,user_105,39.07,USD,Software Store,US,2025-12-04T13:55:14.711857
txn_00981,user_139,94.17,USD,Spotify,US,2025-10-21T11:55:14.711861
txn_00982,user_214,95.23,USD,Spotify,US,2025-10-17T22:55:14.711864
txn_00983,user_405,88.16,USD,Software Store,IN,2025-12-28T02:55:14.711867
txn_00984,user_174,56.68,USD,Software Store,GB,2025-12-13T06:55:14.711871
txn_00985,user_010,27.42,USD,TravelHub,US,2025-11-10T06:55:14.711874
txn_00986,user_369,15.95,USD,Local Grocery,GB,2025-11-05T13:55:14.711877
txn_00987,user_319,58.61,USD,Amazon,US,2025-10-26T16:55:14.711881
txn_00988,user_015,35.86,USD,Amazon,IN,2025-10-08T09:55:14.711885
txn_00989,user_113,17.46,USD,Software Store,GB,2025-10-10T04:55:14.711888
txn_00990,user_417,97.61,USD,Local Grocery,US,2025-10-12T04:55:14.711892
txn_00991,user_331,56.77,USD,TravelHub,GB,2025-11-12T08:55:14.711895
txn_00992,user_444,4918.09,USD,Online Gaming Co,BR,2026-01-04T14:55:14.711898
txn_00993,user_049,42.8,USD,Uber,GB,2025-12-03T06:55:14.711901
txn_00994,user_040,3909.05,USD,AdultWorld,NG,2026-01-04T05:55:14.711904
txn_00995,user_208,46.99,USD,Amazon,GB,2025-11-07T14:55:14.711908
txn_00996,user_256,52.08,USD,Starbucks,GB,2025-11-02T05:55:14.711911
txn_00997,user_203,31.27,USD,Amazon,GB,2025-11-26T10:55:14.711914
txn_00998,user_186,52.64,USD,Amazon,GB,2025-12-17T08:55:14.711917
txn_00999,user_339,59.41,USD,Electronics Hub,IN,2025-11-23T08:55:14.711922
txn_01000,user_229,64.53,USD,McDonalds,US,2025-10-24T12:55:14.711925
txn_01001,user_189,8.18,USD,Uber,US,2025-11-18T06:55:14.711928
txn_01002,user_342,59.11,USD,Amazon,IN,2025-12-16T17:55:14.711933
txn_01003,user_410,67.05,USD,Software Store,US,2025-10-29T04:55:14.711937
txn_01004,user_330,50.48,USD,Software Store,GB,2025-10-28T18:55:14.711940
txn_01005,user_451,96.5,USD,Spotify,GB,2025-12-03T06:55:14.711943
txn_01006,user_442,58.16,USD,Local Grocery,US,2025-10-22T02:55:14.711946
txn_01007,user_495,12.76,USD,Uber,US,2025-11-19T04:55:14.711951
txn_01008,user_404,45.47,USD,Local Grocery,IN,2025-12-06T06:55:14.711954
txn_01009,user_211,53.35,USD,Electronics Hub,GB,2025-12-29T02:55:14.711957
txn_01010,user_298,87.15,USD,Software Store,US,2025-12-01T01:55:14.711960
txn_01011,user_178,72.98,USD,TravelHub,IN,2025-10-20T15:55:14.711963
txn_01012,user_448,31.05,USD,Amazon,GB,2025-10-07T16:55:14.711967
txn_01013,user_295,58.36,USD,Local Grocery,GB,2025-11-18T02:55:14.711970
txn_01014,user_498,38.25,USD,Starbucks,GB,2025-10-28T05:55:14.711974
txn_01015,user_486,3563.52,USD,Online Gaming Co,NG,2026-01-03T13:55:14.711977
txn_01016,user_109,14.93,USD,Netflix,GB,2025-12-21T01:55:14.711980
txn_01017,user_455,51.85,USD,Spotify,IN,2025-10-19T11:55:14.711984
txn_01018,user_492,62.69,USD,Local Grocery,US,2025-11-08T19:55:14.711987
txn_01019,user_133,585.1,USD,AdultWorld,CN,2026-01-05T03:55:14.711990
txn_01020,user_039,60.83,USD,Spotify,IN,2025-11-27T12:55:14.711993
txn_01021,user_480,85.16,USD,Spotify,GB,2025-10-31T01:55:14.711997
txn_01022,user_388,61.45,USD,TravelHub,US,2025-11-15T11:55:14.712000
txn_01023,user_073,62.72,USD,TravelHub,GB,2025-10-30T00:55:14.712004
txn_01024,user_255,77.07,USD,Netflix,US,2025-11-27T19:55:14.712007
txn_01025,user_057,91.78,USD,McDonalds,GB,2025-11-15T00:55:14.712010
txn_01026,user_407,76.25,USD,Amazon,GB,2025-11-27T15:55:14.712013
txn_01027,user_026,37.53,USD,TravelHub,GB,2025-12-30T17:55:14.712018
txn_01028,user_355,53.45,USD,Software Store,IN,2025-11-18T11:55:14.712021
txn_01029,user_234,98.12,USD,Electronics Hub,GB,2025-12-24T20:55:14.712024
txn_01030,user_469,75.41,USD,TravelHub,US,2025-10-20T08:55:14.712028
txn_01031,user_453,60.12,USD,Netflix,US,2025-12-26T18:55:14.712032
txn_01032,user_164,41.67,USD,Electronics Hub,US,2025-12-25T06:55:14.712035
txn_01033,user_207,4940.58,USD,LuxuryStore,BR,2026-01-04T22:55:14.712039
txn_01034,user_298,43.54,USD,Software Store,US,2025-11-14T05:55:14.712042
txn_01035,user_099,24.75,USD,Netflix,US,2025-12-14T19:55:14.712045
txn_01036,user_416,3772.84,USD,QuickLoans,NG,2026-01-04T16:55:14.712048
txn_01037,user_306,72.95,USD,Spotify,IN,2025-10-19T09:55:14.712051
txn_01038,user_240,37.17,USD,Local Grocery,IN,2025-11-29T06:55:14.712055
txn_01039,user_287,4910.54,USD,LuxuryStore,CN,2026-01-04T13:55:14.712058
txn_01040,user_202,95.84,USD,Amazon,US,2025-10-09T13:55:14.712061
txn_01041,user_409,21.1,USD,Amazon,GB,2025-11-04T09:55:14.712065
txn_01042,user_324,45.46,USD,Software Store,GB,2025-10-15T19:55:14.712068
txn_01043,user_373,76.19,USD,Uber,IN,2026-01-02T18:55:14.712071
txn_01044,user_255,27.17,USD,Spotify,GB,2025-10-15T01:55:14.712074
txn_01045,user_337,4462.96,USD,Exotic Jewelry,BR,2026-01-04T17:55:14.712077
txn_01046,user_320,44.84,USD,McDonalds,IN,2026-01-03T10:55:14.712082
txn_01047,user_199,22.83,USD,McDonalds,IN,2025-12-28T21:55:14.712085
txn_01048,user_461,21.66,USD,McDonalds,IN,2025-12-14T18:55:14.712088
txn_01049,user_190,2918.26,USD,AdultWorld,BR,2026-01-05T08:55:14.712092
txn_01050,user_390,87.98,USD,Starbucks,IN,2025-12-26T15:55:14.712095
txn_01051,user_363,3741.42,USD,QuickLoans,CN,2026-01-03T14:55:14.712098
txn_01052,user_061,40.07,USD,Uber,GB,2025-12-09T08:55:14.712101
txn_01053,user_210,97.92,USD,McDonalds,IN,2025-11-11T02:55:14.712106
txn_01054,user_374,4824.24,USD,LuxuryStore,NG,2026-01-05T07:55:14.712109
txn_01055,user_414,65.98,USD,Electronics Hub,GB,2026-01-01T15:55:14.712112
txn_01056,user_352,1550.22,USD,Exotic Jewelry,CN,2026-01-05T00:55:14.712115
txn_01057,user_282,21.53,USD,TravelHub,GB,2025-11-25T23:55:14.712118
txn_01058,user_472,89.34,USD,Netflix,GB,2025-11-26T11:55:14.712122
txn_01059,user_219,18.15,USD,Electronics Hub,GB,2025-10-30T17:55:14.712125
txn_01060,user_419,13.73,USD,Uber,IN,2025-11-23T21:55:14.712128
txn_01061,user_109,14.21,USD,Amazon,US,2025-11-19T01:55:14.712132
txn_01062,user_412,57.45,USD,Spotify,IN,2025-11-28T08:55:14.712142
txn_01063,user_274,74.29,USD,McDonalds,IN,2025-12-12T09:55:14.712147
txn_01064,user_420,15.07,USD,Software Store,GB,2025-10-13T12:55:14.712150
txn_01065,user_097,66.91,USD,Local Grocery,US,2025-12-20T23:55:14.712154
txn_01066,user_331,55.37,USD,Amazon,IN,2025-12-18T08:55:14.712158
txn_01067,user_277,88.32,USD,Electronics Hub,GB,2025-12-29T08:55:14.712161
txn_01068,user_099,8.88,USD,Electronics Hub,IN,2025-11-07T10:55:14.712165
txn_01069,user_342,99.23,USD,Starbucks,US,2025-11-03T13:55:14.712168
txn_01070,user_380,25.67,USD,Electronics Hub,US,2025-10-24T09:55:14.712172
txn_01071,user_170,57.87,USD,Amazon,US,2025-10-11T14:55:14.712175
txn_01072,user_313,53.38,USD,Amazon,GB,2025-11-09T06:55:14.712178
txn_01073,user_198,29.59,USD,Local Grocery,GB,2025-12-29T04:55:14.712182
txn_01074,user_319,4953.64,USD,QuickLoans,BR,2026-01-04T03:55:14.712185
txn_01075,user_496,74.7,USD,McDonalds,IN,2025-10-15T05:55:14.712188
txn_01076,user_175,77.76,USD,Uber,GB,2025-11-12T18:55:14.712191
txn_01077,user_484,1032.51,USD,Online Gaming Co,NG,2026-01-04T04:55:14.712194
txn_01078,user_343,3779.17,USD,QuickLoans,RU,2026-01-03T11:55:14.712197
txn_01079,user_458,41.45,USD,TravelHub,US,2025-12-20T04:55:14.712201
txn_01080,user_344,72.19,USD,Spotify,US,2025-10-10T09:55:14.712204
txn_01081,user_465,13.16,USD,Amazon,US,2025-12-10T11:55:14.712207
txn_01082,user_007,49.77,USD,Software Store,US,2025-11-30T21:55:14.712211
txn_01083,user_205,49.94,USD,Netflix,US,2025-11-29T22:55:14.712214
txn_01084,user_346,94.98,USD,Local Grocery,US,2025-12-19T15:55:14.712217
txn_01085,user_005,33.57,USD,Spotify,US,2025-11-07T13:55:14.712221
txn_01086,user_129,71.06,USD,Uber,US,2025-11-07T08:55:14.712225
txn_01087,user_014,65.34,USD,Amazon,US,2025-12-30T20:55:14.712228
txn_01088,user_243,81.41,USD,Spotify,GB,2025-10-18T07:55:14.712231
txn_01089,user_373,43.11,USD,Software Store,IN,2025-11-23T03:55:14.712235
txn_01090,user_489,28.61,USD,Starbucks,US,2025-11-07T06:55:14.712238
txn_01091,user_246,52.22,USD,McDonalds,US,2025-11-24T23:55:14.712241
txn_01092,user_430,80.16,USD,Electronics Hub,GB,2025-12-07T14:55:14.712244
txn_01093,user_283,9.05,USD,Spotify,GB,2025-12-24T00:55:14.712248
txn_01094,user_156,1385.96,USD,Exotic Jewelry,RU,2026-01-04T10:55:14.712251
txn_01095,user_333,7.64,USD,Starbucks,US,2026-01-05T02:55:14.712255
txn_01096,user_066,45.51,USD,Starbucks,IN,2025-10-15T05:55:14.712259
txn_01097,user_393,48.41,USD,Starbucks,GB,2025-11-17T14:55:14.712262
txn_01098,user_433,3561.7,USD,Online Gaming Co,RU,2026-01-04T23:55:14.712265
txn_01099,user_261,61.52,USD,Uber,IN,2025-10-15T10:55:14.712269
txn_01100,user_499,1132.73,USD,Exotic Jewelry,NG,2026-01-03T12:55:14.712272
txn_01101,user_274,32.78,USD,Starbucks,GB,2025-12-26T02:55:14.712275
txn_01102,user_027,7.14,USD,McDonalds,GB,2025-12-27T20:55:14.712280
txn_01103,user_274,12.11,USD,Netflix,IN,2025-11-15T00:55:14.712283
txn_01104,user_171,4117.85,USD,QuickLoans,RU,2026-01-03T13:55:14.712286
txn_01105,user_478,59.39,USD,Starbucks,IN,2025-12-24T05:55:14.712292
txn_01106,user_236,4787.06,USD,Online Gaming Co,CN,2026-01-05T07:55:14.712295
txn_01107,user_460,20.65,USD,Electronics Hub,IN,2025-12-13T02:55:14.712299
txn_01108,user_056,921.86,USD,LuxuryStore,CN,2026-01-05T08:55:14.712302
txn_01109,user_458,99.28,USD,McDonalds,IN,2025-11-13T09:55:14.712305
txn_01110,user_277,9.03,USD,Software Store,IN,2025-11-17T09:55:14.712310
txn_01111,user_221,91.93,USD,Amazon,IN,2025-11-22T19:55:14.712313
txn_01112,user_377,52.99,USD,Electronics Hub,GB,2025-12-21T21:55:14.712316
txn_01113,user_458,82.25,USD,Uber,GB,2025-10-07T07:55:14.712320
txn_01114,user_484,1501.52,USD,AdultWorld,BR,2026-01-04T19:55:14.712323
txn_01115,user_225,27.84,USD,Netflix,US,2025-11-15T04:55:14.712326
txn_01116,user_111,26.28,USD,McDonalds,US,2026-01-01T22:55:14.712330
txn_01117,user_292,86.11,USD,Starbucks,GB,2025-12-04T21:55:14.712333
txn_01118,user_146,66.99,USD,Uber,US,2025-12-19T14:55:14.712336
txn_01119,user_320,18.57,USD,Netflix,US,2025-11-30T03:55:14.712340
txn_01120,user_140,7.92,USD,Electronics Hub,US,2025-11-18T11:55:14.712343
txn_01121,user_432,78.06,USD,TravelHub,US,2025-12-31T05:55:14.712347
txn_01122,user_165,80.1,USD,Starbucks,GB,2025-11-12T03:55:14.712350
txn_01123,user_353,73.48,USD,Electronics Hub,US,2025-10-14T17:55:14.712354
txn_01124,user_033,39.61,USD,Netflix,GB,2025-11-09T11:55:14.712358
txn_01125,user_011,19.15,USD,Electronics Hub,GB,2025-11-18T15:55:14.712362
txn_01126,user_143,27.32,USD,Software Store,US,2025-11-17T11:55:14.712365
txn_01127,user_208,10.34,USD,Electronics Hub,US,2025-11-19T03:55:14.712370
txn_01128,user_445,96.17,USD,TravelHub,IN,2025-10-11T14:55:14.712373
txn_01129,user_072,56.57,USD,TravelHub,IN,2025-10-24T15:55:14.712377
txn_01130,user_451,5.2,USD,Software Store,IN,2025-10-06T23:55:14.712380
txn_01131,user_334,95.42,USD,Electronics Hub,GB,2025-10-24T14:55:14.712383
txn_01132,user_128,78.08,USD,Local Grocery,IN,2025-10-16T10:55:14.712386
txn_01133,user_220,4857.47,USD,Online Gaming Co,BR,2026-01-03T15:55:14.712389
txn_01134,user_026,97.69,USD,McDonalds,US,2025-12-31T01:55:14.712393
txn_01135,user_440,61.7,USD,Spotify,GB,2025-11-01T22:55:14.712396
txn_01136,user_008,987.36,USD,LuxuryStore,BR,2026-01-04T04:55:14.712399
txn_01137,user_452,65.9,USD,Starbucks,US,2025-10-26T22:55:14.712402
txn_01138,user_395,2822.15,USD,Exotic Jewelry,NG,2026-01-03T18:55:14.712405
txn_01139,user_163,99.09,USD,Starbucks,US,2025-11-13T14:55:14.712409
txn_01140,user_322,95.82,USD,TravelHub,US,2025-11-30T00:55:14.712412
txn_01141,user_467,3131.37,USD,LuxuryStore,RU,2026-01-04T08:55:14.712415
txn_01142,user_380,85.7,USD,Electronics Hub,GB,2025-10-28T14:55:14.712418
txn_01143,user_410,92.95,USD,Local Grocery,IN,2025-12-17T22:55:14.712422
txn_01144,user_116,44.95,USD,Electronics Hub,US,2025-11-13T05:55:14.712426
txn_01145,user_231,35.97,USD,Amazon,GB,2025-10-10T20:55:14.712429
txn_01146,user_136,76.46,USD,Spotify,US,2025-12-07T04:55:14.712433
txn_01147,user_378,77.65,USD,McDonalds,US,2025-11-30T18:55:14.712436
txn_01148,user_393,26.92,USD,Spotify,IN,2025-12-20T21:55:14.712439
txn_01149,user_433,33.7,USD,Netflix,IN,2025-10-25T22:55:14.712443
txn_01150,user_439,71.4,USD,Starbucks,US,2025-11-08T15:55:14.712446
txn_01151,user_470,96.47,USD,Local Grocery,IN,2025-11-20T02:55:14.712449
txn_01152,user_325,99.79,USD,Spotify,IN,2025-10-16T22:55:14.712453
txn_01153,user_218,637.24,USD,LuxuryStore,RU,2026-01-03T15:55:14.712456
txn_01154,user_312,46.25,USD,Software Store,US,2025-12-30T16:55:14.712459
txn_01155,user_191,75.83,USD,McDonalds,IN,2025-12-13T10:55:14.712462
txn_01156,user_076,6.31,USD,Local Grocery,US,2025-11-04T08:55:14.712469
txn_01157,user_228,88.72,USD,McDonalds,GB,2025-12-30T19:55:14.712473
txn_01158,user_417,12.45,USD,Amazon,US,2025-10-17T02:55:14.712477
txn_01159,user_182,39.81,USD,Software Store,US,2025-11-01T14:55:14.712481
txn_01160,user_493,4476.62,USD,Exotic Jewelry,RU,2026-01-04T16:55:14.712484
txn_01161,user_244,38.29,USD,Local Grocery,US,2025-11-19T16:55:14.712488
txn_01162,user_180,96.17,USD,Uber,GB,2025-12-06T19:55:14.712491
txn_01163,user_079,14.86,USD,Software Store,IN,2025-10-07T01:55:14.712496
txn_01164,user_366,84.6,USD,McDonalds,US,2025-10-30T04:55:14.712499
txn_01165,user_320,55.19,USD,Starbucks,US,2025-12-18T08:55:14.712503
txn_01166,user_490,94.28,USD,TravelHub,US,2025-11-17T08:55:14.712506
txn_01167,user_167,46.7,USD,McDonalds,GB,2025-12-02T14:55:14.712509
txn_01168,user_166,8.09,USD,Software Store,IN,2025-11-20T23:55:14.712513
txn_01169,user_048,98.73,USD,Starbucks,GB,2025-10-27T21:55:14.712516
txn_01170,user_183,25.33,USD,Netflix,GB,2025-11-26T00:55:14.712519
txn_01171,user_461,38.11,USD,Starbucks,GB,2025-11-23T21:55:14.712523
txn_01172,user_289,47.67,USD,Electronics Hub,US,2025-11-22T10:55:14.712526
txn_01173,user_320,13.62,USD,Local Grocery,US,2025-10-23T06:55:14.712529
txn_01174,user_434,77.68,USD,Software Store,IN,2025-11-06T13:55:14.712533
txn_01175,user_106,75.95,USD,Local Grocery,GB,2025-10-24T21:55:14.712536
txn_01176,user_259,94.73,USD,Software Store,GB,2025-11-27T22:55:14.712539
txn_01177,user_262,60.76,USD,Software Store,US,2025-12-31T17:55:14.712542
txn_01178,user_351,20.71,USD,Software Store,GB,2025-11-01T02:55:14.712546
txn_01179,user_150,78.82,USD,Amazon,US,2025-12-13T16:55:14.712549
txn_01180,user_121,40.99,USD,TravelHub,GB,2025-11-13T04:55:14.712552
txn_01181,user_144,36.63,USD,Starbucks,IN,2025-10-14T01:55:14.712555
txn_01182,user_020,1663.21,USD,LuxuryStore,NG,2026-01-03T15:55:14.712559
txn_01183,user_282,55.02,USD,Local Grocery,US,2025-10-16T01:55:14.712563
txn_01184,user_407,13.0,USD,Amazon,IN,2025-11-21T23:55:14.712569
txn_01185,user_273,87.83,USD,Software Store,US,2025-10-12T16:55:14.712573
txn_01186,user_212,37.9,USD,Electronics Hub,GB,2025-12-12T01:55:14.712576
txn_01187,user_355,4018.1,USD,Exotic Jewelry,CN,2026-01-05T08:55:14.712579
txn_01188,user_399,891.06,USD,QuickLoans,CN,2026-01-05T00:55:14.712582
txn_01189,user_250,86.56,USD,TravelHub,US,2025-11-01T00:55:14.712586
txn_01190,user_041,61.64,USD,Starbucks,US,2025-11-29T14:55:14.712590
txn_01191,user_487,23.28,USD,Software Store,GB,2025-11-16T22:55:14.712594
txn_01192,user_460,47.74,USD,McDonalds,US,2025-11-15T17:55:14.712597
txn_01193,user_364,83.63,USD,Amazon,IN,2025-10-11T14:55:14.712600
txn_01194,user_229,23.59,USD,Local Grocery,GB,2025-12-23T08:55:14.712603
txn_01195,user_096,55.51,USD,McDonalds,IN,2025-10-06T21:55:14.712607
txn_01196,user_249,75.75,USD,McDonalds,IN,2025-10-26T06:55:14.712610
txn_01197,user_258,2861.28,USD,Exotic Jewelry,BR,2026-01-04T12:55:14.712613
txn_01198,user_386,62.15,USD,Amazon,IN,2025-12-07T23:55:14.712616
txn_01199,user_357,19.66,USD,Spotify,GB,2025-10-09T05:55:14.712620
txn_01200,user_336,1463.98,USD,Online Gaming Co,RU,2026-01-04T23:55:14.712623
txn_01201,user_064,88.97,USD,TravelHub,IN,2025-12-16T17:55:14.712627
txn_01202,user_384,56.42,USD,Amazon,US,2025-11-14T04:55:14.712631
txn_01203,user_024,52.4,USD,Electronics Hub,US,2025-11-05T12:55:14.712635
txn_01204,user_290,68.66,USD,Electronics Hub,IN,2025-10-17T10:55:14.712639
txn_01205,user_357,12.03,USD,Software Store,GB,2025-11-28T03:55:14.712642
txn_01206,user_378,75.44,USD,TravelHub,IN,2025-10-31T02:55:14.712647
txn_01207,user_077,16.46,USD,Starbucks,GB,2025-10-08T12:55:14.712651
txn_01208,user_492,93.07,USD,McDonalds,US,2025-12-01T15:55:14.712654
txn_01209,user_319,9.94,USD,Local Grocery,US,2025-12-13T23:55:14.712658
txn_01210,user_293,15.61,USD,Spotify,IN,2025-10-27T00:55:14.712662
txn_01211,user_083,49.61,USD,Netflix,GB,2025-10-12T01:55:14.712665
txn_01212,user_435,2344.47,USD,Online Gaming Co,RU,2026-01-03T12:55:14.712668
txn_01213,user_355,3832.09,USD,LuxuryStore,NG,2026-01-04T08:55:14.712671
txn_01214,user_207,3715.03,USD,Exotic Jewelry,CN,2026-01-03T20:55:14.712675
txn_01215,user_233,41.87,USD,Software Store,US,2025-12-30T12:55:14.712678
txn_01216,user_382,96.31,USD,Software Store,IN,2025-11-09T16:55:14.712682
txn_01217,user_201,80.37,USD,Uber,IN,2025-12-16T02:55:14.712685
txn_01218,user_322,15.14,USD,TravelHub,IN,2025-12-11T17:55:14.712689
txn_01219,user_359,85.95,USD,Starbucks,US,2025-11-22T22:55:14.712692
txn_01220,user_463,57.38,USD,Spotify,IN,2025-11-28T18:55:14.712696
txn_01221,user_385,81.63,USD,Amazon,IN,2025-12-14T07:55:14.712699
txn_01222,user_061,78.26,USD,Electronics Hub,GB,2025-11-07T19:55:14.712705
txn_01223,user_309,18.6,USD,McDonalds,IN,2025-12-26T02:55:14.712708
txn_01224,user_417,2497.62,USD,AdultWorld,CN,2026-01-04T06:55:14.712711
txn_01225,user_270,621.66,USD,QuickLoans,NG,2026-01-03T22:55:14.712714
txn_01226,user_311,82.94,USD,McDonalds,US,2025-12-06T10:55:14.712718
txn_01227,user_414,99.04,USD,Starbucks,IN,2025-11-14T10:55:14.712721
txn_01228,user_196,33.91,USD,Netflix,US,2025-10-24T15:55:14.712725
txn_01229,user_208,78.43,USD,Amazon,GB,2025-10-19T17:55:14.712728
txn_01230,user_402,89.54,USD,TravelHub,IN,2025-11-08T00:55:14.712732
txn_01231,user_409,59.75,USD,Netflix,IN,2025-11-09T17:55:14.712735
txn_01232,user_183,73.82,USD,Starbucks,US,2025-11-05T14:55:14.712738
txn_01233,user_484,18.24,USD,Local Grocery,US,2025-12-03T11:55:14.712742
txn_01234,user_406,56.97,USD,McDonalds,GB,2025-12-08T13:55:14.712746
txn_01235,user_080,14.97,USD,Local Grocery,GB,2025-11-02T10:55:14.712749
txn_01236,user_216,17.07,USD,Electronics Hub,GB,2025-12-20T15:55:14.712753
txn_01237,user_120,44.73,USD,Software Store,IN,2025-10-09T14:55:14.712758
txn_01238,user_206,2689.23,USD,AdultWorld,CN,2026-01-04T20:55:14.712762
txn_01239,user_368,17.82,USD,Local Grocery,IN,2025-11-21T05:55:14.712766
txn_01240,user_381,83.74,USD,Electronics Hub,GB,2025-11-06T03:55:14.712769
txn_01241,user_141,71.22,USD,Uber,IN,2025-12-12T20:55:14.712774
txn_01242,user_170,40.11,USD,TravelHub,GB,2025-12-03T22:55:14.712777
txn_01243,user_462,45.37,USD,McDonalds,GB,2025-11-19T19:55:14.712781
txn_01244,user_120,4504.4,USD,Exotic Jewelry,CN,2026-01-03T11:55:14.712784
txn_01245,user_491,35.75,USD,Amazon,GB,2025-11-02T01:55:14.712787
txn_01246,user_389,86.01,USD,Netflix,GB,2025-12-26T23:55:14.712790
txn_01247,user_387,18.56,USD,Amazon,IN,2025-11-19T09:55:14.712794
txn_01248,user_346,39.33,USD,Uber,IN,2025-10-10T20:55:14.712797
txn_01249,user_410,28.02,USD,Spotify,US,2025-10-14T12:55:14.712801
txn_01250,user_145,89.52,USD,Software Store,US,2025-11-05T14:55:14.712804
txn_01251,user_165,8.95,USD,Uber,GB,2025-10-30T06:55:14.712808
txn_01252,user_054,37.02,USD,Software Store,IN,2025-11-25T08:55:14.712811
txn_01253,user_331,24.56,USD,Software Store,US,2025-11-20T13:55:14.712814
txn_01254,user_056,61.0,USD,McDonalds,US,2025-10-06T12:55:14.712819
txn_01255,user_208,62.16,USD,Local Grocery,US,2025-12-10T11:55:14.712823
txn_01256,user_131,21.25,USD,Amazon,US,2025-10-11T15:55:14.712826
txn_01257,user_070,4366.77,USD,LuxuryStore,BR,2026-01-04T02:55:14.712830
txn_01258,user_351,44.63,USD,McDonalds,US,2025-11-20T08:55:14.712835
txn_01259,user_076,27.01,USD,Amazon,IN,2025-10-17T04:55:14.712838
txn_01260,user_300,76.32,USD,Amazon,GB,2025-10-22T12:55:14.712841
txn_01261,user_116,35.67,USD,Amazon,GB,2025-11-27T19:55:14.712846
txn_01262,user_393,3644.79,USD,AdultWorld,CN,2026-01-05T04:55:14.712849
txn_01263,user_435,76.05,USD,Starbucks,GB,2026-01-04T12:55:14.712853
txn_01264,user_413,31.55,USD,Starbucks,US,2026-01-04T14:55:14.712856
txn_01265,user_401,59.47,USD,Starbucks,US,2025-11-04T18:55:14.712860
txn_01266,user_077,69.88,USD,Uber,US,2025-10-25T03:55:14.712864
txn_01267,user_442,8.4,USD,TravelHub,GB,2025-12-31T04:55:14.712867
txn_01268,user_488,34.77,USD,Spotify,IN,2025-11-27T15:55:14.712871
txn_01269,user_439,839.18,USD,LuxuryStore,BR,2026-01-04T06:55:14.712874
txn_01270,user_384,58.44,USD,Uber,IN,2025-10-10T20:55:14.712877
txn_01271,user_439,76.74,USD,Uber,IN,2025-12-24T18:55:14.712880
txn_01272,user_301,56.47,USD,Local Grocery,US,2025-11-04T06:55:14.712884
txn_01273,user_165,2198.37,USD,Online Gaming Co,CN,2026-01-04T04:55:14.712887
txn_01274,user_145,68.39,USD,TravelHub,US,2025-12-02T12:55:14.712891
txn_01275,user_387,63.26,USD,TravelHub,IN,2026-01-01T05:55:14.712894
txn_01276,user_349,1963.65,USD,Exotic Jewelry,CN,2026-01-04T12:55:14.712897
txn_01277,user_212,80.06,USD,Starbucks,IN,2025-12-30T10:55:14.712901
txn_01278,user_077,4548.51,USD,QuickLoans,RU,2026-01-03T13:55:14.712904
txn_01279,user_002,4145.8,USD,AdultWorld,NG,2026-01-03T14:55:14.712907
txn_01280,user_067,89.08,USD,Starbucks,GB,2025-11-23T17:55:14.712912
txn_01281,user_434,95.73,USD,Uber,GB,2025-11-19T00:55:14.712915
txn_01282,user_013,12.18,USD,Starbucks,GB,2025-12-16T19:55:14.712919
txn_01283,user_096,64.08,USD,Amazon,US,2025-12-04T10:55:14.712922
txn_01284,user_178,63.78,USD,Spotify,IN,2025-10-15T00:55:14.712927
txn_01285,user_060,8.81,USD,Starbucks,IN,2025-12-13T03:55:14.712930
txn_01286,user_020,42.08,USD,Local Grocery,GB,2025-12-22T04:55:14.712935
txn_01287,user_368,2854.17,USD,LuxuryStore,RU,2026-01-03T15:55:14.712938
txn_01288,user_165,16.36,USD,TravelHub,GB,2025-11-03T00:55:14.712941
txn_01289,user_090,53.5,USD,Electronics Hub,US,2025-10-22T14:55:14.712945
txn_01290,user_152,735.86,USD,AdultWorld,RU,2026-01-04T05:55:14.712948
txn_01291,user_454,58.55,USD,Electronics Hub,IN,2025-10-07T12:55:14.712951
txn_01292,user_201,41.57,USD,Local Grocery,GB,2025-11-23T22:55:14.712954
txn_01293,user_253,20.92,USD,Netflix,US,2025-11-10T15:55:14.712958
txn_01294,user_465,16.93,USD,Starbucks,GB,2025-11-11T01:55:14.712961
txn_01295,user_032,48.09,USD,Amazon,GB,2025-12-15T15:55:14.712964
txn_01296,user_046,75.79,USD,Software Store,US,2025-11-09T14:55:14.712968
txn_01297,user_055,29.77,USD,Amazon,GB,2025-12-01T18:55:14.712971
txn_01298,user_122,2762.93,USD,AdultWorld,NG,2026-01-03T14:55:14.712974
txn_01299,user_193,62.89,USD,Starbucks,IN,2025-10-13T19:55:14.712978
txn_01300,user_166,14.13,USD,Uber,US,2025-10-22T16:55:14.712982
txn_01301,user_106,20.39,USD,Starbucks,US,2025-10-25T02:55:14.712985
txn_01302,user_179,35.3,USD,McDonalds,US,2025-10-07T23:55:14.712989
txn_01303,user_229,77.75,USD,TravelHub,IN,2025-11-12T12:55:14.712992
txn_01304,user_145,12.25,USD,Uber,US,2025-11-21T08:55:14.712995
txn_01305,user_241,94.45,USD,McDonalds,IN,2025-10-17T11:55:14.712999
txn_01306,user_241,41.49,USD,Uber,IN,2025-10-26T01:55:14.713002
txn_01307,user_167,53.26,USD,Electronics Hub,US,2025-10-06T14:55:14.713005
txn_01308,user_459,34.56,USD,Electronics Hub,US,2025-12-03T07:55:14.713010
txn_01309,user_124,92.68,USD,Spotify,US,2025-12-23T03:55:14.713013
txn_01310,user_306,8.71,USD,Electronics Hub,US,2025-12-31T11:55:14.713016
txn_01311,user_006,96.15,USD,Netflix,IN,2025-10-27T04:55:14.713020
txn_01312,user_284,98.83,USD,Electronics Hub,US,2025-11-16T15:55:14.713023
txn_01313,user_154,52.85,USD,Amazon,IN,2025-10-23T02:55:14.713026
txn_01314,user_160,23.58,USD,Starbucks,GB,2025-12-19T12:55:14.713029
txn_01315,user_448,33.96,USD,McDonalds,GB,2025-10-16T00:55:14.713033
txn_01316,user_045,50.08,USD,Software Store,US,2025-11-15T10:55:14.713036
txn_01317,user_031,23.49,USD,Netflix,GB,2025-12-19T08:55:14.713040
txn_01318,user_292,98.42,USD,Starbucks,GB,2025-12-13T20:55:14.713044
txn_01319,user_147,70.08,USD,McDonalds,IN,2025-10-20T09:55:14.713049
txn_01320,user_218,44.4,USD,Starbucks,US,2025-12-07T10:55:14.713052
txn_01321,user_085,28.98,USD,TravelHub,US,2025-12-28T22:55:14.713055
txn_01322,user_036,57.81,USD,Software Store,US,2025-12-19T12:55:14.713059
txn_01323,user_367,66.96,USD,McDonalds,GB,2025-12-30T08:55:14.713062
txn_01324,user_262,99.21,USD,Netflix,US,2025-11-09T16:55:14.713065
txn_01325,user_389,64.1,USD,Spotify,GB,2025-10-11T13:55:14.713069
txn_01326,user_040,75.51,USD,Local Grocery,US,2025-11-18T12:55:14.713072
txn_01327,user_042,5.04,USD,Local Grocery,GB,2025-12-18T14:55:14.713075
txn_01328,user_316,39.13,USD,Software Store,IN,2025-12-10T20:55:14.713078
txn_01329,user_038,20.13,USD,Amazon,IN,2025-11-28T04:55:14.713082
txn_01330,user_042,28.47,USD,Amazon,IN,2025-10-29T16:55:14.713085
txn_01331,user_122,70.82,USD,Amazon,IN,2025-12-04T06:55:14.713089
txn_01332,user_136,32.61,USD,Netflix,IN,2025-11-16T16:55:14.713092
txn_01333,user_085,81.43,USD,TravelHub,US,2025-11-15T23:55:14.713095
txn_01334,user_213,52.54,USD,Uber,US,2025-10-20T03:55:14.713098
txn_01335,user_073,1613.43,USD,Online Gaming Co,BR,2026-01-05T08:55:14.713101
txn_01336,user_155,66.44,USD,TravelHub,GB,2025-12-27T05:55:14.713105
txn_01337,user_053,87.09,USD,Starbucks,US,2025-11-22T08:55:14.713108
txn_01338,user_099,4093.27,USD,QuickLoans,NG,2026-01-03T16:55:14.713111
txn_01339,user_091,3269.76,USD,Online Gaming Co,RU,2026-01-04T23:55:14.713115
txn_01340,user_369,71.06,USD,Amazon,IN,2025-12-03T21:55:14.713118
txn_01341,user_015,13.03,USD,McDonalds,US,2025-10-13T16:55:14.713122
txn_01342,user_129,98.92,USD,Starbucks,IN,2025-11-13T04:55:14.713125
txn_01343,user_221,87.66,USD,McDonalds,US,2025-10-15T22:55:14.713128
txn_01344,user_399,71.92,USD,Spotify,IN,2025-12-29T15:55:14.713131
txn_01345,user_315,69.88,USD,Uber,GB,2025-12-26T19:55:14.713135
txn_01346,user_418,65.99,USD,Amazon,IN,2026-01-03T13:55:14.713138
txn_01347,user_085,56.08,USD,TravelHub,IN,2025-12-17T14:55:14.713141
txn_01348,user_198,94.97,USD,Local Grocery,GB,2025-12-06T22:55:14.713144
txn_01349,user_051,33.32,USD,McDonalds,IN,2025-12-27T21:55:14.713148
txn_01350,user_399,38.93,USD,Spotify,IN,2025-11-01T18:55:14.713152
txn_01351,user_473,2191.6,USD,LuxuryStore,NG,2026-01-04T00:55:14.713155
txn_01352,user_126,2995.24,USD,Online Gaming Co,NG,2026-01-03T23:55:14.713158
txn_01353,user_325,11.57,USD,TravelHub,IN,2025-11-07T20:55:14.713161
txn_01354,user_333,7.16,USD,Software Store,IN,2025-12-02T11:55:14.713164
txn_01355,user_430,21.25,USD,Local Grocery,US,2025-12-13T00:55:14.713168
txn_01356,user_234,81.5,USD,Local Grocery,US,2025-11-05T09:55:14.713171
txn_01357,user_328,7.23,USD,McDonalds,US,2025-12-31T02:55:14.713175
txn_01358,user_306,71.14,USD,McDonalds,IN,2025-12-24T03:55:14.713179
txn_01359,user_142,35.47,USD,Amazon,IN,2025-11-12T09:55:14.713183
txn_01360,user_300,2761.67,USD,AdultWorld,CN,2026-01-04T04:55:14.713186
txn_01361,user_232,81.94,USD,Local Grocery,IN,2025-10-22T10:55:14.713191
txn_01362,user_165,4198.3,USD,Exotic Jewelry,BR,2026-01-04T02:55:14.713194
txn_01363,user_385,2817.54,USD,AdultWorld,RU,2026-01-04T08:55:14.713198
txn_01364,user_397,39.27,USD,Software Store,US,2025-12-25T07:55:14.713202
txn_01365,user_349,52.87,USD,TravelHub,IN,2025-11-09T12:55:14.713205
txn_01366,user_145,11.86,USD,TravelHub,IN,2025-11-24T17:55:14.713208
txn_01367,user_227,4665.09,USD,AdultWorld,CN,2026-01-04T00:55:14.713211
txn_01368,user_083,24.14,USD,TravelHub,IN,2025-12-26T13:55:14.713215
txn_01369,user_414,98.64,USD,Netflix,US,2025-10-27T03:55:14.713218
txn_01370,user_051,4497.78,USD,Exotic Jewelry,CN,2026-01-04T05:55:14.713221
txn_01371,user_261,44.33,USD,Netflix,US,2026-01-03T12:55:14.713224
txn_01372,user_224,55.17,USD,TravelHub,GB,2025-11-05T18:55:14.713227
txn_01373,user_193,46.42,USD,Netflix,IN,2025-11-29T23:55:14.713231
txn_01374,user_247,48.53,USD,Local Grocery,GB,2025-10-25T20:55:14.713234
txn_01375,user_022,15.33,USD,Starbucks,GB,2025-12-06T14:55:14.713237
txn_01376,user_068,59.95,USD,Local Grocery,GB,2025-11-28T01:55:14.713240
txn_01377,user_238,24.66,USD,Spotify,US,2026-01-04T04:55:14.713244
txn_01378,user_159,94.66,USD,Netflix,IN,2025-11-17T12:55:14.713249
txn_01379,user_143,34.81,USD,Electronics Hub,GB,2025-11-28T20:55:14.713252
txn_01380,user_349,34.36,USD,Amazon,GB,2025-11-14T13:55:14.713256
txn_01381,user_362,54.52,USD,Netflix,IN,2025-11-23T16:55:14.713259
txn_01382,user_437,11.76,USD,Amazon,US,2025-12-21T02:55:14.713263
txn_01383,user_134,54.17,USD,Amazon,IN,2025-12-15T00:55:14.713267
txn_01384,user_243,12.29,USD,Spotify,IN,2025-12-25T21:55:14.713271
txn_01385,user_068,3509.59,USD,QuickLoans,CN,2026-01-04T19:55:14.713274
txn_01386,user_019,38.41,USD,Uber,IN,2025-11-19T10:55:14.713277
txn_01387,user_120,47.17,USD,Starbucks,GB,2025-12-14T10:55:14.713280
txn_01388,user_417,46.38,USD,McDonalds,US,2025-11-29T11:55:14.713284
txn_01389,user_364,55.55,USD,McDonalds,GB,2025-10-26T01:55:14.713287
txn_01390,user_340,4316.39,USD,QuickLoans,BR,2026-01-04T12:55:14.713290
txn_01391,user_350,78.99,USD,Netflix,US,2025-12-02T15:55:14.713293
txn_01392,user_442,85.43,USD,McDonalds,US,2025-10-16T19:55:14.713297
txn_01393,user_365,70.09,USD,Software Store,US,2025-11-04T11:55:14.713300
txn_01394,user_278,4173.58,USD,QuickLoans,RU,2026-01-03T16:55:14.713303
txn_01395,user_355,524.56,USD,QuickLoans,BR,2026-01-03T17:55:14.713306
txn_01396,user_452,26.14,USD,Netflix,US,2026-01-01T23:55:14.713310
txn_01397,user_423,980.51,USD,QuickLoans,RU,2026-01-04T11:55:14.713314
txn_01398,user_455,86.41,USD,Software Store,IN,2025-12-12T10:55:14.713317
txn_01399,user_005,4996.66,USD,AdultWorld,RU,2026-01-04T23:55:14.713321
txn_01400,user_421,85.14,USD,Electronics Hub,US,2025-10-09T18:55:14.713324
txn_01401,user_298,52.8,USD,Starbucks,GB,2025-10-30T20:55:14.713328
txn_01402,user_280,62.57,USD,Netflix,US,2025-12-11T02:55:14.713331
txn_01403,user_429,70.23,USD,Spotify,US,2025-11-14T19:55:14.713334
txn_01404,user_086,81.3,USD,Netflix,US,2025-12-19T13:55:14.713338
txn_01405,user_278,97.18,USD,Amazon,US,2025-12-03T07:55:14.713341
txn_01406,user_189,93.31,USD,Netflix,IN,2025-10-31T10:55:14.713344
txn_01407,user_107,95.87,USD,Electronics Hub,US,2025-12-16T13:55:14.713347
txn_01408,user_485,1481.08,USD,Exotic Jewelry,BR,2026-01-04T12:55:14.713351
txn_01409,user_106,84.19,USD,Electronics Hub,GB,2025-12-06T20:55:14.713354
txn_01410,user_247,85.75,USD,Uber,IN,2025-10-10T09:55:14.713359
txn_01411,user_353,53.79,USD,Electronics Hub,US,2025-12-02T02:55:14.713362
txn_01412,user_001,38.05,USD,Starbucks,IN,2026-01-04T15:55:14.713366
txn_01413,user_144,59.76,USD,McDonalds,US,2025-12-10T00:55:14.713371
txn_01414,user_441,24.09,USD,Uber,US,2025-11-24T17:55:14.713375
txn_01415,user_309,86.29,USD,TravelHub,US,2025-10-26T02:55:14.713378
txn_01416,user_076,90.12,USD,TravelHub,IN,2025-11-12T11:55:14.713381
txn_01417,user_199,4635.03,USD,Exotic Jewelry,RU,2026-01-04T19:55:14.713386
txn_01418,user_090,23.36,USD,Software Store,GB,2025-10-08T00:55:14.713389
txn_01419,user_315,99.26,USD,Uber,IN,2025-11-16T08:55:14.713393
txn_01420,user_132,97.14,USD,Uber,IN,2025-12-06T12:55:14.713396
txn_01421,user_438,10.85,USD,Uber,GB,2025-12-20T00:55:14.713399
txn_01422,user_071,1873.11,USD,QuickLoans,CN,2026-01-04T21:55:14.713402
txn_01423,user_492,52.08,USD,Amazon,GB,2026-01-05T05:55:14.713406
txn_01424,user_257,27.24,USD,Electronics Hub,GB,2025-11-05T00:55:14.713409
txn_01425,user_229,68.58,USD,TravelHub,US,2025-11-25T00:55:14.713412
txn_01426,user_055,42.6,USD,Amazon,US,2025-11-01T22:55:14.713416
txn_01427,user_361,56.07,USD,McDonalds,GB,2025-10-08T16:55:14.713419
txn_01428,user_412,46.0,USD,TravelHub,GB,2025-11-11T13:55:14.713422
txn_01429,user_109,96.08,USD,Electronics Hub,US,2025-12-16T14:55:14.713426
txn_01430,user_049,6.18,USD,Amazon,GB,2025-11-27T18:55:14.713429
txn_01431,user_406,16.79,USD,Uber,US,2025-10-27T20:55:14.713433
txn_01432,user_254,49.13,USD,McDonalds,US,2025-10-06T22:55:14.713436
txn_01433,user_494,76.44,USD,Netflix,US,2025-12-17T14:55:14.713439
txn_01434,user_188,49.54,USD,Amazon,GB,2025-12-14T01:55:14.713442
txn_01435,user_322,85.17,USD,Local Grocery,IN,2025-12-16T15:55:14.713446
txn_01436,user_320,76.65,USD,TravelHub,IN,2025-10-31T06:55:14.713452
txn_01437,user_246,4472.63,USD,QuickLoans,RU,2026-01-04T05:55:14.713455
txn_01438,user_041,2030.81,USD,AdultWorld,NG,2026-01-04T07:55:14.713458
txn_01439,user_420,45.02,USD,Starbucks,GB,2025-12-01T09:55:14.713462
txn_01440,user_203,98.73,USD,Local Grocery,US,2025-12-26T01:55:14.713465
txn_01441,user_013,32.47,USD,Amazon,IN,2025-12-15T20:55:14.713469
txn_01442,user_121,71.27,USD,Netflix,US,2025-12-20T14:55:14.713472
txn_01443,user_350,1484.39,USD,Online Gaming Co,RU,2026-01-04T02:55:14.713475
txn_01444,user_498,62.79,USD,McDonalds,US,2026-01-03T16:55:14.713479
txn_01445,user_143,2124.04,USD,LuxuryStore,BR,2026-01-04T14:55:14.713483
txn_01446,user_151,55.18,USD,Local Grocery,GB,2025-10-21T00:55:14.713486
txn_01447,user_196,4991.54,USD,Exotic Jewelry,BR,2026-01-04T05:55:14.713490
txn_01448,user_393,3754.02,USD,LuxuryStore,BR,2026-01-05T03:55:14.713493
txn_01449,user_467,1184.86,USD,AdultWorld,CN,2026-01-03T10:55:14.713496
txn_01450,user_169,95.37,USD,Local Grocery,IN,2025-10-11T15:55:14.713500
txn_01451,user_220,59.39,USD,McDonalds,US,2025-11-08T05:55:14.713503
txn_01452,user_293,2267.71,USD,LuxuryStore,BR,2026-01-05T07:55:14.713506
txn_01453,user_355,11.6,USD,Local Grocery,US,2026-01-01T02:55:14.713509
txn_01454,user_488,20.49,USD,Electronics Hub,US,2025-10-06T23:55:14.713513
txn_01455,user_240,14.46,USD,Amazon,US,2025-10-09T02:55:14.713516
txn_01456,user_197,2165.14,USD,LuxuryStore,RU,2026-01-04T12:55:14.713521
txn_01457,user_214,3324.03,USD,QuickLoans,RU,2026-01-03T23:55:14.713524
txn_01458,user_323,39.26,USD,Electronics Hub,GB,2025-12-06T07:55:14.713527
txn_01459,user_340,91.21,USD,Netflix,US,2025-12-31T08:55:14.713531
txn_01460,user_326,77.72,USD,Starbucks,GB,2025-12-09T14:55:14.713534
txn_01461,user_267,18.18,USD,Amazon,US,2025-10-07T09:55:14.713539
txn_01462,user_082,2983.0,USD,AdultWorld,CN,2026-01-03T14:55:14.713542
txn_01463,user_088,92.24,USD,Uber,GB,2025-12-25T15:55:14.713545
txn_01464,user_130,68.07,USD,Starbucks,IN,2025-10-24T20:55:14.713549
txn_01465,user_226,40.58,USD,Netflix,GB,2025-10-30T05:55:14.713552
txn_01466,user_410,19.07,USD,Electronics Hub,IN,2025-11-13T12:55:14.713556
txn_01467,user_289,50.3,USD,Starbucks,US,2026-01-03T08:55:14.713559
txn_01468,user_482,49.05,USD,Software Store,US,2025-12-28T05:55:14.713562
txn_01469,user_474,10.3,USD,Uber,GB,2025-12-04T13:55:14.713570
txn_01470,user_243,86.96,USD,McDonalds,IN,2025-11-28T03:55:14.713576
txn_01471,user_001,78.19,USD,McDonalds,IN,2025-10-11T07:55:14.713581
txn_01472,user_496,99.89,USD,Spotify,GB,2025-11-11T12:55:14.713586
txn_01473,user_233,34.32,USD,Starbucks,US,2025-12-29T10:55:14.713590
txn_01474,user_367,79.14,USD,Local Grocery,IN,2025-12-06T11:55:14.713593
txn_01475,user_126,16.46,USD,Electronics Hub,US,2025-11-10T19:55:14.713598
txn_01476,user_048,55.38,USD,McDonalds,US,2025-11-19T04:55:14.713602
txn_01477,user_415,90.2,USD,Netflix,GB,2026-01-03T14:55:14.713607
txn_01478,user_070,27.9,USD,Local Grocery,GB,2025-11-17T04:55:14.713610
txn_01479,user_264,11.34,USD,TravelHub,US,2025-11-18T05:55:14.713614
txn_01480,user_363,46.4,USD,Electronics Hub,IN,2025-10-27T04:55:14.713617
txn_01481,user_129,18.96,USD,TravelHub,IN,2025-12-04T19:55:14.713621
txn_01482,user_497,39.57,USD,Spotify,IN,2025-12-26T13:55:14.713624
txn_01483,user_330,52.56,USD,Local Grocery,US,2025-12-25T17:55:14.713627
txn_01484,user_289,50.84,USD,TravelHub,GB,2025-11-14T07:55:14.713630
txn_01485,user_093,84.59,USD,Uber,IN,2025-11-28T07:55:14.713634
txn_01486,user_179,40.22,USD,Electronics Hub,GB,2025-12-16T17:55:14.713637
txn_01487,user_270,26.65,USD,Software Store,IN,2025-11-20T16:55:14.713641
txn_01488,user_146,42.01,USD,McDonalds,IN,2025-11-17T04:55:14.713644
txn_01489,user_287,42.08,USD,Netflix,GB,2025-10-27T19:55:14.713647
txn_01490,user_485,81.26,USD,Netflix,IN,2025-10-20T00:55:14.713651
txn_01491,user_348,11.45,USD,Local Grocery,US,2025-12-31T13:55:14.713655
txn_01492,user_380,15.04,USD,TravelHub,IN,2025-11-05T16:55:14.713659
txn_01493,user_045,93.14,USD,TravelHub,GB,2025-11-29T06:55:14.713663
txn_01494,user_036,1894.99,USD,Exotic Jewelry,NG,2026-01-03T22:55:14.713666
txn_01495,user_493,56.96,USD,Starbucks,US,2025-11-21T00:55:14.713671
txn_01496,user_320,8.48,USD,Spotify,IN,2025-11-11T03:55:14.713674
txn_01497,user_402,80.13,USD,TravelHub,GB,2025-12-17T17:55:14.713678
txn_01498,user_410,4150.73,USD,QuickLoans,BR,2026-01-05T03:55:14.713681
txn_01499,user_180,42.51,USD,McDonalds,US,2025-10-07T07:55:14.713684
txn_01500,user_214,52.41,USD,Software Store,IN,2025-12-25T10:55:14.713688
txn_01501,user_135,97.58,USD,TravelHub,US,2025-11-18T19:55:14.713691
txn_01502,user_356,6.94,USD,Local Grocery,US,2025-12-29T19:55:14.713694
txn_01503,user_155,4133.88,USD,LuxuryStore,CN,2026-01-04T21:55:14.713697
txn_01504,user_369,17.05,USD,Software Store,US,2026-01-04T22:55:14.713701
txn_01505,user_209,32.83,USD,Amazon,GB,2025-10-15T23:55:14.713704
txn_01506,user_091,20.18,USD,Starbucks,GB,2025-12-15T01:55:14.713708
txn_01507,user_177,42.22,USD,Starbucks,US,2025-10-24T11:55:14.713711
txn_01508,user_237,10.5,USD,Spotify,US,2025-10-16T19:55:14.713714
txn_01509,user_116,3080.08,USD,QuickLoans,BR,2026-01-05T07:55:14.713719
txn_01510,user_433,53.89,USD,Uber,US,2025-10-21T20:55:14.713722
txn_01511,user_268,93.07,USD,Uber,US,2025-12-20T18:55:14.713726
txn_01512,user_061,1702.03,USD,Online Gaming Co,BR,2026-01-03T22:55:14.713729
txn_01513,user_401,96.78,USD,Software Store,GB,2025-10-08T13:55:14.713734
txn_01514,user_071,27.96,USD,Netflix,IN,2026-01-04T20:55:14.713739
txn_01515,user_204,87.11,USD,Starbucks,GB,2025-11-24T15:55:14.713742
txn_01516,user_441,62.8,USD,Spotify,GB,2025-11-21T15:55:14.713746
txn_01517,user_327,39.06,USD,TravelHub,US,2025-12-27T00:55:14.713749
txn_01518,user_197,8.33,USD,McDonalds,US,2025-10-15T09:55:14.713752
txn_01519,user_452,30.64,USD,McDonalds,GB,2025-10-06T18:55:14.713756
txn_01520,user_210,3894.08,USD,LuxuryStore,BR,2026-01-04T15:55:14.713759
txn_01521,user_486,38.5,USD,Amazon,US,2025-12-20T04:55:14.713763
txn_01522,user_262,18.74,USD,Local Grocery,IN,2025-10-24T06:55:14.713766
txn_01523,user_087,46.42,USD,Netflix,IN,2025-10-11T07:55:14.713770
txn_01524,user_183,3716.95,USD,Exotic Jewelry,NG,2026-01-05T03:55:14.713773
txn_01525,user_313,4919.91,USD,LuxuryStore,CN,2026-01-05T02:55:14.713776
txn_01526,user_360,19.89,USD,Amazon,GB,2025-11-20T12:55:14.713780
txn_01527,user_355,60.32,USD,Software Store,IN,2025-12-07T13:55:14.713783
txn_01528,user_019,24.5,USD,Local Grocery,GB,2026-01-02T05:55:14.713787
txn_01529,user_038,33.57,USD,Netflix,US,2025-10-20T09:55:14.713790
txn_01530,user_091,97.52,USD,Electronics Hub,GB,2025-12-23T05:55:14.713794
txn_01531,user_122,13.02,USD,Starbucks,GB,2025-10-14T09:55:14.713797
txn_01532,user_362,61.73,USD,Netflix,GB,2025-11-05T16:55:14.713800
txn_01533,user_466,2046.06,USD,Exotic Jewelry,CN,2026-01-03T09:55:14.713803
txn_01534,user_055,55.82,USD,TravelHub,GB,2025-12-24T21:55:14.713808
txn_01535,user_256,4404.6,USD,AdultWorld,BR,2026-01-05T01:55:14.713812
txn_01536,user_274,2320.4,USD,Online Gaming Co,NG,2026-01-04T11:55:14.713815
txn_01537,user_334,98.06,USD,Uber,IN,2025-11-12T10:55:14.713818
txn_01538,user_047,58.25,USD,Uber,GB,2025-11-27T09:55:14.713821
txn_01539,user_052,28.11,USD,Netflix,IN,2025-10-30T02:55:14.713825
txn_01540,user_425,71.47,USD,TravelHub,GB,2025-11-03T15:55:14.713828
txn_01541,user_373,58.3,USD,Electronics Hub,GB,2025-10-17T23:55:14.713833
txn_01542,user_365,54.55,USD,Electronics Hub,IN,2025-12-14T04:55:14.713836
txn_01543,user_241,20.91,USD,Uber,US,2025-10-24T04:55:14.713840
txn_01544,user_206,16.95,USD,McDonalds,IN,2025-12-20T20:55:14.713843
txn_01545,user_088,2288.37,USD,Online Gaming Co,NG,2026-01-03T19:55:14.713846
txn_01546,user_422,88.1,USD,Local Grocery,IN,2025-11-28T16:55:14.713850
txn_01547,user_238,2365.41,USD,Exotic Jewelry,RU,2026-01-04T17:55:14.713853
txn_01548,user_468,87.67,USD,Electronics Hub,US,2025-12-15T16:55:14.713857
txn_01549,user_441,93.58,USD,Uber,IN,2025-12-08T06:55:14.713860
txn_01550,user_232,4370.72,USD,Online Gaming Co,CN,2026-01-04T02:55:14.713863
txn_01551,user_155,3227.33,USD,QuickLoans,RU,2026-01-03T11:55:14.713866
txn_01552,user_330,67.83,USD,Netflix,GB,2025-12-24T15:55:14.713870
txn_01553,user_369,71.59,USD,Starbucks,GB,2025-11-17T14:55:14.713874
txn_01554,user_297,47.58,USD,Software Store,IN,2025-12-14T00:55:14.713878
txn_01555,user_352,53.22,USD,Software Store,GB,2025-10-21T05:55:14.713881
txn_01556,user_123,1225.26,USD,Online Gaming Co,BR,2026-01-04T12:55:14.713885
txn_01557,user_277,64.78,USD,TravelHub,GB,2025-11-08T04:55:14.713888
txn_01558,user_318,72.75,USD,Netflix,IN,2025-10-09T16:55:14.713891
txn_01559,user_492,84.07,USD,Netflix,US,2025-11-22T08:55:14.713895
txn_01560,user_128,622.21,USD,Online Gaming Co,RU,2026-01-03T11:55:14.713898
txn_01561,user_279,15.29,USD,Electronics Hub,IN,2025-12-31T07:55:14.713902
txn_01562,user_062,13.19,USD,Software Store,IN,2025-12-11T06:55:14.713905
txn_01563,user_415,65.83,USD,Uber,US,2025-11-01T13:55:14.713909
txn_01564,user_013,46.76,USD,Amazon,US,2025-11-06T21:55:14.713914
txn_01565,user_302,33.43,USD,Electronics Hub,GB,2026-01-01T10:55:14.713917
txn_01566,user_087,73.73,USD,Amazon,GB,2025-11-11T02:55:14.713921
txn_01567,user_038,4130.82,USD,AdultWorld,CN,2026-01-04T00:55:14.713924
txn_01568,user_174,22.41,USD,Starbucks,GB,2025-11-18T08:55:14.713928
txn_01569,user_292,60.76,USD,Netflix,GB,2025-11-25T17:55:14.713931
txn_01570,user_216,16.99,USD,Netflix,GB,2025-10-22T00:55:14.713935
txn_01571,user_169,5.73,USD,Amazon,GB,2025-12-22T23:55:14.713938
txn_01572,user_284,74.36,USD,McDonalds,US,2025-10-16T06:55:14.713942
txn_01573,user_191,92.09,USD,Amazon,IN,2025-10-25T22:55:14.713948
txn_01574,user_096,2700.73,USD,AdultWorld,BR,2026-01-05T05:55:14.713951
txn_01575,user_025,62.4,USD,Starbucks,GB,2025-12-16T12:55:14.713955
txn_01576,user_210,47.17,USD,McDonalds,IN,2025-10-31T18:55:14.713958
txn_01577,user_305,75.99,USD,Uber,US,2025-12-26T16:55:14.713961
txn_01578,user_164,75.51,USD,Uber,IN,2025-12-12T10:55:14.713965
txn_01579,user_021,11.62,USD,Electronics Hub,IN,2025-10-06T15:55:14.713968
txn_01580,user_411,40.65,USD,Electronics Hub,GB,2025-11-27T07:55:14.713972
txn_01581,user_073,29.4,USD,Starbucks,GB,2026-01-03T21:55:14.713975
txn_01582,user_288,67.46,USD,Electronics Hub,US,2025-10-23T16:55:14.713979
txn_01583,user_120,6.37,USD,Starbucks,IN,2025-11-19T17:55:14.713982
txn_01584,user_460,28.81,USD,TravelHub,IN,2025-12-17T04:55:14.713986
txn_01585,user_162,28.86,USD,Spotify,IN,2025-12-12T22:55:14.713989
txn_01586,user_057,3100.35,USD,QuickLoans,NG,2026-01-04T00:55:14.713994
txn_01587,user_033,42.94,USD,Software Store,US,2025-11-07T05:55:14.713997
txn_01588,user_040,27.5,USD,TravelHub,US,2025-12-28T01:55:14.714001
txn_01589,user_220,30.97,USD,Spotify,IN,2025-12-04T19:55:14.714004
txn_01590,user_381,77.19,USD,McDonalds,US,2025-10-24T03:55:14.714008
txn_01591,user_458,86.96,USD,Starbucks,GB,2025-11-11T13:55:14.714011
txn_01592,user_362,49.55,USD,Software Store,GB,2025-10-13T20:55:14.714015
txn_01593,user_318,14.13,USD,Electronics Hub,US,2026-01-02T01:55:14.714019
txn_01594,user_394,42.03,USD,Starbucks,GB,2025-11-02T14:55:14.714022
txn_01595,user_011,38.14,USD,Software Store,GB,2025-11-17T10:55:14.714026
txn_01596,user_261,62.4,USD,Uber,US,2025-11-05T07:55:14.714029
txn_01597,user_316,73.23,USD,Uber,IN,2025-11-25T20:55:14.714033
txn_01598,user_065,42.16,USD,McDonalds,US,2025-12-02T02:55:14.714036
txn_01599,user_070,29.84,USD,McDonalds,GB,2025-11-07T01:55:14.714040
txn_01600,user_024,12.87,USD,Local Grocery,US,2025-11-15T02:55:14.714043
txn_01601,user_213,64.34,USD,Uber,GB,2025-12-24T16:55:14.714047
txn_01602,user_092,98.69,USD,Amazon,IN,2025-11-08T05:55:14.714050
txn_01603,user_474,27.03,USD,Software Store,IN,2025-10-15T14:55:14.714054
txn_01604,user_286,3208.73,USD,AdultWorld,RU,2026-01-05T05:55:14.714057
txn_01605,user_189,2023.64,USD,QuickLoans,BR,2026-01-04T20:55:14.714062
txn_01606,user_093,50.88,USD,Electronics Hub,GB,2025-10-30T04:55:14.714066
txn_01607,user_467,44.64,USD,Uber,US,2025-12-21T22:55:14.714069
txn_01608,user_323,1642.37,USD,LuxuryStore,NG,2026-01-05T03:55:14.714072
txn_01609,user_367,2427.68,USD,Exotic Jewelry,CN,2026-01-04T19:55:14.714075
txn_01610,user_424,16.79,USD,TravelHub,GB,2025-10-28T04:55:14.714079
txn_01611,user_325,48.27,USD,TravelHub,GB,2025-11-18T10:55:14.714082
txn_01612,user_009,61.41,USD,Local Grocery,GB,2025-11-17T14:55:14.714087
txn_01613,user_202,36.46,USD,Software Store,IN,2025-12-24T05:55:14.714091
txn_01614,user_378,15.27,USD,Amazon,US,2026-01-02T19:55:14.714096
txn_01615,user_461,894.64,USD,Online Gaming Co,NG,2026-01-03T21:55:14.714099
txn_01616,user_091,4643.1,USD,QuickLoans,BR,2026-01-04T09:55:14.714102
txn_01617,user_207,11.0,USD,Local Grocery,US,2026-01-05T03:55:14.714106
txn_01618,user_025,48.06,USD,Amazon,GB,2025-12-19T10:55:14.714109
txn_01619,user_260,17.23,USD,McDonalds,GB,2025-10-19T04:55:14.714114
txn_01620,user_479,20.28,USD,Spotify,IN,2025-10-19T13:55:14.714118
txn_01621,user_100,50.59,USD,Electronics Hub,IN,2025-11-13T05:55:14.714121
txn_01622,user_374,13.93,USD,Netflix,US,2025-12-24T10:55:14.714125
txn_01623,user_045,97.11,USD,Netflix,US,2025-12-09T23:55:14.714128
txn_01624,user_423,55.91,USD,Software Store,US,2025-12-11T06:55:14.714132
txn_01625,user_095,2716.91,USD,LuxuryStore,NG,2026-01-05T03:55:14.714135
txn_01626,user_088,3633.37,USD,QuickLoans,NG,2026-01-05T00:55:14.714138
txn_01627,user_187,53.67,USD,Local Grocery,IN,2025-11-08T00:55:14.714141
txn_01628,user_494,20.4,USD,McDonalds,US,2025-10-31T13:55:14.714145
txn_01629,user_493,12.68,USD,McDonalds,US,2025-11-18T20:55:14.714148
txn_01630,user_113,46.04,USD,Amazon,IN,2025-11-03T16:55:14.714152
txn_01631,user_288,3313.29,USD,Online Gaming Co,BR,2026-01-05T05:55:14.714156
txn_01632,user_308,10.99,USD,Local Grocery,US,2025-10-18T13:55:14.714160
txn_01633,user_469,92.35,USD,Spotify,US,2025-10-07T09:55:14.714164
txn_01634,user_337,39.75,USD,Electronics Hub,US,2025-11-01T20:55:14.714167
txn_01635,user_171,67.52,USD,Netflix,IN,2025-12-14T11:55:14.714171
txn_01636,user_034,20.84,USD,Netflix,GB,2025-12-23T00:55:14.714174
txn_01637,user_487,81.54,USD,Software Store,US,2025-12-02T06:55:14.714179
txn_01638,user_353,3118.13,USD,Exotic Jewelry,NG,2026-01-03T17:55:14.714182
txn_01639,user_321,1462.41,USD,LuxuryStore,NG,2026-01-03T19:55:14.714186
txn_01640,user_341,1679.95,USD,Exotic Jewelry,RU,2026-01-04T11:55:14.714189
txn_01641,user_202,35.59,USD,Netflix,US,2025-11-16T02:55:14.714192
txn_01642,user_099,9.11,USD,TravelHub,US,2025-12-02T22:55:14.714196
txn_01643,user_466,10.16,USD,Starbucks,US,2026-01-01T12:55:14.714199
txn_01644,user_217,81.1,USD,Amazon,GB,2025-11-02T23:55:14.714202
txn_01645,user_470,2343.52,USD,Online Gaming Co,BR,2026-01-04T22:55:14.714205
txn_01646,user_107,63.54,USD,Local Grocery,IN,2025-12-11T16:55:14.714209
txn_01647,user_373,98.81,USD,McDonalds,GB,2025-12-25T03:55:14.714212
txn_01648,user_192,28.22,USD,McDonalds,IN,2025-10-22T08:55:14.714216
txn_01649,user_430,1949.46,USD,LuxuryStore,NG,2026-01-04T21:55:14.714219
txn_01650,user_315,19.48,USD,Local Grocery,IN,2025-10-13T15:55:14.714222
txn_01651,user_061,64.25,USD,Uber,US,2025-12-26T11:55:14.714227
txn_01652,user_277,48.74,USD,Amazon,GB,2025-10-20T01:55:14.714231
txn_01653,user_057,4959.9,USD,Exotic Jewelry,CN,2026-01-03T22:55:14.714234
txn_01654,user_287,18.1,USD,McDonalds,IN,2025-10-26T08:55:14.714237
txn_01655,user_456,14.97,USD,Amazon,US,2025-12-27T14:55:14.714241
txn_01656,user_389,49.0,USD,Amazon,GB,2025-12-22T10:55:14.714244
txn_01657,user_420,4644.23,USD,QuickLoans,NG,2026-01-04T07:55:14.714248
txn_01658,user_459,3202.59,USD,AdultWorld,NG,2026-01-03T20:55:14.714251
txn_01659,user_082,54.25,USD,TravelHub,GB,2025-11-09T23:55:14.714254
txn_01660,user_179,95.08,USD,Starbucks,IN,2025-12-19T04:55:14.714258
txn_01661,user_338,60.71,USD,Netflix,US,2025-12-03T06:55:14.714261
txn_01662,user_143,1485.3,USD,Online Gaming Co,CN,2026-01-04T11:55:14.714265
txn_01663,user_075,746.8,USD,AdultWorld,NG,2026-01-04T15:55:14.714268
txn_01664,user_093,96.36,USD,McDonalds,US,2025-10-16T19:55:14.714271
txn_01665,user_182,68.5,USD,Software Store,GB,2025-11-02T11:55:14.714276
txn_01666,user_007,66.55,USD,TravelHub,GB,2025-11-09T23:55:14.714279
txn_01667,user_448,50.16,USD,Spotify,US,2025-10-21T07:55:14.714283
txn_01668,user_301,84.37,USD,Software Store,US,2025-10-11T01:55:14.714287
txn_01669,user_326,4790.01,USD,Exotic Jewelry,NG,2026-01-03T09:55:14.714291
txn_01670,user_381,57.2,USD,Spotify,GB,2025-10-30T07:55:14.714295
txn_01671,user_360,34.33,USD,Starbucks,US,2025-12-21T21:55:14.714299
txn_01672,user_286,21.97,USD,Uber,US,2025-12-04T06:55:14.714302
txn_01673,user_328,65.68,USD,Starbucks,US,2025-10-21T15:55:14.714306
txn_01674,user_450,19.79,USD,Spotify,IN,2025-10-23T02:55:14.714309
txn_01675,user_048,1073.27,USD,Exotic Jewelry,RU,2026-01-05T03:55:14.714312
txn_01676,user_484,67.4,USD,TravelHub,IN,2025-11-01T19:55:14.714316
txn_01677,user_034,55.2,USD,Uber,US,2025-11-02T06:55:14.714319
txn_01678,user_437,1220.93,USD,Exotic Jewelry,NG,2026-01-03T15:55:14.714322
txn_01679,user_249,33.72,USD,TravelHub,GB,2025-10-15T11:55:14.714326
txn_01680,user_042,92.03,USD,Starbucks,IN,2025-10-13T11:55:14.714330
txn_01681,user_285,82.09,USD,Netflix,IN,2025-12-28T07:55:14.714333
txn_01682,user_023,84.66,USD,Software Store,IN,2025-11-26T11:55:14.714336
txn_01683,user_214,27.69,USD,Software Store,IN,2025-12-01T14:55:14.714340
txn_01684,user_031,957.21,USD,Exotic Jewelry,CN,2026-01-03T11:55:14.714343
txn_01685,user_348,84.0,USD,Electronics Hub,US,2025-11-10T09:55:14.714347
txn_01686,user_035,12.9,USD,Spotify,GB,2025-11-15T23:55:14.714351
txn_01687,user_358,53.26,USD,Software Store,IN,2025-11-16T03:55:14.714354
txn_01688,user_482,81.64,USD,Electronics Hub,GB,2025-10-22T04:55:14.714358
txn_01689,user_454,10.65,USD,Netflix,GB,2025-12-26T10:55:14.714361
txn_01690,user_298,59.39,USD,Electronics Hub,US,2025-10-10T07:55:14.714366
txn_01691,user_289,53.8,USD,Amazon,IN,2025-10-10T07:55:14.714370
txn_01692,user_213,48.56,USD,McDonalds,IN,2025-11-22T22:55:14.714373
txn_01693,user_462,45.39,USD,TravelHub,US,2025-11-16T11:55:14.714377
txn_01694,user_125,35.63,USD,Electronics Hub,IN,2025-11-04T21:55:14.714380
txn_01695,user_160,49.68,USD,Spotify,IN,2025-11-10T19:55:14.714383
txn_01696,user_236,63.33,USD,Uber,IN,2025-11-21T14:55:14.714387
txn_01697,user_267,37.1,USD,Local Grocery,US,2025-10-27T07:55:14.714390
txn_01698,user_206,58.87,USD,Spotify,GB,2026-01-03T11:55:14.714394
txn_01699,user_254,2114.31,USD,QuickLoans,RU,2026-01-05T01:55:14.714397
txn_01700,user_290,7.84,USD,Netflix,US,2025-12-26T20:55:14.714402
txn_01701,user_410,92.81,USD,Spotify,GB,2026-01-04T20:55:14.714405
txn_01702,user_062,3390.47,USD,AdultWorld,BR,2026-01-03T22:55:14.714408
txn_01703,user_027,55.94,USD,Uber,IN,2025-11-26T10:55:14.714412
txn_01704,user_066,30.3,USD,Software Store,US,2025-11-26T23:55:14.714415
txn_01705,user_343,1656.88,USD,Online Gaming Co,BR,2026-01-05T06:55:14.714418
txn_01706,user_492,75.93,USD,Local Grocery,US,2025-12-26T05:55:14.714422
txn_01707,user_410,14.05,USD,Amazon,GB,2025-10-26T02:55:14.714425
txn_01708,user_187,57.57,USD,Software Store,IN,2025-11-26T00:55:14.714429
txn_01709,user_099,88.03,USD,TravelHub,IN,2025-11-26T12:55:14.714435
txn_01710,user_153,57.43,USD,Netflix,IN,2025-11-10T06:55:14.714439
txn_01711,user_119,62.7,USD,Electronics Hub,IN,2025-12-10T10:55:14.714442
txn_01712,user_436,23.71,USD,Starbucks,US,2025-12-23T14:55:14.714445
txn_01713,user_190,24.66,USD,Starbucks,US,2025-12-31T22:55:14.714449
txn_01714,user_288,18.87,USD,Netflix,US,2025-10-23T10:55:14.714452
txn_01715,user_107,99.51,USD,Netflix,GB,2025-12-14T04:55:14.714456
txn_01716,user_390,50.93,USD,Amazon,GB,2025-11-20T16:55:14.714461
txn_01717,user_055,94.46,USD,McDonalds,GB,2025-11-03T23:55:14.714464
txn_01718,user_192,77.93,USD,Electronics Hub,US,2025-10-20T19:55:14.714468
txn_01719,user_052,2172.73,USD,Online Gaming Co,BR,2026-01-03T19:55:14.714471
txn_01720,user_200,8.93,USD,McDonalds,IN,2025-11-21T23:55:14.714475
txn_01721,user_005,19.67,USD,Software Store,GB,2025-10-12T09:55:14.714478
txn_01722,user_313,56.76,USD,Local Grocery,IN,2025-11-11T10:55:14.714482
txn_01723,user_451,40.69,USD,Starbucks,US,2025-10-12T01:55:14.714485
txn_01724,user_037,3052.94,USD,QuickLoans,RU,2026-01-04T11:55:14.714488
txn_01725,user_038,586.54,USD,Exotic Jewelry,RU,2026-01-05T03:55:14.714492
txn_01726,user_141,43.52,USD,McDonalds,GB,2026-01-04T01:55:14.714495
txn_01727,user_360,63.37,USD,Electronics Hub,IN,2025-12-09T17:55:14.714498
txn_01728,user_005,38.98,USD,Spotify,GB,2025-10-20T20:55:14.714502
txn_01729,user_132,39.45,USD,TravelHub,IN,2026-01-01T05:55:14.714507
txn_01730,user_337,1865.16,USD,LuxuryStore,CN,2026-01-04T07:55:14.714510
txn_01731,user_381,52.47,USD,Starbucks,GB,2025-11-10T04:55:14.714514
txn_01732,user_495,17.39,USD,McDonalds,IN,2025-10-26T19:55:14.714519
txn_01733,user_373,36.43,USD,Uber,GB,2025-11-27T06:55:14.714522
txn_01734,user_097,25.8,USD,Local Grocery,US,2025-11-02T17:55:14.714526
txn_01735,user_401,1642.87,USD,QuickLoans,RU,2026-01-03T17:55:14.714529
txn_01736,user_030,40.02,USD,Software Store,US,2025-10-15T08:55:14.714532
txn_01737,user_263,52.44,USD,Spotify,GB,2025-11-21T08:55:14.714536
txn_01738,user_401,5.36,USD,Spotify,IN,2025-11-10T14:55:14.714540
txn_01739,user_111,92.09,USD,TravelHub,US,2025-11-21T06:55:14.714543
txn_01740,user_253,93.53,USD,Spotify,GB,2025-10-20T07:55:14.714546
txn_01741,user_254,39.53,USD,Spotify,GB,2025-12-30T14:55:14.714550
txn_01742,user_209,32.98,USD,McDonalds,IN,2025-10-26T15:55:14.714553
txn_01743,user_400,20.27,USD,Local Grocery,US,2025-12-15T08:55:14.714557
txn_01744,user_310,91.01,USD,Local Grocery,GB,2025-12-26T08:55:14.714560
txn_01745,user_226,2747.65,USD,AdultWorld,BR,2026-01-03T15:55:14.714563
txn_01746,user_124,76.78,USD,McDonalds,IN,2025-10-15T12:55:14.714572
txn_01747,user_285,77.57,USD,TravelHub,US,2025-12-13T13:55:14.714714
txn_01748,user_475,25.91,USD,Starbucks,US,2025-10-19T18:55:14.714720
txn_01749,user_245,38.48,USD,Amazon,GB,2025-12-25T05:55:14.714724
txn_01750,user_223,64.68,USD,TravelHub,IN,2025-10-15T14:55:14.714727
txn_01751,user_249,23.85,USD,Software Store,GB,2025-12-07T17:55:14.714730
txn_01752,user_396,48.35,USD,Amazon,IN,2026-01-01T20:55:14.714734
txn_01753,user_180,2330.09,USD,AdultWorld,NG,2026-01-04T14:55:14.714737
txn_01754,user_247,9.65,USD,McDonalds,GB,2025-11-28T00:55:14.714740
txn_01755,user_120,21.37,USD,Starbucks,IN,2026-01-01T07:55:14.714743
txn_01756,user_250,94.77,USD,Electronics Hub,IN,2025-10-20T23:55:14.714747
txn_01757,user_402,40.98,USD,Uber,US,2025-11-06T07:55:14.714750
txn_01758,user_225,75.85,USD,Netflix,US,2025-11-14T11:55:14.714754
txn_01759,user_352,11.14,USD,Netflix,US,2025-12-24T00:55:14.714757
txn_01760,user_218,96.21,USD,Spotify,IN,2025-12-22T18:55:14.714760
txn_01761,user_440,46.14,USD,TravelHub,GB,2025-10-11T00:55:14.714764
txn_01762,user_333,92.96,USD,Electronics Hub,IN,2025-10-22T20:55:14.714767
txn_01763,user_377,62.32,USD,Spotify,IN,2026-01-02T09:55:14.714771
txn_01764,user_335,29.03,USD,McDonalds,US,2025-11-25T02:55:14.714775
txn_01765,user_058,24.32,USD,Starbucks,IN,2025-12-25T22:55:14.714779
txn_01766,user_128,84.55,USD,Starbucks,IN,2025-10-10T05:55:14.714782
txn_01767,user_473,77.63,USD,Local Grocery,GB,2025-12-27T14:55:14.714786
txn_01768,user_233,80.79,USD,Spotify,US,2025-10-09T01:55:14.714792
txn_01769,user_092,89.16,USD,McDonalds,US,2025-12-26T03:55:14.714796
txn_01770,user_198,93.54,USD,TravelHub,US,2025-11-06T07:55:14.714799
txn_01771,user_330,90.47,USD,Spotify,GB,2025-12-31T03:55:14.714802
txn_01772,user_166,42.39,USD,Electronics Hub,GB,2025-11-16T02:55:14.714806
txn_01773,user_005,9.76,USD,TravelHub,IN,2025-12-22T16:55:14.714810
txn_01774,user_419,53.62,USD,Electronics Hub,IN,2025-10-09T09:55:14.714814
txn_01775,user_364,96.12,USD,Spotify,GB,2025-11-20T12:55:14.714817
txn_01776,user_335,71.4,USD,Local Grocery,IN,2025-12-05T06:55:14.714821
txn_01777,user_082,20.98,USD,Electronics Hub,US,2025-11-07T22:55:14.714824
txn_01778,user_249,93.92,USD,Electronics Hub,US,2025-12-01T00:55:14.714828
txn_01779,user_146,28.01,USD,McDonalds,IN,2025-10-26T09:55:14.714831
txn_01780,user_104,31.51,USD,TravelHub,IN,2026-01-04T05:55:14.714835
txn_01781,user_492,1486.29,USD,QuickLoans,CN,2026-01-04T21:55:14.714838
txn_01782,user_307,85.15,USD,Spotify,IN,2025-12-20T11:55:14.714842
txn_01783,user_306,39.74,USD,TravelHub,GB,2025-11-19T17:55:14.714845
txn_01784,user_459,31.31,USD,Local Grocery,IN,2025-10-20T10:55:14.714848
txn_01785,user_307,57.69,USD,Spotify,IN,2025-11-27T21:55:14.714852
txn_01786,user_334,53.28,USD,Spotify,GB,2025-11-30T02:55:14.714855
txn_01787,user_414,63.76,USD,Starbucks,US,2025-11-06T01:55:14.714860
txn_01788,user_010,44.74,USD,Starbucks,US,2025-11-07T23:55:14.714863
txn_01789,user_121,11.02,USD,Local Grocery,GB,2025-11-28T22:55:14.714867
txn_01790,user_132,56.4,USD,Uber,IN,2025-12-31T23:55:14.714870
txn_01791,user_283,78.33,USD,Amazon,US,2025-11-10T22:55:14.714874
txn_01792,user_062,38.55,USD,TravelHub,US,2025-10-16T14:55:14.714878
txn_01793,user_307,74.19,USD,Amazon,US,2025-12-17T01:55:14.714881
txn_01794,user_384,2202.42,USD,QuickLoans,RU,2026-01-05T02:55:14.714884
txn_01795,user_012,86.89,USD,Software Store,US,2025-10-22T19:55:14.714887
txn_01796,user_065,18.98,USD,Starbucks,US,2025-12-06T20:55:14.714892
txn_01797,user_386,3739.21,USD,QuickLoans,NG,2026-01-05T01:55:14.714895
txn_01798,user_372,33.66,USD,Uber,IN,2025-11-30T02:55:14.714899
txn_01799,user_450,81.46,USD,McDonalds,IN,2025-10-12T00:55:14.714902
txn_01800,user_456,61.77,USD,TravelHub,IN,2025-11-01T15:55:14.714905
txn_01801,user_056,18.76,USD,Spotify,US,2025-12-19T11:55:14.714909
txn_01802,user_135,26.85,USD,Uber,US,2025-12-15T00:55:14.714912
txn_01803,user_427,33.67,USD,Software Store,GB,2025-12-23T09:55:14.714916
txn_01804,user_120,4036.83,USD,AdultWorld,NG,2026-01-04T19:55:14.714919
txn_01805,user_170,4723.31,USD,QuickLoans,NG,2026-01-04T02:55:14.714922
txn_01806,user_430,84.26,USD,Uber,GB,2025-11-10T22:55:14.714925
txn_01807,user_118,43.18,USD,Netflix,GB,2025-11-03T08:55:14.714930
txn_01808,user_371,51.67,USD,Amazon,GB,2025-10-18T14:55:14.714933
txn_01809,user_032,80.93,USD,Starbucks,GB,2025-12-25T18:55:14.714937
txn_01810,user_312,698.63,USD,Exotic Jewelry,BR,2026-01-04T01:55:14.714940
txn_01811,user_328,25.37,USD,Electronics Hub,IN,2025-12-09T04:55:14.714943
txn_01812,user_404,88.58,USD,Netflix,GB,2025-12-08T01:55:14.714947
txn_01813,user_058,90.21,USD,Amazon,GB,2025-10-16T09:55:14.714950
txn_01814,user_016,88.35,USD,Netflix,US,2025-11-29T00:55:14.714953
txn_01815,user_209,44.0,USD,Software Store,GB,2026-01-01T10:55:14.714957
txn_01816,user_185,10.57,USD,Spotify,GB,2025-11-07T03:55:14.714961
txn_01817,user_481,75.83,USD,Netflix,GB,2025-10-24T23:55:14.714964
txn_01818,user_347,55.55,USD,Electronics Hub,US,2025-11-10T18:55:14.714969
txn_01819,user_127,10.51,USD,Uber,IN,2025-12-24T14:55:14.714973
txn_01820,user_211,84.07,USD,Starbucks,GB,2025-12-02T22:55:14.714976
txn_01821,user_058,3292.85,USD,QuickLoans,CN,2026-01-03T14:55:14.714979
txn_01822,user_294,1456.56,USD,LuxuryStore,NG,2026-01-04T23:55:14.714982
txn_01823,user_398,70.59,USD,Uber,GB,2025-10-13T17:55:14.714986
txn_01824,user_021,74.21,USD,Electronics Hub,GB,2025-11-11T01:55:14.714990
txn_01825,user_303,26.72,USD,Electronics Hub,GB,2025-12-04T09:55:14.714993
txn_01826,user_414,10.56,USD,Netflix,GB,2025-10-30T08:55:14.714998
txn_01827,user_413,89.73,USD,Software Store,US,2025-12-02T09:55:14.715001
txn_01828,user_460,7.69,USD,Software Store,US,2025-12-16T11:55:14.715006
txn_01829,user_283,78.23,USD,Software Store,IN,2025-12-23T08:55:14.715010
txn_01830,user_007,2184.25,USD,LuxuryStore,NG,2026-01-04T18:55:14.715013
txn_01831,user_029,56.81,USD,Starbucks,IN,2025-10-23T01:55:14.715016
txn_01832,user_156,92.16,USD,Software Store,US,2025-12-04T12:55:14.715020
txn_01833,user_412,30.76,USD,TravelHub,US,2025-11-10T08:55:14.715023
txn_01834,user_409,605.7,USD,Exotic Jewelry,BR,2026-01-04T16:55:14.715026
txn_01835,user_224,97.98,USD,Electronics Hub,IN,2025-12-12T07:55:14.715030
txn_01836,user_428,24.25,USD,Amazon,IN,2025-11-04T16:55:14.715033
txn_01837,user_127,99.97,USD,Starbucks,GB,2025-11-22T17:55:14.715037
txn_01838,user_177,18.78,USD,Software Store,IN,2025-11-26T18:55:14.715040
txn_01839,user_470,33.62,USD,Netflix,IN,2025-12-09T11:55:14.715044
txn_01840,user_239,82.32,USD,McDonalds,GB,2025-10-13T19:55:14.715047
txn_01841,user_031,36.21,USD,Software Store,IN,2025-10-24T19:55:14.715051
txn_01842,user_343,89.35,USD,Electronics Hub,GB,2025-12-11T22:55:14.715054
txn_01843,user_255,39.15,USD,Amazon,IN,2025-12-01T23:55:14.715057
txn_01844,user_256,43.38,USD,Uber,IN,2025-12-15T16:55:14.715061
txn_01845,user_002,43.09,USD,McDonalds,IN,2025-12-21T11:55:14.715064
txn_01846,user_445,2857.4,USD,Online Gaming Co,RU,2026-01-04T10:55:14.715069
txn_01847,user_390,61.24,USD,TravelHub,US,2025-11-23T04:55:14.715072
txn_01848,user_419,36.58,USD,Netflix,US,2025-11-27T02:55:14.715076
txn_01849,user_473,83.86,USD,Uber,GB,2025-12-09T20:55:14.715079
txn_01850,user_422,87.58,USD,Netflix,IN,2025-10-29T01:55:14.715083
txn_01851,user_325,17.28,USD,Netflix,IN,2025-11-15T09:55:14.715086
txn_01852,user_140,94.1,USD,Starbucks,US,2025-11-16T12:55:14.715090
txn_01853,user_458,16.0,USD,Starbucks,US,2026-01-02T23:55:14.715093
txn_01854,user_407,4959.68,USD,QuickLoans,NG,2026-01-04T20:55:14.715096
txn_01855,user_427,20.33,USD,Amazon,IN,2025-11-16T15:55:14.715100
txn_01856,user_494,698.98,USD,Exotic Jewelry,BR,2026-01-04T17:55:14.715103
txn_01857,user_252,65.72,USD,Starbucks,IN,2025-11-19T22:55:14.715106
txn_01858,user_443,79.84,USD,Software Store,US,2025-12-30T06:55:14.715110
txn_01859,user_366,1781.48,USD,Exotic Jewelry,CN,2026-01-04T10:55:14.715113
txn_01860,user_150,72.41,USD,Software Store,IN,2025-10-24T09:55:14.715118
txn_01861,user_476,55.75,USD,Netflix,GB,2025-11-18T06:55:14.715121
txn_01862,user_384,96.27,USD,Software Store,IN,2025-11-05T18:55:14.715125
txn_01863,user_279,49.28,USD,Amazon,IN,2025-11-02T14:55:14.715128
txn_01864,user_300,10.5,USD,Electronics Hub,GB,2025-10-29T04:55:14.715132
txn_01865,user_231,87.99,USD,Uber,IN,2025-10-30T23:55:14.715136
txn_01866,user_221,66.5,USD,TravelHub,IN,2025-12-05T03:55:14.715140
txn_01867,user_297,4472.06,USD,AdultWorld,NG,2026-01-03T13:55:14.715143
txn_01868,user_251,57.77,USD,Amazon,IN,2025-10-28T00:55:14.715147
txn_01869,user_011,49.33,USD,Starbucks,US,2025-12-20T12:55:14.715151
txn_01870,user_446,93.33,USD,TravelHub,IN,2025-11-10T22:55:14.715155
txn_01871,user_435,47.89,USD,Electronics Hub,US,2025-11-15T22:55:14.715159
txn_01872,user_435,23.44,USD,Electronics Hub,US,2025-11-09T23:55:14.715162
txn_01873,user_193,88.51,USD,Uber,IN,2025-12-15T16:55:14.715167
txn_01874,user_113,42.95,USD,Electronics Hub,GB,2025-10-14T03:55:14.715171
txn_01875,user_376,58.78,USD,Starbucks,US,2025-12-02T00:55:14.715175
txn_01876,user_395,94.43,USD,Amazon,GB,2025-12-27T01:55:14.715178
txn_01877,user_347,62.29,USD,TravelHub,US,2025-10-14T00:55:14.715182
txn_01878,user_358,34.68,USD,Software Store,IN,2025-11-29T05:55:14.715186
txn_01879,user_084,3828.7,USD,LuxuryStore,NG,2026-01-05T06:55:14.715189
txn_01880,user_326,96.38,USD,McDonalds,GB,2025-12-25T14:55:14.715192
txn_01881,user_137,10.65,USD,Spotify,GB,2025-12-29T11:55:14.715196
txn_01882,user_367,13.39,USD,Electronics Hub,US,2025-11-08T13:55:14.715200
txn_01883,user_052,72.64,USD,Uber,US,2025-10-18T23:55:14.715203
txn_01884,user_464,24.95,USD,TravelHub,IN,2025-11-10T23:55:14.715207
txn_01885,user_060,52.38,USD,Software Store,IN,2025-12-12T14:55:14.715212
txn_01886,user_257,4956.32,USD,Exotic Jewelry,RU,2026-01-03T21:55:14.715216
txn_01887,user_203,60.44,USD,TravelHub,IN,2025-12-05T21:55:14.715219
txn_01888,user_177,1893.59,USD,LuxuryStore,BR,2026-01-05T02:55:14.715222
txn_01889,user_116,4340.02,USD,LuxuryStore,RU,2026-01-03T15:55:14.715226
txn_01890,user_271,32.66,USD,Netflix,GB,2025-11-14T22:55:14.715229
txn_01891,user_181,15.79,USD,Amazon,US,2025-12-04T13:55:14.715233
txn_01892,user_049,90.22,USD,Netflix,IN,2025-11-19T23:55:14.715237
txn_01893,user_149,3243.17,USD,Online Gaming Co,NG,2026-01-04T04:55:14.715241
txn_01894,user_137,575.64,USD,LuxuryStore,NG,2026-01-04T05:55:14.715245
txn_01895,user_429,3645.55,USD,LuxuryStore,BR,2026-01-05T04:55:14.715248
txn_01896,user_139,4981.54,USD,Exotic Jewelry,RU,2026-01-04T08:55:14.715251
txn_01897,user_317,81.47,USD,Software Store,IN,2025-10-21T10:55:14.715255
txn_01898,user_438,2825.94,USD,Exotic Jewelry,CN,2026-01-05T07:55:14.715258
txn_01899,user_368,39.57,USD,Starbucks,IN,2025-10-14T05:55:14.715261
txn_01900,user_143,60.2,USD,Amazon,US,2025-12-23T00:55:14.715265
txn_01901,user_352,37.33,USD,Starbucks,US,2025-10-25T07:55:14.715268
txn_01902,user_370,27.98,USD,TravelHub,US,2025-10-09T04:55:14.715272
txn_01903,user_471,36.45,USD,Netflix,GB,2025-11-14T07:55:14.715275
txn_01904,user_380,61.52,USD,TravelHub,IN,2025-10-19T18:55:14.715280
txn_01905,user_066,38.98,USD,Spotify,IN,2025-10-08T15:55:14.715284
txn_01906,user_487,77.61,USD,Electronics Hub,US,2025-10-25T03:55:14.715287
txn_01907,user_203,23.85,USD,Spotify,IN,2025-10-27T08:55:14.715291
txn_01908,user_080,1892.31,USD,QuickLoans,RU,2026-01-04T02:55:14.715294
txn_01909,user_343,2494.39,USD,QuickLoans,NG,2026-01-03T23:55:14.715297
txn_01910,user_363,3236.48,USD,Online Gaming Co,CN,2026-01-03T13:55:14.715300
txn_01911,user_449,27.92,USD,Uber,IN,2025-10-16T06:55:14.715304
txn_01912,user_401,91.48,USD,Uber,GB,2025-12-19T15:55:14.715308
txn_01913,user_361,63.08,USD,TravelHub,US,2025-11-15T18:55:14.715311
txn_01914,user_316,72.62,USD,Starbucks,US,2025-12-11T20:55:14.715315
txn_01915,user_368,76.44,USD,McDonalds,GB,2025-12-29T05:55:14.715318
txn_01916,user_165,79.47,USD,Starbucks,US,2025-12-17T04:55:14.715322
txn_01917,user_314,36.13,USD,Local Grocery,US,2025-10-06T17:55:14.715325
txn_01918,user_052,56.84,USD,TravelHub,GB,2025-10-19T02:55:14.715329
txn_01919,user_293,41.1,USD,Uber,GB,2025-11-30T08:55:14.715332
txn_01920,user_204,71.05,USD,Amazon,IN,2025-11-04T18:55:14.715337
txn_01921,user_125,39.61,USD,Amazon,US,2025-11-06T13:55:14.715340
txn_01922,user_131,62.09,USD,Spotify,GB,2025-12-22T19:55:14.715344
txn_01923,user_100,24.26,USD,Amazon,US,2025-12-31T00:55:14.715349
txn_01924,user_147,42.63,USD,Starbucks,IN,2025-10-09T04:55:14.715354
txn_01925,user_110,43.68,USD,Uber,IN,2025-12-08T16:55:14.715357
txn_01926,user_447,67.56,USD,TravelHub,GB,2025-11-16T02:55:14.715361
txn_01927,user_416,20.22,USD,Starbucks,US,2025-11-01T22:55:14.715364
txn_01928,user_406,69.0,USD,Software Store,IN,2025-10-16T08:55:14.715368
txn_01929,user_220,96.62,USD,TravelHub,GB,2025-11-21T14:55:14.715372
txn_01930,user_424,45.6,USD,Spotify,GB,2025-11-14T10:55:14.715375
txn_01931,user_440,34.85,USD,Amazon,IN,2025-11-28T10:55:14.715379
txn_01932,user_334,74.58,USD,Uber,US,2025-11-17T09:55:14.715382
txn_01933,user_115,50.86,USD,Local Grocery,US,2025-12-21T11:55:14.715386
txn_01934,user_349,95.51,USD,Local Grocery,IN,2025-11-11T02:55:14.715389
txn_01935,user_203,48.21,USD,Starbucks,US,2025-11-28T08:55:14.715393
txn_01936,user_319,26.61,USD,McDonalds,GB,2025-12-05T20:55:14.715396
txn_01937,user_022,36.21,USD,TravelHub,US,2026-01-03T13:55:14.715400
txn_01938,user_403,28.05,USD,Spotify,IN,2025-11-08T10:55:14.715403
txn_01939,user_019,4761.71,USD,QuickLoans,BR,2026-01-03T11:55:14.715406
txn_01940,user_148,48.35,USD,Amazon,US,2025-10-29T22:55:14.715410
txn_01941,user_384,62.77,USD,Uber,US,2025-12-19T23:55:14.715413
txn_01942,user_423,76.97,USD,Electronics Hub,GB,2025-11-20T20:55:14.715416
txn_01943,user_147,37.45,USD,Electronics Hub,US,2025-12-31T11:55:14.715421
txn_01944,user_369,68.06,USD,Netflix,IN,2025-10-20T17:55:14.715425
txn_01945,user_102,18.44,USD,Amazon,GB,2025-10-18T07:55:14.715429
txn_01946,user_168,77.96,USD,Amazon,GB,2025-11-27T06:55:14.715432
txn_01947,user_389,11.3,USD,Netflix,GB,2025-11-09T16:55:14.715436
txn_01948,user_072,47.44,USD,Amazon,GB,2025-10-31T06:55:14.715439
txn_01949,user_252,54.0,USD,Spotify,GB,2025-12-20T01:55:14.715444
txn_01950,user_479,72.7,USD,Starbucks,US,2025-12-27T07:55:14.715448
txn_01951,user_072,16.62,USD,Amazon,US,2025-11-07T07:55:14.715451
txn_01952,user_475,95.89,USD,Amazon,US,2025-10-22T15:55:14.715455
txn_01953,user_265,89.54,USD,Software Store,US,2025-10-09T11:55:14.715458
txn_01954,user_488,3947.53,USD,Exotic Jewelry,BR,2026-01-03T20:55:14.715461
txn_01955,user_377,95.52,USD,Amazon,GB,2025-10-22T22:55:14.715466
txn_01956,user_482,47.45,USD,Starbucks,GB,2025-10-27T11:55:14.715469
txn_01957,user_365,30.19,USD,McDonalds,IN,2026-01-03T11:55:14.715473
txn_01958,user_441,81.33,USD,Netflix,US,2026-01-01T12:55:14.715476
txn_01959,user_316,88.6,USD,Local Grocery,US,2025-11-13T10:55:14.715480
txn_01960,user_235,78.5,USD,Amazon,IN,2025-12-05T08:55:14.715484
txn_01961,user_314,79.42,USD,Netflix,GB,2025-10-26T13:55:14.715487
txn_01962,user_033,32.9,USD,McDonalds,GB,2025-10-16T09:55:14.715490
txn_01963,user_047,42.85,USD,Local Grocery,GB,2025-10-26T22:55:14.715495
txn_01964,user_407,33.87,USD,Spotify,IN,2025-11-03T11:55:14.715499
txn_01965,user_255,13.21,USD,Uber,GB,2025-10-19T22:55:14.715502
txn_01966,user_002,96.17,USD,Amazon,IN,2025-11-06T13:55:14.715506
txn_01967,user_141,51.06,USD,Spotify,IN,2025-11-29T09:55:14.715509
txn_01968,user_162,35.5,USD,Spotify,US,2025-10-29T20:55:14.715513
txn_01969,user_415,94.57,USD,TravelHub,GB,2025-11-12T23:55:14.715516
txn_01970,user_021,82.86,USD,Starbucks,US,2025-10-30T22:55:14.715520
txn_01971,user_313,56.13,USD,Software Store,GB,2025-10-20T22:55:14.715523
txn_01972,user_219,23.78,USD,Electronics Hub,GB,2025-10-16T05:55:14.715528
txn_01973,user_091,74.76,USD,Amazon,GB,2025-10-14T05:55:14.715532
txn_01974,user_201,72.58,USD,Starbucks,GB,2025-11-24T05:55:14.715535
txn_01975,user_454,55.38,USD,Starbucks,US,2025-12-01T13:55:14.715539
txn_01976,user_021,32.9,USD,Electronics Hub,IN,2025-10-23T16:55:14.715542
txn_01977,user_019,33.42,USD,Starbucks,US,2025-10-07T22:55:14.715546
txn_01978,user_403,2499.12,USD,AdultWorld,RU,2026-01-04T12:55:14.715549
txn_01979,user_085,17.21,USD,Amazon,GB,2025-11-28T23:55:14.715552
txn_01980,user_266,58.82,USD,Amazon,GB,2025-12-25T18:55:14.715556
txn_01981,user_245,53.18,USD,Amazon,IN,2025-11-26T16:55:14.715559
txn_01982,user_084,17.67,USD,Spotify,GB,2025-11-30T23:55:14.715564
txn_01983,user_203,68.3,USD,TravelHub,IN,2025-10-08T23:55:14.715573
txn_01984,user_375,2899.26,USD,QuickLoans,CN,2026-01-03T18:55:14.715577
txn_01985,user_120,3785.2,USD,AdultWorld,NG,2026-01-03T12:55:14.715580
txn_01986,user_236,48.54,USD,Netflix,US,2025-12-25T14:55:14.715584
txn_01987,user_070,69.58,USD,TravelHub,IN,2025-12-27T17:55:14.715590
txn_01988,user_186,34.24,USD,McDonalds,US,2026-01-01T00:55:14.715594
txn_01989,user_392,61.52,USD,Netflix,IN,2025-11-14T18:55:14.715597
txn_01990,user_341,29.58,USD,Uber,US,2026-01-03T00:55:14.715601
txn_01991,user_395,822.76,USD,QuickLoans,CN,2026-01-05T01:55:14.715605
txn_01992,user_337,2947.6,USD,QuickLoans,RU,2026-01-04T22:55:14.715609
txn_01993,user_166,52.88,USD,Netflix,GB,2025-12-27T05:55:14.715614
txn_01994,user_161,43.08,USD,Spotify,US,2025-11-19T01:55:14.715619
txn_01995,user_447,95.7,USD,Software Store,IN,2025-10-27T16:55:14.715624
txn_01996,user_248,20.49,USD,Electronics Hub,GB,2025-12-06T03:55:14.715629
txn_01997,user_243,72.81,USD,Amazon,US,2025-12-23T09:55:14.715633
txn_01998,user_059,20.98,USD,McDonalds,GB,2025-11-11T03:55:14.715637
txn_01999,user_014,60.25,USD,Starbucks,IN,2025-11-19T05:55:14.715640
txn_02000,user_438,45.46,USD,Spotify,US,2025-10-07T01:55:14.715644
txn_02001,user_073,73.47,USD,Spotify,GB,2025-11-15T19:55:14.715649
txn_02002,user_171,88.95,USD,Starbucks,IN,2025-12-30T06:55:14.715653
txn_02003,user_213,46.99,USD,Amazon,GB,2025-12-30T04:55:14.715657
txn_02004,user_048,78.23,USD,TravelHub,GB,2025-10-31T01:55:14.715660
txn_02005,user_083,4551.53,USD,Exotic Jewelry,BR,2026-01-04T06:55:14.715663
txn_02006,user_259,72.94,USD,Electronics Hub,US,2025-10-11T05:55:14.715667
txn_02007,user_285,988.84,USD,LuxuryStore,NG,2026-01-03T22:55:14.715670
txn_02008,user_372,14.65,USD,Electronics Hub,US,2025-11-01T22:55:14.715673
txn_02009,user_424,58.23,USD,Amazon,IN,2025-12-05T07:55:14.715677
txn_02010,user_100,77.72,USD,TravelHub,IN,2025-12-14T14:55:14.715680
txn_02011,user_259,1498.74,USD,AdultWorld,CN,2026-01-03T17:55:14.715683
txn_02012,user_304,3425.66,USD,QuickLoans,CN,2026-01-03T21:55:14.715687
txn_02013,user_066,40.81,USD,Electronics Hub,IN,2025-12-26T09:55:14.715690
txn_02014,user_249,1055.12,USD,QuickLoans,BR,2026-01-04T02:55:14.715693
txn_02015,user_320,6.25,USD,Electronics Hub,US,2025-10-13T18:55:14.715696
txn_02016,user_039,40.0,USD,Uber,IN,2025-12-22T10:55:14.715700
txn_02017,user_233,73.73,USD,Software Store,IN,2025-12-15T13:55:14.715704
txn_02018,user_002,4632.3,USD,Online Gaming Co,CN,2026-01-03T13:55:14.715708
txn_02019,user_175,39.7,USD,Electronics Hub,US,2025-11-20T15:55:14.715713
txn_02020,user_262,569.04,USD,Exotic Jewelry,CN,2026-01-05T06:55:14.715716
txn_02021,user_013,80.63,USD,Netflix,GB,2025-11-24T14:55:14.715721
txn_02022,user_403,78.23,USD,McDonalds,GB,2025-10-20T09:55:14.715726
txn_02023,user_480,3593.29,USD,QuickLoans,RU,2026-01-03T19:55:14.715729
txn_02024,user_278,68.76,USD,Electronics Hub,US,2025-11-19T21:55:14.715732
txn_02025,user_266,24.62,USD,Local Grocery,GB,2025-11-25T07:55:14.715736
txn_02026,user_431,94.51,USD,Local Grocery,US,2025-12-02T20:55:14.715740
txn_02027,user_107,29.5,USD,Software Store,GB,2025-10-28T13:55:14.715743
txn_02028,user_247,88.31,USD,TravelHub,US,2025-12-25T15:55:14.715747
txn_02029,user_219,3610.81,USD,Online Gaming Co,RU,2026-01-04T14:55:14.715750
txn_02030,user_079,4128.78,USD,QuickLoans,CN,2026-01-03T15:55:14.715753
txn_02031,user_164,48.08,USD,Spotify,US,2025-10-30T09:55:14.715756
txn_02032,user_147,57.55,USD,Netflix,GB,2025-10-26T11:55:14.715760
txn_02033,user_071,50.98,USD,Software Store,IN,2026-01-04T03:55:14.715763
txn_02034,user_118,4516.62,USD,Online Gaming Co,NG,2026-01-05T05:55:14.715767
txn_02035,user_086,69.52,USD,TravelHub,US,2025-12-02T14:55:14.715770
txn_02036,user_475,85.81,USD,Netflix,US,2025-12-04T21:55:14.715774
txn_02037,user_179,32.53,USD,TravelHub,US,2025-10-07T01:55:14.715777
txn_02038,user_055,71.13,USD,Uber,IN,2025-12-30T22:55:14.715781
txn_02039,user_360,43.54,USD,Software Store,US,2026-01-02T10:55:14.715785
txn_02040,user_488,77.11,USD,TravelHub,GB,2025-12-13T13:55:14.715788
txn_02041,user_202,11.96,USD,Uber,IN,2025-11-12T02:55:14.715793
txn_02042,user_412,27.78,USD,Starbucks,US,2025-10-31T17:55:14.715796
txn_02043,user_413,57.77,USD,Amazon,GB,2025-12-05T21:55:14.715800
txn_02044,user_318,96.78,USD,Electronics Hub,GB,2025-12-27T14:55:14.715803
txn_02045,user_096,4222.85,USD,QuickLoans,CN,2026-01-03T14:55:14.715806
txn_02046,user_287,64.11,USD,Spotify,IN,2025-12-19T13:55:14.715810
txn_02047,user_089,70.56,USD,McDonalds,GB,2025-11-27T00:55:14.715813
txn_02048,user_267,20.07,USD,Software Store,US,2025-10-27T20:55:14.715817
txn_02049,user_157,71.55,USD,McDonalds,GB,2025-11-29T13:55:14.715820
txn_02050,user_302,4376.87,USD,AdultWorld,NG,2026-01-03T19:55:14.715824
txn_02051,user_167,52.85,USD,Software Store,GB,2025-10-23T23:55:14.715828
txn_02052,user_257,79.32,USD,Amazon,GB,2025-12-22T15:55:14.715832
txn_02053,user_350,13.79,USD,Uber,US,2026-01-02T12:55:14.715835
txn_02054,user_498,45.38,USD,Electronics Hub,GB,2025-11-26T17:55:14.715838
txn_02055,user_246,10.95,USD,Amazon,IN,2025-10-11T20:55:14.715842
txn_02056,user_429,75.65,USD,Electronics Hub,US,2025-11-03T09:55:14.715845
txn_02057,user_258,68.39,USD,McDonalds,IN,2025-11-12T02:55:14.715849
txn_02058,user_330,4725.7,USD,LuxuryStore,RU,2026-01-05T01:55:14.715852
txn_02059,user_127,2717.04,USD,AdultWorld,CN,2026-01-05T02:55:14.715855
txn_02060,user_309,2892.53,USD,Exotic Jewelry,RU,2026-01-04T22:55:14.715859
txn_02061,user_330,24.63,USD,Software Store,US,2025-11-15T06:55:14.715862
txn_02062,user_263,16.87,USD,Local Grocery,US,2026-01-05T00:55:14.715866
txn_02063,user_499,42.59,USD,Netflix,GB,2025-12-01T19:55:14.715869
txn_02064,user_008,17.39,USD,Starbucks,US,2025-12-29T00:55:14.715873
txn_02065,user_277,2343.45,USD,LuxuryStore,NG,2026-01-04T18:55:14.715876
txn_02066,user_440,28.73,USD,Spotify,US,2025-11-20T18:55:14.715880
txn_02067,user_307,35.23,USD,Local Grocery,US,2025-11-10T09:55:14.715883
txn_02068,user_017,9.36,USD,Local Grocery,US,2025-11-02T15:55:14.715886
txn_02069,user_012,56.9,USD,Local Grocery,GB,2025-11-22T06:55:14.715889
txn_02070,user_300,2199.93,USD,Online Gaming Co,CN,2026-01-04T21:55:14.715893
txn_02071,user_101,53.53,USD,Uber,US,2025-11-05T02:55:14.715896
txn_02072,user_032,16.6,USD,Starbucks,GB,2025-10-22T22:55:14.715900
txn_02073,user_426,28.31,USD,TravelHub,US,2025-12-22T18:55:14.715905
txn_02074,user_313,52.16,USD,Uber,IN,2025-11-11T23:55:14.715908
txn_02075,user_154,72.24,USD,TravelHub,GB,2025-10-15T19:55:14.715912
txn_02076,user_364,59.65,USD,Uber,IN,2025-12-06T12:55:14.715915
txn_02077,user_354,45.22,USD,Starbucks,IN,2025-10-14T15:55:14.715919
txn_02078,user_135,80.14,USD,Software Store,IN,2025-12-19T17:55:14.715922
txn_02079,user_050,42.81,USD,Electronics Hub,US,2025-11-05T01:55:14.715926
txn_02080,user_260,55.04,USD,TravelHub,IN,2026-01-01T06:55:14.715931
txn_02081,user_219,99.93,USD,Uber,IN,2025-12-11T15:55:14.715934
txn_02082,user_079,16.52,USD,Amazon,GB,2025-11-21T09:55:14.715938
txn_02083,user_012,47.52,USD,Starbucks,US,2025-10-19T01:55:14.715943
txn_02084,user_118,33.43,USD,Software Store,US,2025-12-22T12:55:14.715946
txn_02085,user_446,49.14,USD,Uber,GB,2025-12-21T13:55:14.715950
txn_02086,user_066,1600.44,USD,QuickLoans,CN,2026-01-03T13:55:14.715953
txn_02087,user_310,84.45,USD,Local Grocery,IN,2025-12-12T22:55:14.715956
txn_02088,user_321,77.69,USD,Uber,IN,2025-12-17T09:55:14.715960
txn_02089,user_321,87.76,USD,Starbucks,US,2025-12-11T21:55:14.715963
txn_02090,user_027,10.18,USD,Starbucks,GB,2025-12-03T02:55:14.715967
txn_02091,user_425,21.56,USD,Spotify,IN,2025-12-13T04:55:14.715970
txn_02092,user_056,26.42,USD,Starbucks,GB,2025-12-02T09:55:14.715974
txn_02093,user_294,78.11,USD,Local Grocery,IN,2025-10-18T03:55:14.715977
txn_02094,user_139,60.0,USD,Electronics Hub,IN,2025-12-27T18:55:14.715981
txn_02095,user_039,8.38,USD,Amazon,US,2025-10-20T05:55:14.715984
txn_02096,user_363,45.85,USD,McDonalds,US,2025-10-17T21:55:14.715988
txn_02097,user_049,90.55,USD,Starbucks,GB,2025-12-24T01:55:14.715991
txn_02098,user_225,62.95,USD,Starbucks,GB,2025-11-28T12:55:14.715995
txn_02099,user_454,65.89,USD,Uber,GB,2025-10-29T09:55:14.716000
txn_02100,user_306,32.98,USD,Uber,US,2025-11-02T04:55:14.716003
txn_02101,user_354,43.52,USD,Software Store,GB,2025-12-18T21:55:14.716006
txn_02102,user_027,99.78,USD,Software Store,IN,2025-11-24T19:55:14.716010
txn_02103,user_466,8.95,USD,Starbucks,IN,2025-11-25T01:55:14.716013
txn_02104,user_026,3499.8,USD,AdultWorld,BR,2026-01-03T20:55:14.716016
txn_02105,user_035,9.88,USD,Spotify,IN,2025-12-27T19:55:14.716020
txn_02106,user_429,16.58,USD,TravelHub,US,2025-12-30T10:55:14.716023
txn_02107,user_456,35.93,USD,Starbucks,US,2025-10-26T19:55:14.716026
txn_02108,user_002,35.12,USD,Netflix,GB,2025-10-09T07:55:14.716030
txn_02109,user_383,76.18,USD,Local Grocery,US,2025-11-28T07:55:14.716033
txn_02110,user_248,56.93,USD,Electronics Hub,GB,2025-11-10T10:55:14.716036
txn_02111,user_076,80.63,USD,Local Grocery,IN,2025-11-02T07:55:14.716040
txn_02112,user_193,49.48,USD,Netflix,IN,2025-12-09T22:55:14.716043
txn_02113,user_077,59.16,USD,Uber,IN,2025-11-04T04:55:14.716047
txn_02114,user_018,42.55,USD,Amazon,IN,2025-12-31T20:55:14.716050
txn_02115,user_133,1213.52,USD,LuxuryStore,CN,2026-01-04T20:55:14.716054
txn_02116,user_106,20.2,USD,Amazon,US,2025-11-18T19:55:14.716058
txn_02117,user_362,51.34,USD,Uber,US,2025-12-10T23:55:14.716062
txn_02118,user_077,40.68,USD,Software Store,US,2025-10-10T08:55:14.716065
txn_02119,user_045,1228.39,USD,Online Gaming Co,CN,2026-01-04T23:55:14.716069
txn_02120,user_249,2258.83,USD,Exotic Jewelry,BR,2026-01-04T19:55:14.716073
txn_02121,user_477,81.09,USD,Amazon,GB,2025-12-17T02:55:14.716076
txn_02122,user_428,48.37,USD,Uber,US,2025-12-08T16:55:14.716080
txn_02123,user_200,52.22,USD,Local Grocery,IN,2025-12-16T08:55:14.716084
txn_02124,user_121,75.19,USD,Netflix,US,2025-10-21T11:55:14.716088
txn_02125,user_364,53.03,USD,Netflix,US,2025-12-17T15:55:14.716092
txn_02126,user_320,643.79,USD,Online Gaming Co,NG,2026-01-05T09:55:14.716095
txn_02127,user_263,79.82,USD,Netflix,IN,2025-12-04T19:55:14.716099
txn_02128,user_259,95.42,USD,Uber,US,2025-11-15T06:55:14.716103
txn_02129,user_291,19.61,USD,Local Grocery,GB,2025-10-11T21:55:14.716108
txn_02130,user_426,14.53,USD,Amazon,GB,2025-12-06T00:55:14.716111
txn_02131,user_451,57.23,USD,Netflix,US,2025-10-27T22:55:14.716115
txn_02132,user_308,30.67,USD,Electronics Hub,GB,2026-01-04T23:55:14.716118
txn_02133,user_091,54.71,USD,Electronics Hub,IN,2025-10-07T05:55:14.716122
txn_02134,user_447,61.99,USD,Amazon,US,2025-11-22T19:55:14.716126
txn_02135,user_030,51.56,USD,Amazon,GB,2025-10-27T21:55:14.716129
txn_02136,user_342,43.6,USD,Electronics Hub,IN,2025-10-22T01:55:14.716133
txn_02137,user_269,1450.21,USD,Online Gaming Co,NG,2026-01-04T13:55:14.716136
txn_02138,user_383,23.04,USD,Software Store,IN,2025-10-26T02:55:14.716141
txn_02139,user_453,42.35,USD,Netflix,GB,2025-12-09T16:55:14.716144
txn_02140,user_177,90.67,USD,Local Grocery,US,2025-10-06T20:55:14.716148
txn_02141,user_075,65.8,USD,Starbucks,GB,2025-11-03T13:55:14.716151
txn_02142,user_079,4828.17,USD,QuickLoans,RU,2026-01-03T13:55:14.716155
txn_02143,user_061,49.57,USD,TravelHub,IN,2025-10-21T15:55:14.716158
txn_02144,user_417,44.17,USD,TravelHub,GB,2025-12-06T20:55:14.716161
txn_02145,user_226,61.66,USD,Uber,US,2025-12-20T00:55:14.716165
txn_02146,user_235,90.08,USD,Electronics Hub,IN,2026-01-01T14:55:14.716168
txn_02147,user_127,25.06,USD,Netflix,US,2025-12-23T11:55:14.716173
txn_02148,user_383,807.55,USD,Online Gaming Co,CN,2026-01-04T13:55:14.716176
txn_02149,user_057,79.44,USD,McDonalds,GB,2025-12-20T15:55:14.716180
txn_02150,user_135,30.28,USD,Netflix,US,2025-12-21T13:55:14.716184
txn_02151,user_465,34.79,USD,Software Store,IN,2025-10-14T23:55:14.716187
txn_02152,user_013,78.6,USD,Netflix,IN,2026-01-01T14:55:14.716190
txn_02153,user_394,23.97,USD,McDonalds,GB,2025-12-11T16:55:14.716194
txn_02154,user_391,97.19,USD,Starbucks,IN,2025-10-21T17:55:14.716198
txn_02155,user_425,37.88,USD,Local Grocery,GB,2025-12-28T07:55:14.716201
txn_02156,user_387,58.03,USD,Amazon,US,2025-11-27T05:55:14.716205
txn_02157,user_142,3924.45,USD,QuickLoans,CN,2026-01-04T12:55:14.716208
txn_02158,user_196,52.45,USD,Local Grocery,US,2025-11-05T10:55:14.716213
txn_02159,user_292,8.43,USD,Netflix,GB,2025-10-15T13:55:14.716217
txn_02160,user_471,55.85,USD,Local Grocery,US,2025-11-17T08:55:14.716220
txn_02161,user_101,76.6,USD,Spotify,IN,2025-12-25T18:55:14.716224
txn_02162,user_392,36.53,USD,Spotify,US,2025-12-22T11:55:14.716227
txn_02163,user_240,19.12,USD,Spotify,US,2025-12-12T02:55:14.716231
txn_02164,user_407,2133.74,USD,Exotic Jewelry,BR,2026-01-03T10:55:14.716234
txn_02165,user_473,17.11,USD,Starbucks,GB,2025-10-24T10:55:14.716237
txn_02166,user_176,77.49,USD,Netflix,GB,2026-01-01T16:55:14.716241
txn_02167,user_127,70.5,USD,Amazon,GB,2025-12-31T19:55:14.716245
txn_02168,user_289,78.54,USD,Netflix,US,2025-12-30T01:55:14.716248
txn_02169,user_013,56.09,USD,Spotify,GB,2025-12-05T01:55:14.716252
txn_02170,user_042,17.2,USD,TravelHub,IN,2025-11-26T16:55:14.716255
txn_02171,user_456,75.5,USD,Uber,GB,2025-12-03T19:55:14.716259
txn_02172,user_269,37.14,USD,Software Store,US,2025-10-17T21:55:14.716262
txn_02173,user_343,4418.22,USD,LuxuryStore,CN,2026-01-04T17:55:14.716266
txn_02174,user_447,3256.85,USD,LuxuryStore,BR,2026-01-04T18:55:14.716269
txn_02175,user_313,60.48,USD,McDonalds,GB,2025-11-18T10:55:14.716273
txn_02176,user_467,8.93,USD,Starbucks,US,2025-10-27T07:55:14.716278
txn_02177,user_088,1421.07,USD,Online Gaming Co,NG,2026-01-05T03:55:14.716283
txn_02178,user_315,48.75,USD,Uber,US,2025-11-09T02:55:14.716288
txn_02179,user_300,1348.07,USD,QuickLoans,CN,2026-01-03T22:55:14.716291
txn_02180,user_408,54.57,USD,Local Grocery,GB,2025-12-29T05:55:14.716295
txn_02181,user_138,21.52,USD,Uber,GB,2025-10-12T13:55:14.716298
txn_02182,user_128,848.27,USD,QuickLoans,CN,2026-01-04T13:55:14.716301
txn_02183,user_028,31.24,USD,Amazon,IN,2025-12-12T20:55:14.716305
txn_02184,user_359,1451.26,USD,AdultWorld,BR,2026-01-04T04:55:14.716308
txn_02185,user_086,33.53,USD,McDonalds,IN,2025-11-23T11:55:14.716312
txn_02186,user_185,80.05,USD,TravelHub,GB,2025-12-29T01:55:14.716315
txn_02187,user_187,46.35,USD,Amazon,GB,2025-10-19T14:55:14.716319
txn_02188,user_089,58.48,USD,McDonalds,GB,2025-11-15T04:55:14.716323
txn_02189,user_197,51.39,USD,McDonalds,GB,2025-12-12T15:55:14.716326
txn_02190,user_311,62.3,USD,Spotify,IN,2025-11-19T14:55:14.716330
txn_02191,user_396,82.45,USD,Uber,GB,2025-12-10T15:55:14.716333
txn_02192,user_489,8.06,USD,Spotify,US,2025-10-24T05:55:14.716337
txn_02193,user_423,6.44,USD,Netflix,IN,2025-11-08T08:55:14.716341
txn_02194,user_401,36.78,USD,Local Grocery,US,2025-10-22T14:55:14.716344
txn_02195,user_315,96.0,USD,TravelHub,IN,2025-11-20T08:55:14.716347
txn_02196,user_016,48.98,USD,McDonalds,IN,2025-11-08T05:55:14.716351
txn_02197,user_204,28.28,USD,Spotify,US,2025-12-22T03:55:14.716355
txn_02198,user_197,33.56,USD,Starbucks,GB,2025-10-19T15:55:14.716359
txn_02199,user_390,68.72,USD,Uber,US,2025-12-14T16:55:14.716363
txn_02200,user_091,14.47,USD,Uber,GB,2025-11-17T01:55:14.716366
txn_02201,user_361,19.68,USD,Netflix,IN,2025-12-08T23:55:14.716369
txn_02202,user_308,89.36,USD,McDonalds,GB,2025-12-11T22:55:14.716373
txn_02203,user_076,1385.93,USD,LuxuryStore,BR,2026-01-03T19:55:14.716376
txn_02204,user_339,87.82,USD,Spotify,US,2025-12-05T15:55:14.716380
txn_02205,user_421,15.21,USD,Uber,GB,2025-12-17T09:55:14.716383
txn_02206,user_456,82.88,USD,Netflix,US,2025-11-06T02:55:14.716386
txn_02207,user_030,91.27,USD,Amazon,GB,2025-12-20T13:55:14.716390
txn_02208,user_148,84.32,USD,TravelHub,GB,2025-12-27T12:55:14.716393
txn_02209,user_482,67.66,USD,TravelHub,US,2025-12-19T19:55:14.716397
txn_02210,user_013,2338.63,USD,Online Gaming Co,NG,2026-01-04T11:55:14.716401
txn_02211,user_348,62.38,USD,Local Grocery,GB,2025-12-02T13:55:14.716405
txn_02212,user_382,41.42,USD,Spotify,IN,2025-12-02T04:55:14.716408
txn_02213,user_387,51.91,USD,Electronics Hub,GB,2025-10-09T12:55:14.716412
txn_02214,user_424,57.0,USD,Starbucks,IN,2026-01-03T20:55:14.716415
txn_02215,user_276,1815.18,USD,AdultWorld,BR,2026-01-03T18:55:14.716419
txn_02216,user_271,88.39,USD,Software Store,IN,2025-12-12T00:55:14.716423
txn_02217,user_464,19.72,USD,McDonalds,GB,2025-10-21T16:55:14.716427
txn_02218,user_240,35.87,USD,Software Store,GB,2025-11-03T19:55:14.716431
txn_02219,user_309,76.1,USD,Local Grocery,IN,2025-12-27T17:55:14.716434
txn_02220,user_449,69.54,USD,Uber,GB,2025-11-20T08:55:14.716438
txn_02221,user_343,59.97,USD,Electronics Hub,US,2025-10-29T15:55:14.716442
txn_02222,user_124,90.98,USD,Local Grocery,IN,2025-10-07T22:55:14.716445
txn_02223,user_058,88.69,USD,Software Store,GB,2025-10-27T12:55:14.716449
txn_02224,user_108,18.99,USD,Uber,GB,2025-10-14T22:55:14.716453
txn_02225,user_251,31.26,USD,Spotify,US,2025-12-16T23:55:14.716456
txn_02226,user_074,32.52,USD,Local Grocery,US,2025-12-04T22:55:14.716461
txn_02227,user_385,64.21,USD,Uber,US,2025-12-27T04:55:14.716464
txn_02228,user_149,5.6,USD,Spotify,IN,2025-12-15T19:55:14.716468
txn_02229,user_439,99.17,USD,Amazon,GB,2025-11-19T14:55:14.716472
txn_02230,user_433,14.87,USD,Starbucks,IN,2025-10-30T18:55:14.716475
txn_02231,user_061,70.04,USD,Software Store,IN,2025-12-09T10:55:14.716479
txn_02232,user_151,11.55,USD,Spotify,US,2026-01-02T10:55:14.716483
txn_02233,user_288,56.52,USD,Software Store,US,2025-12-12T09:55:14.716486
txn_02234,user_049,24.28,USD,Spotify,IN,2025-11-15T14:55:14.716490
txn_02235,user_054,19.77,USD,Local Grocery,GB,2025-12-22T17:55:14.716493
txn_02236,user_239,96.96,USD,Amazon,GB,2025-10-22T00:55:14.716498
txn_02237,user_043,48.09,USD,Uber,IN,2025-12-01T11:55:14.716502
txn_02238,user_499,55.71,USD,TravelHub,GB,2025-10-25T02:55:14.716505
txn_02239,user_310,84.95,USD,Uber,GB,2025-11-12T05:55:14.716509
txn_02240,user_010,46.99,USD,TravelHub,GB,2025-12-23T21:55:14.716512
txn_02241,user_363,14.76,USD,Amazon,GB,2025-10-28T13:55:14.716516
txn_02242,user_073,50.07,USD,Software Store,US,2025-11-07T02:55:14.716521
txn_02243,user_108,9.4,USD,Amazon,GB,2025-11-15T21:55:14.716525
txn_02244,user_174,9.68,USD,McDonalds,US,2025-12-29T13:55:14.716528
txn_02245,user_103,85.77,USD,Software Store,IN,2026-01-02T15:55:14.716532
txn_02246,user_456,55.64,USD,Local Grocery,GB,2025-12-31T21:55:14.716535
txn_02247,user_280,66.23,USD,Amazon,GB,2025-11-16T10:55:14.716540
txn_02248,user_294,58.67,USD,Software Store,GB,2025-12-14T14:55:14.716545
txn_02249,user_462,65.98,USD,Netflix,GB,2025-12-29T05:55:14.716551
txn_02250,user_349,64.99,USD,Software Store,IN,2025-12-29T12:55:14.716555
txn_02251,user_100,29.63,USD,Software Store,US,2025-10-15T03:55:14.716559
txn_02252,user_102,60.33,USD,Spotify,IN,2025-12-27T04:55:14.716563
txn_02253,user_365,4648.18,USD,QuickLoans,BR,2026-01-04T08:55:14.716568
txn_02254,user_368,44.14,USD,Local Grocery,US,2025-12-05T04:55:14.716572
txn_02255,user_371,38.11,USD,Spotify,GB,2025-11-12T22:55:14.716577
txn_02256,user_154,42.72,USD,Software Store,GB,2025-10-22T18:55:14.716580
txn_02257,user_068,6.47,USD,TravelHub,US,2026-01-02T05:55:14.716587
txn_02258,user_444,68.5,USD,Software Store,GB,2025-12-28T05:55:14.716591
txn_02259,user_079,14.12,USD,Amazon,GB,2025-10-07T16:55:14.716595
txn_02260,user_361,81.56,USD,Starbucks,GB,2025-12-25T16:55:14.716599
txn_02261,user_268,82.94,USD,Starbucks,GB,2025-10-28T12:55:14.716602
txn_02262,user_460,26.84,USD,Uber,IN,2025-11-15T17:55:14.716606
txn_02263,user_252,72.75,USD,Starbucks,GB,2025-12-03T17:55:14.716609
txn_02264,user_452,4780.84,USD,Online Gaming Co,RU,2026-01-03T21:55:14.716612
txn_02265,user_020,27.18,USD,Local Grocery,GB,2025-12-14T16:55:14.716616
txn_02266,user_103,18.8,USD,Electronics Hub,IN,2025-12-29T19:55:14.716620
txn_02267,user_078,54.87,USD,Software Store,IN,2025-11-26T23:55:14.716623
txn_02268,user_082,32.03,USD,Starbucks,GB,2025-12-03T13:55:14.716627
txn_02269,user_494,70.64,USD,Spotify,IN,2025-11-08T00:55:14.716630
txn_02270,user_346,3993.37,USD,QuickLoans,CN,2026-01-04T01:55:14.716634
txn_02271,user_115,4161.91,USD,LuxuryStore,NG,2026-01-04T07:55:14.716637
txn_02272,user_212,73.15,USD,Software Store,GB,2025-10-14T03:55:14.716640
txn_02273,user_079,73.81,USD,McDonalds,GB,2026-01-04T10:55:14.716644
txn_02274,user_267,81.31,USD,Software Store,US,2025-11-04T12:55:14.716649
txn_02275,user_486,60.64,USD,Software Store,GB,2025-12-21T19:55:14.716653
txn_02276,user_488,14.91,USD,Amazon,GB,2025-10-10T23:55:14.716657
txn_02277,user_088,72.27,USD,McDonalds,GB,2025-11-04T02:55:14.716662
txn_02278,user_164,31.67,USD,Electronics Hub,GB,2026-01-01T04:55:14.716666
txn_02279,user_437,2621.18,USD,QuickLoans,CN,2026-01-03T23:55:14.716669
txn_02280,user_146,78.63,USD,Electronics Hub,IN,2025-10-11T23:55:14.716672
txn_02281,user_037,26.64,USD,Uber,IN,2025-12-23T13:55:14.716676
txn_02282,user_422,37.67,USD,Spotify,US,2025-11-26T10:55:14.716680
txn_02283,user_091,22.18,USD,Local Grocery,US,2025-11-19T02:55:14.716683
txn_02284,user_131,38.68,USD,Uber,IN,2025-12-25T18:55:14.716687
txn_02285,user_047,82.49,USD,McDonalds,IN,2026-01-03T09:55:14.716691
txn_02286,user_498,61.96,USD,Netflix,IN,2025-12-13T21:55:14.716694
txn_02287,user_097,39.07,USD,Local Grocery,US,2025-11-01T08:55:14.716698
txn_02288,user_084,29.69,USD,Uber,IN,2025-10-22T15:55:14.716701
txn_02289,user_274,45.92,USD,Software Store,US,2025-12-27T08:55:14.716705
txn_02290,user_247,7.98,USD,Spotify,GB,2025-11-11T23:55:14.716708
txn_02291,user_007,64.99,USD,TravelHub,GB,2025-11-09T18:55:14.716712
txn_02292,user_213,64.88,USD,TravelHub,IN,2025-10-20T13:55:14.716715
txn_02293,user_324,96.12,USD,Starbucks,IN,2025-12-05T08:55:14.716719
txn_02294,user_310,14.4,USD,Uber,US,2025-11-26T02:55:14.716724
txn_02295,user_252,32.94,USD,Starbucks,GB,2025-11-30T04:55:14.716727
txn_02296,user_053,77.82,USD,Starbucks,GB,2025-11-04T17:55:14.716731
txn_02297,user_009,36.37,USD,Local Grocery,US,2025-12-09T18:55:14.716734
txn_02298,user_059,35.99,USD,Starbucks,US,2025-11-07T19:55:14.716738
txn_02299,user_363,43.62,USD,Netflix,IN,2025-10-26T00:55:14.716741
txn_02300,user_170,3046.75,USD,Exotic Jewelry,RU,2026-01-04T02:55:14.716744
txn_02301,user_230,72.62,USD,Electronics Hub,GB,2025-11-17T20:55:14.716748
txn_02302,user_081,46.63,USD,Software Store,GB,2025-10-22T18:55:14.716751
txn_02303,user_310,21.24,USD,Local Grocery,GB,2025-12-08T13:55:14.716755
txn_02304,user_084,6.58,USD,Uber,IN,2025-11-22T03:55:14.716759
txn_02305,user_299,49.37,USD,Amazon,GB,2025-11-24T20:55:14.716762
txn_02306,user_343,9.16,USD,Software Store,GB,2026-01-05T04:55:14.716767
txn_02307,user_055,20.72,USD,McDonalds,GB,2025-12-15T17:55:14.716771
txn_02308,user_382,77.51,USD,McDonalds,IN,2025-10-06T20:55:14.716774
txn_02309,user_455,10.77,USD,Uber,IN,2026-01-04T17:55:14.716778
txn_02310,user_067,72.14,USD,Spotify,GB,2025-12-03T17:55:14.716781
txn_02311,user_177,86.18,USD,Starbucks,IN,2026-01-03T02:55:14.716785
txn_02312,user_264,28.91,USD,Local Grocery,GB,2025-12-09T00:55:14.716788
txn_02313,user_188,69.06,USD,Amazon,US,2025-11-27T13:55:14.716792
txn_02314,user_101,56.81,USD,Software Store,IN,2025-11-15T07:55:14.716797
txn_02315,user_137,37.36,USD,Uber,IN,2025-11-29T20:55:14.716800
txn_02316,user_068,77.58,USD,Uber,GB,2025-10-18T08:55:14.716804
txn_02317,user_469,80.28,USD,Netflix,GB,2025-11-03T01:55:14.716807
txn_02318,user_447,10.18,USD,Amazon,GB,2025-12-11T10:55:14.716811
txn_02319,user_215,4697.62,USD,AdultWorld,RU,2026-01-04T03:55:14.716814
txn_02320,user_280,19.07,USD,Software Store,IN,2025-10-13T04:55:14.716818
txn_02321,user_280,51.25,USD,Spotify,US,2025-12-06T05:55:14.716822
txn_02322,user_155,97.46,USD,Local Grocery,GB,2025-11-15T17:55:14.716825
txn_02323,user_234,58.33,USD,Spotify,US,2025-11-08T23:55:14.716828
txn_02324,user_378,71.55,USD,Software Store,US,2025-10-26T10:55:14.716832
txn_02325,user_210,5.43,USD,Netflix,IN,2025-12-20T11:55:14.716836
txn_02326,user_276,4690.58,USD,Online Gaming Co,CN,2026-01-04T09:55:14.716839
txn_02327,user_251,863.71,USD,QuickLoans,NG,2026-01-05T00:55:14.716843
txn_02328,user_192,33.9,USD,Spotify,IN,2025-10-09T22:55:14.716847
txn_02329,user_096,76.82,USD,Starbucks,US,2025-10-14T23:55:14.716851
txn_02330,user_053,15.58,USD,McDonalds,GB,2025-12-17T07:55:14.716854
txn_02331,user_042,90.37,USD,Amazon,IN,2025-10-31T05:55:14.716858
txn_02332,user_389,59.66,USD,Electronics Hub,GB,2025-11-15T06:55:14.716862
txn_02333,user_145,30.01,USD,Local Grocery,GB,2025-10-23T10:55:14.716867
txn_02334,user_163,14.19,USD,McDonalds,IN,2025-12-05T18:55:14.716870
txn_02335,user_368,15.4,USD,Local Grocery,GB,2025-11-03T00:55:14.716874
txn_02336,user_060,89.45,USD,Uber,GB,2025-10-26T16:55:14.716877
txn_02337,user_157,80.74,USD,Spotify,IN,2025-12-03T07:55:14.716881
txn_02338,user_005,52.41,USD,Starbucks,GB,2025-12-23T07:55:14.716885
txn_02339,user_032,56.03,USD,Uber,GB,2026-01-01T10:55:14.716889
txn_02340,user_262,7.73,USD,Netflix,GB,2025-12-29T03:55:14.716893
txn_02341,user_487,1455.71,USD,LuxuryStore,RU,2026-01-03T17:55:14.716896
txn_02342,user_433,49.64,USD,Netflix,IN,2025-12-21T21:55:14.716899
txn_02343,user_256,61.18,USD,Spotify,GB,2025-10-12T20:55:14.716902
txn_02344,user_451,90.05,USD,Local Grocery,IN,2025-12-03T18:55:14.716906
txn_02345,user_417,19.17,USD,Local Grocery,IN,2025-11-08T21:55:14.716910
txn_02346,user_031,28.53,USD,Starbucks,GB,2025-11-16T01:55:14.716913
txn_02347,user_015,3657.64,USD,Online Gaming Co,RU,2026-01-04T00:55:14.716916
txn_02348,user_015,97.33,USD,Netflix,GB,2025-10-23T23:55:14.716920
txn_02349,user_426,54.93,USD,Software Store,GB,2025-11-18T23:55:14.716923
txn_02350,user_274,39.71,USD,Starbucks,GB,2025-11-19T21:55:14.716926
txn_02351,user_464,90.4,USD,Local Grocery,US,2025-12-23T11:55:14.716930
txn_02352,user_369,13.66,USD,McDonalds,IN,2025-12-31T17:55:14.716933
txn_02353,user_347,54.14,USD,Software Store,IN,2025-12-11T21:55:14.716938
txn_02354,user_249,3792.45,USD,Exotic Jewelry,NG,2026-01-04T07:55:14.716941
txn_02355,user_028,29.73,USD,Electronics Hub,GB,2025-10-14T23:55:14.716945
txn_02356,user_018,92.88,USD,Local Grocery,GB,2026-01-03T05:55:14.716948
txn_02357,user_498,11.22,USD,McDonalds,GB,2025-11-17T03:55:14.716952
txn_02358,user_257,711.56,USD,Exotic Jewelry,BR,2026-01-04T20:55:14.716955
txn_02359,user_196,55.87,USD,Local Grocery,IN,2025-11-14T03:55:14.716959
txn_02360,user_261,45.15,USD,Amazon,US,2025-12-21T00:55:14.716962
txn_02361,user_263,8.37,USD,Spotify,US,2026-01-04T13:55:14.716966
txn_02362,user_022,23.14,USD,Uber,US,2026-01-03T06:55:14.716969
txn_02363,user_309,66.56,USD,McDonalds,US,2025-12-09T13:55:14.716973
txn_02364,user_297,36.98,USD,TravelHub,GB,2026-01-05T06:55:14.716976
txn_02365,user_225,50.95,USD,Amazon,IN,2025-11-30T05:55:14.716979
txn_02366,user_424,12.2,USD,Spotify,US,2025-10-25T05:55:14.716983
txn_02367,user_102,10.28,USD,Software Store,GB,2025-10-19T09:55:14.716987
txn_02368,user_107,1750.8,USD,QuickLoans,NG,2026-01-05T09:55:14.716990
txn_02369,user_167,53.61,USD,Netflix,IN,2025-11-21T09:55:14.716993
txn_02370,user_470,3020.55,USD,Exotic Jewelry,RU,2026-01-05T06:55:14.716998
txn_02371,user_089,88.41,USD,Electronics Hub,US,2025-12-20T14:55:14.717002
txn_02372,user_071,28.95,USD,Netflix,IN,2025-12-07T08:55:14.717006
txn_02373,user_113,14.01,USD,Netflix,IN,2025-11-08T11:55:14.717010
txn_02374,user_023,28.13,USD,Local Grocery,IN,2025-11-18T08:55:14.717014
txn_02375,user_252,41.69,USD,Netflix,GB,2026-01-03T06:55:14.717017
txn_02376,user_390,30.92,USD,Software Store,US,2025-12-09T08:55:14.717021
txn_02377,user_025,40.83,USD,TravelHub,US,2025-11-06T08:55:14.717024
txn_02378,user_052,53.77,USD,Starbucks,US,2026-01-02T12:55:14.717028
txn_02379,user_258,44.62,USD,Electronics Hub,IN,2025-10-09T02:55:14.717031
txn_02380,user_371,87.32,USD,Amazon,IN,2025-11-10T22:55:14.717036
txn_02381,user_415,24.87,USD,Starbucks,US,2025-10-14T04:55:14.717040
txn_02382,user_491,40.12,USD,McDonalds,US,2025-11-18T10:55:14.717044
txn_02383,user_443,4336.81,USD,Online Gaming Co,CN,2026-01-04T01:55:14.717048
txn_02384,user_264,88.38,USD,TravelHub,IN,2025-11-08T05:55:14.717052
txn_02385,user_363,64.99,USD,Netflix,GB,2025-10-08T21:55:14.717056
txn_02386,user_237,63.54,USD,Netflix,IN,2025-10-10T13:55:14.717059
txn_02387,user_385,66.29,USD,Spotify,IN,2025-10-12T02:55:14.717063
txn_02388,user_049,1479.95,USD,Exotic Jewelry,CN,2026-01-05T04:55:14.717066
txn_02389,user_350,70.42,USD,TravelHub,US,2025-10-09T11:55:14.717069
txn_02390,user_001,13.57,USD,Amazon,GB,2025-10-23T22:55:14.717073
txn_02391,user_288,75.24,USD,TravelHub,IN,2025-10-16T19:55:14.717076
txn_02392,user_210,60.35,USD,Netflix,US,2025-12-17T02:55:14.717081
txn_02393,user_448,1274.59,USD,Online Gaming Co,NG,2026-01-03T20:55:14.717084
txn_02394,user_052,8.92,USD,TravelHub,IN,2025-10-24T01:55:14.717088
txn_02395,user_403,62.96,USD,Spotify,GB,2025-12-27T15:55:14.717091
txn_02396,user_351,22.13,USD,McDonalds,IN,2025-12-23T09:55:14.717095
txn_02397,user_481,86.2,USD,McDonalds,IN,2025-10-16T18:55:14.717098
txn_02398,user_208,37.04,USD,McDonalds,IN,2025-11-02T18:55:14.717102
txn_02399,user_141,83.25,USD,Amazon,IN,2025-10-07T05:55:14.717105
txn_02400,user_096,78.24,USD,Starbucks,IN,2025-10-07T02:55:14.717109
txn_02401,user_144,26.8,USD,Netflix,US,2025-11-08T09:55:14.717113
txn_02402,user_473,3676.05,USD,LuxuryStore,NG,2026-01-03T19:55:14.717117
txn_02403,user_444,54.62,USD,Uber,IN,2025-10-31T05:55:14.717121
txn_02404,user_325,73.4,USD,Spotify,US,2025-11-26T04:55:14.717124
txn_02405,user_152,32.32,USD,Spotify,IN,2025-10-09T01:55:14.717128
txn_02406,user_247,2483.67,USD,QuickLoans,NG,2026-01-04T14:55:14.717131
txn_02407,user_041,47.55,USD,Amazon,IN,2025-11-21T01:55:14.717135
txn_02408,user_125,4332.57,USD,Exotic Jewelry,RU,2026-01-03T17:55:14.717138
txn_02409,user_313,3660.91,USD,AdultWorld,NG,2026-01-03T23:55:14.717141
txn_02410,user_179,81.55,USD,Spotify,IN,2025-10-27T14:55:14.717145
txn_02411,user_381,86.43,USD,Amazon,IN,2025-10-23T11:55:14.717149
txn_02412,user_356,86.08,USD,Electronics Hub,US,2025-11-17T15:55:14.717153
txn_02413,user_098,934.88,USD,AdultWorld,RU,2026-01-04T10:55:14.717156
txn_02414,user_471,54.91,USD,Local Grocery,US,2025-10-25T21:55:14.717160
txn_02415,user_147,79.82,USD,Software Store,US,2025-12-17T00:55:14.717163
txn_02416,user_340,5.25,USD,Local Grocery,US,2025-10-26T13:55:14.717167
txn_02417,user_091,39.27,USD,Local Grocery,GB,2025-10-28T04:55:14.717171
txn_02418,user_115,99.49,USD,TravelHub,IN,2025-12-10T12:55:14.717174
txn_02419,user_051,602.08,USD,AdultWorld,NG,2026-01-03T10:55:14.717177
txn_02420,user_300,64.69,USD,Netflix,IN,2025-12-13T06:55:14.717181
txn_02421,user_251,64.65,USD,Local Grocery,GB,2025-12-30T11:55:14.717184
txn_02422,user_088,26.17,USD,Starbucks,GB,2025-12-23T14:55:14.717188
txn_02423,user_037,1476.25,USD,Online Gaming Co,NG,2026-01-04T20:55:14.717191
txn_02424,user_226,45.57,USD,Uber,IN,2025-11-27T21:55:14.717194
txn_02425,user_062,8.9,USD,Spotify,GB,2025-11-04T10:55:14.717198
txn_02426,user_187,1045.76,USD,LuxuryStore,CN,2026-01-04T07:55:14.717201
txn_02427,user_140,85.95,USD,McDonalds,IN,2025-12-03T12:55:14.717205
txn_02428,user_402,44.5,USD,Netflix,IN,2026-01-02T06:55:14.717208
txn_02429,user_235,1575.8,USD,Exotic Jewelry,CN,2026-01-04T09:55:14.717211
txn_02430,user_287,95.04,USD,McDonalds,US,2025-10-24T18:55:14.717216
txn_02431,user_353,60.86,USD,Starbucks,IN,2025-10-11T05:55:14.717221
txn_02432,user_078,82.96,USD,TravelHub,IN,2025-12-23T14:55:14.717225
txn_02433,user_068,3049.78,USD,Exotic Jewelry,CN,2026-01-04T08:55:14.717229
txn_02434,user_368,86.93,USD,Amazon,IN,2025-11-03T10:55:14.717233
txn_02435,user_327,84.43,USD,McDonalds,IN,2025-12-07T10:55:14.717236
txn_02436,user_493,49.83,USD,Electronics Hub,IN,2025-12-21T04:55:14.717240
txn_02437,user_341,60.38,USD,McDonalds,GB,2025-12-04T19:55:14.717244
txn_02438,user_480,37.47,USD,Software Store,IN,2025-10-24T09:55:14.717247
txn_02439,user_430,82.58,USD,TravelHub,GB,2025-12-26T19:55:14.717251
txn_02440,user_050,40.06,USD,Software Store,IN,2025-10-22T12:55:14.717255
txn_02441,user_098,962.34,USD,AdultWorld,NG,2026-01-04T16:55:14.717258
txn_02442,user_100,15.16,USD,Starbucks,IN,2025-12-20T12:55:14.717261
txn_02443,user_343,48.23,USD,Netflix,GB,2025-12-30T13:55:14.717265
txn_02444,user_087,87.72,USD,McDonalds,US,2025-11-13T07:55:14.717268
txn_02445,user_228,96.79,USD,Electronics Hub,IN,2025-10-07T00:55:14.717272
txn_02446,user_186,1895.18,USD,Online Gaming Co,NG,2026-01-04T07:55:14.717276
txn_02447,user_474,25.82,USD,Electronics Hub,IN,2025-10-27T12:55:14.717279
txn_02448,user_065,68.95,USD,Amazon,US,2025-12-14T15:55:14.717283
txn_02449,user_274,1195.69,USD,AdultWorld,BR,2026-01-04T04:55:14.717286
txn_02450,user_495,48.44,USD,Amazon,GB,2025-11-12T01:55:14.717291
txn_02451,user_274,95.94,USD,Amazon,US,2026-01-03T15:55:14.717295
txn_02452,user_347,36.21,USD,Spotify,US,2025-12-12T17:55:14.717298
txn_02453,user_425,14.85,USD,TravelHub,US,2025-11-21T09:55:14.717302
txn_02454,user_377,17.55,USD,Uber,IN,2025-11-16T22:55:14.717305
txn_02455,user_145,39.21,USD,Local Grocery,IN,2025-12-22T01:55:14.717309
txn_02456,user_421,44.82,USD,TravelHub,IN,2025-11-28T23:55:14.717313
txn_02457,user_272,77.87,USD,Starbucks,IN,2025-11-12T12:55:14.717316
txn_02458,user_027,31.19,USD,Starbucks,GB,2025-11-14T20:55:14.717319
txn_02459,user_124,21.8,USD,Local Grocery,GB,2025-10-18T06:55:14.717323
txn_02460,user_289,17.98,USD,Uber,GB,2026-01-02T10:55:14.717327
txn_02461,user_314,13.24,USD,Netflix,GB,2025-11-11T23:55:14.717330
txn_02462,user_124,91.14,USD,TravelHub,US,2025-12-02T04:55:14.717334
txn_02463,user_494,1606.02,USD,Online Gaming Co,NG,2026-01-04T16:55:14.717337
txn_02464,user_170,31.08,USD,TravelHub,US,2025-11-15T22:55:14.717341
txn_02465,user_263,21.05,USD,Electronics Hub,GB,2025-10-21T13:55:14.717346
txn_02466,user_342,12.12,USD,McDonalds,GB,2025-12-22T08:55:14.717350
txn_02467,user_408,65.21,USD,Uber,IN,2025-10-22T00:55:14.717353
txn_02468,user_471,30.03,USD,Uber,IN,2025-11-23T02:55:14.717357
txn_02469,user_110,3881.53,USD,Exotic Jewelry,RU,2026-01-05T06:55:14.717360
txn_02470,user_313,13.23,USD,Electronics Hub,GB,2025-11-23T02:55:14.717365
txn_02471,user_083,41.97,USD,Spotify,GB,2025-10-13T20:55:14.717369
txn_02472,user_273,4408.73,USD,Exotic Jewelry,NG,2026-01-03T19:55:14.717372
txn_02473,user_434,84.86,USD,Starbucks,IN,2025-11-17T02:55:14.717376
txn_02474,user_222,65.28,USD,Local Grocery,US,2025-10-22T22:55:14.717380
txn_02475,user_326,34.26,USD,Local Grocery,US,2025-10-19T05:55:14.717383
txn_02476,user_240,63.27,USD,Local Grocery,GB,2026-01-02T11:55:14.717387
txn_02477,user_071,3272.79,USD,QuickLoans,NG,2026-01-05T00:55:14.717390
txn_02478,user_443,1180.37,USD,Exotic Jewelry,RU,2026-01-04T16:55:14.717394
txn_02479,user_156,91.73,USD,Uber,GB,2025-10-10T01:55:14.717397
txn_02480,user_133,69.39,USD,Uber,GB,2025-10-20T19:55:14.717401
txn_02481,user_087,74.39,USD,Netflix,US,2025-11-16T09:55:14.717406
txn_02482,user_055,64.84,USD,Starbucks,GB,2025-10-31T14:55:14.717409
txn_02483,user_361,6.92,USD,Software Store,IN,2025-12-16T03:55:14.717413
txn_02484,user_136,48.6,USD,Local Grocery,US,2025-11-18T07:55:14.717417
txn_02485,user_075,14.32,USD,TravelHub,IN,2025-12-14T18:55:14.717421
txn_02486,user_483,77.79,USD,Amazon,GB,2025-12-02T10:55:14.717425
txn_02487,user_453,2109.48,USD,LuxuryStore,RU,2026-01-03T10:55:14.717428
txn_02488,user_381,49.59,USD,Spotify,IN,2025-10-17T09:55:14.717432
txn_02489,user_183,55.76,USD,Starbucks,US,2025-10-09T19:55:14.717437
txn_02490,user_225,91.09,USD,Spotify,IN,2025-11-18T15:55:14.717441
txn_02491,user_472,16.35,USD,Software Store,GB,2025-12-06T15:55:14.717444
txn_02492,user_103,47.02,USD,Netflix,GB,2025-10-14T14:55:14.717448
txn_02493,user_367,933.57,USD,QuickLoans,NG,2026-01-04T05:55:14.717451
txn_02494,user_352,6.78,USD,TravelHub,GB,2025-11-26T14:55:14.717455
txn_02495,user_185,4874.84,USD,AdultWorld,BR,2026-01-04T23:55:14.717458
txn_02496,user_380,59.66,USD,Local Grocery,GB,2025-11-15T06:55:14.717462
txn_02497,user_438,24.65,USD,McDonalds,GB,2025-10-29T01:55:14.717466
txn_02498,user_213,40.73,USD,Starbucks,US,2025-10-24T03:55:14.717470
txn_02499,user_463,21.83,USD,Spotify,GB,2025-12-03T04:55:14.717474
txn_02500,user_218,46.08,USD,Amazon,IN,2025-12-18T08:55:14.717477
txn_02501,user_260,66.5,USD,Software Store,GB,2025-11-08T01:55:14.717481
txn_02502,user_074,22.35,USD,Electronics Hub,IN,2025-12-05T15:55:14.717485
txn_02503,user_062,47.46,USD,Starbucks,US,2025-12-05T06:55:14.717489
txn_02504,user_335,43.27,USD,McDonalds,GB,2025-11-15T04:55:14.717493
txn_02505,user_226,44.25,USD,Electronics Hub,IN,2025-11-30T13:55:14.717496
txn_02506,user_163,98.08,USD,Spotify,US,2025-10-31T05:55:14.717500
txn_02507,user_239,83.92,USD,Local Grocery,GB,2025-12-19T21:55:14.717504
txn_02508,user_428,56.19,USD,McDonalds,GB,2025-12-22T11:55:14.717507
txn_02509,user_386,8.89,USD,Uber,GB,2025-11-14T18:55:14.717512
txn_02510,user_331,74.66,USD,McDonalds,GB,2025-10-07T01:55:14.717516
txn_02511,user_319,45.28,USD,Software Store,US,2025-10-20T19:55:14.717521
txn_02512,user_217,86.17,USD,Netflix,US,2025-10-08T03:55:14.717525
txn_02513,user_249,88.65,USD,Uber,GB,2025-11-19T17:55:14.717529
txn_02514,user_084,20.77,USD,Local Grocery,US,2025-11-12T15:55:14.717532
txn_02515,user_323,17.0,USD,Uber,GB,2025-11-10T20:55:14.717536
txn_02516,user_011,94.99,USD,Amazon,GB,2025-11-24T13:55:14.717539
txn_02517,user_422,91.77,USD,McDonalds,US,2025-11-22T07:55:14.717543
txn_02518,user_107,87.08,USD,Electronics Hub,US,2025-12-01T12:55:14.717547
txn_02519,user_213,86.28,USD,Netflix,IN,2025-10-26T19:55:14.717550
txn_02520,user_241,74.4,USD,Electronics Hub,US,2025-10-17T19:55:14.717554
txn_02521,user_148,59.35,USD,McDonalds,IN,2025-12-05T22:55:14.717558
txn_02522,user_341,81.59,USD,Local Grocery,IN,2025-11-17T13:55:14.717562
txn_02523,user_420,69.83,USD,Starbucks,US,2025-12-07T23:55:14.717569
txn_02524,user_270,62.31,USD,Uber,US,2025-12-08T22:55:14.717573
txn_02525,user_088,5.56,USD,TravelHub,GB,2025-11-17T03:55:14.717576
txn_02526,user_159,45.34,USD,Local Grocery,GB,2025-12-19T13:55:14.717580
txn_02527,user_343,44.82,USD,TravelHub,GB,2025-11-15T14:55:14.717584
txn_02528,user_354,77.91,USD,Spotify,GB,2026-01-04T01:55:14.717588
txn_02529,user_107,17.0,USD,Netflix,GB,2025-12-10T11:55:14.717594
txn_02530,user_266,31.73,USD,McDonalds,IN,2025-10-20T01:55:14.717597
txn_02531,user_403,78.11,USD,Uber,GB,2025-11-22T12:55:14.717601
txn_02532,user_101,1335.53,USD,LuxuryStore,RU,2026-01-03T10:55:14.717605
txn_02533,user_337,53.49,USD,Electronics Hub,IN,2025-11-04T00:55:14.717611
txn_02534,user_440,3655.9,USD,QuickLoans,NG,2026-01-04T05:55:14.717615
txn_02535,user_103,94.89,USD,Spotify,GB,2025-12-02T04:55:14.717619
txn_02536,user_211,18.29,USD,Electronics Hub,US,2025-11-25T20:55:14.717622
txn_02537,user_466,7.38,USD,Spotify,IN,2025-11-24T19:55:14.717626
txn_02538,user_417,36.01,USD,TravelHub,IN,2025-11-07T17:55:14.717630
txn_02539,user_449,14.63,USD,McDonalds,GB,2025-12-29T10:55:14.717633
txn_02540,user_052,50.0,USD,Local Grocery,US,2025-12-24T17:55:14.717637
txn_02541,user_349,64.48,USD,Spotify,IN,2025-11-29T19:55:14.717641
txn_02542,user_087,86.34,USD,Local Grocery,IN,2025-12-22T22:55:14.717645
txn_02543,user_133,44.64,USD,McDonalds,GB,2025-10-06T22:55:14.717650
txn_02544,user_154,25.39,USD,McDonalds,GB,2025-11-25T21:55:14.717653
txn_02545,user_444,55.85,USD,Software Store,GB,2025-11-13T15:55:14.717657
txn_02546,user_415,38.33,USD,Local Grocery,IN,2025-11-04T05:55:14.717660
txn_02547,user_305,28.18,USD,Amazon,IN,2025-12-12T02:55:14.717664
txn_02548,user_264,74.95,USD,Amazon,GB,2025-11-21T12:55:14.717669
txn_02549,user_354,95.34,USD,Spotify,GB,2025-12-30T19:55:14.717673
txn_02550,user_430,55.38,USD,Electronics Hub,IN,2025-12-02T14:55:14.717676
txn_02551,user_090,35.97,USD,Electronics Hub,GB,2025-12-22T03:55:14.717679
txn_02552,user_417,55.1,USD,Starbucks,IN,2025-11-08T00:55:14.717683
txn_02553,user_441,62.24,USD,McDonalds,GB,2025-12-19T13:55:14.717687
txn_02554,user_476,25.37,USD,Software Store,GB,2025-10-11T01:55:14.717690
txn_02555,user_076,65.4,USD,Electronics Hub,IN,2025-11-01T10:55:14.717694
txn_02556,user_148,72.84,USD,Electronics Hub,IN,2025-12-15T21:55:14.717698
txn_02557,user_237,17.86,USD,Software Store,GB,2025-12-06T01:55:14.717702
txn_02558,user_087,72.62,USD,Local Grocery,GB,2025-12-16T23:55:14.717705
txn_02559,user_051,79.91,USD,Local Grocery,IN,2025-11-08T00:55:14.717709
txn_02560,user_277,1981.6,USD,Online Gaming Co,CN,2026-01-03T12:55:14.717712
txn_02561,user_402,24.41,USD,Netflix,IN,2025-11-25T20:55:14.717717
txn_02562,user_201,36.01,USD,Local Grocery,IN,2025-12-11T22:55:14.717722
txn_02563,user_444,44.8,USD,Software Store,GB,2026-01-04T06:55:14.717726
txn_02564,user_276,15.14,USD,Software Store,US,2025-10-23T10:55:14.717730
txn_02565,user_365,4218.94,USD,LuxuryStore,BR,2026-01-04T07:55:14.717733
txn_02566,user_364,31.29,USD,Electronics Hub,GB,2025-10-14T12:55:14.717737
txn_02567,user_124,15.45,USD,Uber,GB,2025-11-16T15:55:14.717741
txn_02568,user_361,39.08,USD,Starbucks,IN,2026-01-05T03:55:14.717745
txn_02569,user_160,67.3,USD,Netflix,IN,2025-12-19T21:55:14.717749
txn_02570,user_237,31.78,USD,Local Grocery,GB,2025-10-17T23:55:14.717752
txn_02571,user_388,64.29,USD,Amazon,GB,2025-12-10T17:55:14.717756
txn_02572,user_323,37.56,USD,Spotify,US,2025-12-21T17:55:14.717759
txn_02573,user_213,49.71,USD,McDonalds,IN,2025-11-26T11:55:14.717763
txn_02574,user_177,4000.72,USD,QuickLoans,RU,2026-01-04T04:55:14.717766
txn_02575,user_436,10.38,USD,Electronics Hub,GB,2025-10-22T06:55:14.717769
txn_02576,user_448,21.59,USD,TravelHub,GB,2025-11-23T16:55:14.717773
txn_02577,user_325,6.69,USD,McDonalds,GB,2025-12-23T16:55:14.717776
txn_02578,user_088,25.13,USD,Uber,IN,2025-12-11T14:55:14.717780
txn_02579,user_149,66.63,USD,TravelHub,US,2025-10-29T03:55:14.717784
txn_02580,user_094,34.91,USD,Spotify,IN,2025-11-11T22:55:14.717787
txn_02581,user_310,86.22,USD,TravelHub,GB,2025-10-09T14:55:14.717790
txn_02582,user_345,38.06,USD,Uber,IN,2025-12-21T06:55:14.717794
txn_02583,user_479,74.61,USD,McDonalds,IN,2025-11-29T00:55:14.717798
txn_02584,user_373,27.63,USD,Starbucks,US,2025-11-07T21:55:14.717807
txn_02585,user_469,51.16,USD,Software Store,US,2025-11-26T10:55:14.717811
txn_02586,user_017,42.59,USD,McDonalds,US,2025-10-10T03:55:14.717814
txn_02587,user_072,65.6,USD,Amazon,GB,2025-11-22T10:55:14.717819
txn_02588,user_378,81.06,USD,Amazon,GB,2025-12-23T07:55:14.717823
txn_02589,user_313,23.65,USD,Netflix,GB,2025-11-10T11:55:14.717827
txn_02590,user_392,15.3,USD,Starbucks,IN,2025-11-29T04:55:14.717830
txn_02591,user_206,42.16,USD,Uber,GB,2025-11-15T16:55:14.717834
txn_02592,user_472,25.53,USD,Amazon,IN,2025-12-26T21:55:14.717837
txn_02593,user_494,83.85,USD,Uber,IN,2025-11-17T01:55:14.717842
txn_02594,user_500,86.9,USD,TravelHub,US,2025-10-11T12:55:14.717846
txn_02595,user_017,64.04,USD,Starbucks,IN,2025-10-21T01:55:14.717849
txn_02596,user_007,17.37,USD,Software Store,US,2025-12-02T14:55:14.717853
txn_02597,user_370,66.84,USD,Amazon,IN,2025-11-13T14:55:14.717856
txn_02598,user_286,31.64,USD,Spotify,GB,2025-10-27T20:55:14.717860
txn_02599,user_187,53.36,USD,Starbucks,GB,2025-10-10T03:55:14.717863
txn_02600,user_181,4592.11,USD,Online Gaming Co,CN,2026-01-04T16:55:14.717866
txn_02601,user_280,24.71,USD,Electronics Hub,IN,2025-12-20T07:55:14.717870
txn_02602,user_220,69.86,USD,Uber,GB,2025-12-06T04:55:14.717873
txn_02603,user_127,41.72,USD,Software Store,US,2026-01-01T04:55:14.717877
txn_02604,user_164,4026.62,USD,Exotic Jewelry,BR,2026-01-03T19:55:14.717880
txn_02605,user_123,29.6,USD,Software Store,IN,2025-11-07T12:55:14.717884
txn_02606,user_217,74.87,USD,Local Grocery,IN,2025-10-07T04:55:14.717889
txn_02607,user_447,47.96,USD,Amazon,GB,2025-12-02T18:55:14.717893
txn_02608,user_048,54.74,USD,Netflix,IN,2026-01-02T10:55:14.717897
txn_02609,user_036,42.77,USD,Netflix,IN,2025-10-15T02:55:14.717900
txn_02610,user_017,82.59,USD,TravelHub,IN,2025-11-25T18:55:14.717904
txn_02611,user_206,64.93,USD,Netflix,IN,2025-11-13T03:55:14.717907
txn_02612,user_004,32.97,USD,Electronics Hub,US,2025-12-30T15:55:14.717911
txn_02613,user_271,43.19,USD,Starbucks,GB,2025-10-15T11:55:14.717914
txn_02614,user_142,55.92,USD,Software Store,GB,2025-12-25T02:55:14.717917
txn_02615,user_151,91.06,USD,Electronics Hub,US,2026-01-01T08:55:14.717921
txn_02616,user_168,75.29,USD,Starbucks,IN,2025-12-26T14:55:14.717924
txn_02617,user_127,71.03,USD,Netflix,IN,2025-11-11T12:55:14.717928
txn_02618,user_033,36.83,USD,Starbucks,US,2025-10-14T20:55:14.717931
txn_02619,user_314,26.28,USD,Electronics Hub,IN,2025-11-09T03:55:14.717935
txn_02620,user_268,80.74,USD,Uber,IN,2025-10-11T18:55:14.717938
txn_02621,user_088,1907.44,USD,Online Gaming Co,RU,2026-01-04T07:55:14.717942
txn_02622,user_235,1593.19,USD,Exotic Jewelry,CN,2026-01-05T06:55:14.717945
txn_02623,user_178,81.46,USD,Amazon,IN,2025-12-08T16:55:14.717948
txn_02624,user_487,86.51,USD,Software Store,GB,2025-11-06T11:55:14.717952
txn_02625,user_470,1180.8,USD,AdultWorld,RU,2026-01-03T15:55:14.717956
txn_02626,user_221,10.45,USD,Netflix,IN,2025-12-16T00:55:14.717961
txn_02627,user_066,16.18,USD,Local Grocery,IN,2025-11-21T04:55:14.717965
txn_02628,user_159,2562.6,USD,AdultWorld,NG,2026-01-04T05:55:14.717968
txn_02629,user_004,34.44,USD,McDonalds,GB,2025-12-25T07:55:14.717972
txn_02630,user_418,14.21,USD,Uber,US,2025-11-14T12:55:14.717976
txn_02631,user_097,35.83,USD,Amazon,IN,2025-12-05T16:55:14.717979
txn_02632,user_369,55.94,USD,Software Store,US,2025-11-13T09:55:14.717982
txn_02633,user_429,73.12,USD,Uber,GB,2025-11-08T18:55:14.717986
txn_02634,user_199,54.36,USD,TravelHub,IN,2025-11-27T08:55:14.717990
txn_02635,user_389,34.96,USD,Spotify,GB,2026-01-04T14:55:14.717994
txn_02636,user_117,67.25,USD,Electronics Hub,GB,2025-12-23T14:55:14.717998
txn_02637,user_186,48.66,USD,Spotify,GB,2025-12-23T18:55:14.718001
txn_02638,user_243,66.98,USD,Amazon,US,2025-11-30T00:55:14.718005
txn_02639,user_171,14.12,USD,Spotify,IN,2025-12-19T10:55:14.718009
txn_02640,user_359,34.42,USD,Local Grocery,GB,2025-11-16T05:55:14.718013
txn_02641,user_155,52.63,USD,TravelHub,US,2025-11-13T07:55:14.718017
txn_02642,user_325,57.56,USD,Netflix,GB,2025-11-04T06:55:14.718020
txn_02643,user_295,55.51,USD,Local Grocery,GB,2025-10-07T21:55:14.718024
txn_02644,user_209,54.52,USD,McDonalds,IN,2025-10-19T23:55:14.718028
txn_02645,user_369,45.59,USD,TravelHub,IN,2025-11-14T12:55:14.718032
txn_02646,user_115,83.96,USD,Electronics Hub,GB,2025-11-26T04:55:14.718036
txn_02647,user_400,40.3,USD,TravelHub,US,2025-10-26T00:55:14.718039
txn_02648,user_257,86.64,USD,Uber,IN,2025-12-07T21:55:14.718043
txn_02649,user_282,12.34,USD,Starbucks,US,2025-11-11T05:55:14.718047
txn_02650,user_280,45.6,USD,Software Store,IN,2025-12-14T03:55:14.718050
txn_02651,user_016,75.08,USD,Software Store,IN,2025-11-30T01:55:14.718054
txn_02652,user_365,1673.61,USD,LuxuryStore,BR,2026-01-04T02:55:14.718057
txn_02653,user_267,90.4,USD,Amazon,IN,2026-01-01T12:55:14.718061
txn_02654,user_160,79.12,USD,Amazon,US,2025-12-15T16:55:14.718064
txn_02655,user_294,72.8,USD,Spotify,GB,2025-10-13T07:55:14.718068
txn_02656,user_280,947.89,USD,LuxuryStore,CN,2026-01-05T01:55:14.718071
txn_02657,user_226,44.0,USD,Uber,IN,2025-12-02T04:55:14.718076
txn_02658,user_293,3535.63,USD,QuickLoans,RU,2026-01-05T05:55:14.718080
txn_02659,user_115,51.61,USD,Uber,GB,2025-12-15T10:55:14.718083
txn_02660,user_039,4876.82,USD,Online Gaming Co,CN,2026-01-04T14:55:14.718086
txn_02661,user_494,6.8,USD,Local Grocery,IN,2025-10-09T18:55:14.718090
txn_02662,user_475,32.08,USD,TravelHub,IN,2025-12-26T02:55:14.718094
txn_02663,user_009,79.34,USD,Uber,GB,2025-12-29T09:55:14.718097
txn_02664,user_225,91.99,USD,McDonalds,IN,2025-10-25T05:55:14.718101
txn_02665,user_416,77.52,USD,Netflix,GB,2025-10-10T00:55:14.718106
txn_02666,user_363,41.3,USD,Local Grocery,GB,2025-12-24T10:55:14.718110
txn_02667,user_188,40.99,USD,McDonalds,US,2025-12-12T16:55:14.718113
txn_02668,user_227,46.1,USD,Software Store,US,2025-10-13T19:55:14.718117
txn_02669,user_087,3546.23,USD,LuxuryStore,RU,2026-01-04T06:55:14.718120
txn_02670,user_170,83.1,USD,Netflix,GB,2025-12-10T14:55:14.718124
txn_02671,user_394,34.05,USD,Local Grocery,IN,2025-12-28T05:55:14.718127
txn_02672,user_404,11.44,USD,Software Store,US,2025-10-14T07:55:14.718130
txn_02673,user_242,16.44,USD,Starbucks,US,2025-11-29T06:55:14.718134
txn_02674,user_262,1624.91,USD,LuxuryStore,CN,2026-01-04T12:55:14.718137
txn_02675,user_173,41.48,USD,Starbucks,GB,2025-10-31T02:55:14.718141
txn_02676,user_288,31.04,USD,Electronics Hub,IN,2026-01-05T05:55:14.718144
txn_02677,user_391,7.46,USD,Software Store,IN,2025-11-10T15:55:14.718148
txn_02678,user_129,22.86,USD,TravelHub,US,2025-11-10T10:55:14.718151
txn_02679,user_428,89.41,USD,McDonalds,US,2025-12-27T10:55:14.718155
txn_02680,user_355,38.83,USD,Amazon,GB,2025-11-08T10:55:14.718158
txn_02681,user_273,1224.01,USD,Online Gaming Co,BR,2026-01-04T23:55:14.718162
txn_02682,user_006,70.09,USD,Software Store,GB,2025-11-25T23:55:14.718165
txn_02683,user_069,47.15,USD,Uber,US,2025-11-11T08:55:14.718169
txn_02684,user_056,90.19,USD,McDonalds,US,2025-11-25T08:55:14.718173
txn_02685,user_188,22.46,USD,Software Store,IN,2025-12-29T08:55:14.718178
txn_02686,user_340,914.41,USD,LuxuryStore,NG,2026-01-04T08:55:14.718182
txn_02687,user_219,18.46,USD,Electronics Hub,IN,2025-11-05T22:55:14.718185
txn_02688,user_407,50.59,USD,Electronics Hub,US,2025-10-17T09:55:14.718190
txn_02689,user_380,2500.61,USD,QuickLoans,RU,2026-01-03T10:55:14.718193
txn_02690,user_006,3244.08,USD,Online Gaming Co,CN,2026-01-03T22:55:14.718197
txn_02691,user_133,1587.12,USD,Online Gaming Co,BR,2026-01-03T12:55:14.718200
txn_02692,user_114,2129.83,USD,AdultWorld,CN,2026-01-04T22:55:14.718203
txn_02693,user_313,68.14,USD,McDonalds,GB,2025-11-29T10:55:14.718207
txn_02694,user_123,95.36,USD,McDonalds,US,2025-11-01T09:55:14.718210
txn_02695,user_119,67.06,USD,Software Store,US,2025-11-10T08:55:14.718214
txn_02696,user_011,40.29,USD,Starbucks,US,2025-10-25T17:55:14.718217
txn_02697,user_409,45.79,USD,Spotify,GB,2025-12-08T08:55:14.718221
txn_02698,user_458,54.93,USD,TravelHub,GB,2025-11-22T22:55:14.718224
txn_02699,user_340,76.44,USD,Software Store,US,2025-12-29T10:55:14.718228
txn_02700,user_227,1024.27,USD,AdultWorld,RU,2026-01-03T21:55:14.718231
txn_02701,user_239,69.85,USD,Spotify,GB,2025-10-24T08:55:14.718235
txn_02702,user_139,76.41,USD,TravelHub,US,2025-12-14T04:55:14.718238
txn_02703,user_494,3266.8,USD,AdultWorld,NG,2026-01-03T11:55:14.718242
txn_02704,user_344,35.07,USD,TravelHub,IN,2025-11-15T18:55:14.718247
txn_02705,user_097,3432.71,USD,QuickLoans,RU,2026-01-04T00:55:14.718250
txn_02706,user_463,42.59,USD,Local Grocery,US,2025-12-24T20:55:14.718253
txn_02707,user_419,81.94,USD,Starbucks,US,2025-10-15T08:55:14.718257
txn_02708,user_497,10.59,USD,Netflix,GB,2025-12-14T23:55:14.718261
txn_02709,user_347,80.25,USD,Uber,IN,2025-10-28T17:55:14.718264
txn_02710,user_467,41.15,USD,Starbucks,IN,2025-11-16T01:55:14.718267
txn_02711,user_069,997.42,USD,Online Gaming Co,BR,2026-01-04T02:55:14.718271
txn_02712,user_202,43.84,USD,Software Store,IN,2025-11-12T21:55:14.718274
txn_02713,user_323,69.56,USD,Starbucks,IN,2025-12-01T19:55:14.718277
txn_02714,user_387,7.39,USD,TravelHub,GB,2025-10-07T20:55:14.718281
txn_02715,user_339,42.25,USD,Uber,IN,2025-11-06T18:55:14.718284
txn_02716,user_429,5.96,USD,Spotify,IN,2025-11-19T21:55:14.718288
txn_02717,user_016,3345.12,USD,LuxuryStore,RU,2026-01-04T21:55:14.718291
txn_02718,user_300,84.0,USD,McDonalds,US,2025-11-16T16:55:14.718295
txn_02719,user_295,43.74,USD,McDonalds,GB,2025-10-09T01:55:14.718298
txn_02720,user_261,86.95,USD,Netflix,IN,2025-12-21T02:55:14.718303
txn_02721,user_043,98.55,USD,Local Grocery,IN,2025-10-14T11:55:14.718307
txn_02722,user_213,55.28,USD,McDonalds,IN,2025-12-17T22:55:14.718311
txn_02723,user_149,53.46,USD,McDonalds,GB,2025-11-12T16:55:14.718316
txn_02724,user_081,3183.21,USD,AdultWorld,NG,2026-01-04T06:55:14.718319
txn_02725,user_413,904.18,USD,LuxuryStore,NG,2026-01-03T23:55:14.718322
txn_02726,user_485,46.87,USD,Amazon,GB,2025-12-27T21:55:14.718326
txn_02727,user_006,51.03,USD,Amazon,GB,2025-11-01T14:55:14.718329
txn_02728,user_130,94.84,USD,Software Store,IN,2025-12-20T20:55:14.718333
txn_02729,user_492,10.47,USD,Local Grocery,GB,2025-10-14T16:55:14.718336
txn_02730,user_423,3236.43,USD,AdultWorld,BR,2026-01-03T10:55:14.718340
txn_02731,user_045,70.45,USD,Uber,US,2025-10-23T16:55:14.718343
txn_02732,user_303,3339.97,USD,LuxuryStore,RU,2026-01-04T07:55:14.718346
txn_02733,user_201,2599.4,USD,Online Gaming Co,CN,2026-01-03T16:55:14.718350
txn_02734,user_494,50.81,USD,Software Store,US,2025-11-11T04:55:14.718353
txn_02735,user_414,94.38,USD,Starbucks,IN,2025-10-31T22:55:14.718356
txn_02736,user_030,30.44,USD,Amazon,US,2025-12-04T03:55:14.718361
txn_02737,user_420,44.79,USD,Local Grocery,GB,2025-10-07T06:55:14.718365
txn_02738,user_089,22.37,USD,Spotify,US,2025-11-21T13:55:14.718368
txn_02739,user_143,63.78,USD,McDonalds,GB,2025-12-01T22:55:14.718372
txn_02740,user_193,41.72,USD,TravelHub,IN,2025-11-16T01:55:14.718375
txn_02741,user_128,8.78,USD,Electronics Hub,IN,2025-10-27T02:55:14.718380
txn_02742,user_270,97.45,USD,Local Grocery,GB,2025-12-03T23:55:14.718383
txn_02743,user_058,10.6,USD,Electronics Hub,US,2025-10-29T18:55:14.718388
txn_02744,user_376,74.06,USD,Software Store,GB,2026-01-01T12:55:14.718391
txn_02745,user_445,26.16,USD,Uber,GB,2026-01-01T09:55:14.718395
txn_02746,user_124,92.6,USD,TravelHub,GB,2025-11-22T01:55:14.718399
txn_02747,user_162,21.1,USD,TravelHub,US,2025-10-08T20:55:14.718402
txn_02748,user_069,72.22,USD,McDonalds,US,2025-10-29T21:55:14.718406
txn_02749,user_019,82.64,USD,Local Grocery,US,2025-12-18T19:55:14.718409
txn_02750,user_301,39.38,USD,Software Store,GB,2025-12-04T19:55:14.718413
txn_02751,user_210,3643.73,USD,Exotic Jewelry,RU,2026-01-04T22:55:14.718416
txn_02752,user_404,8.71,USD,Software Store,IN,2025-11-13T01:55:14.718421
txn_02753,user_177,84.95,USD,Electronics Hub,US,2025-12-20T04:55:14.718424
txn_02754,user_235,63.69,USD,Software Store,IN,2025-10-10T21:55:14.718428
txn_02755,user_144,41.96,USD,Electronics Hub,GB,2025-12-29T04:55:14.718432
txn_02756,user_227,82.08,USD,Starbucks,GB,2025-11-06T07:55:14.718435
txn_02757,user_288,48.65,USD,Spotify,GB,2025-10-18T19:55:14.718439
txn_02758,user_149,91.78,USD,Amazon,IN,2025-11-24T20:55:14.718442
txn_02759,user_366,65.94,USD,Uber,US,2025-12-27T15:55:14.718446
txn_02760,user_335,1217.15,USD,AdultWorld,CN,2026-01-04T20:55:14.718449
txn_02761,user_025,94.9,USD,Netflix,GB,2025-11-06T01:55:14.718453
txn_02762,user_386,18.48,USD,McDonalds,US,2026-01-04T00:55:14.718458
txn_02763,user_306,87.2,USD,Amazon,GB,2025-10-14T05:55:14.718461
txn_02764,user_500,20.4,USD,Spotify,IN,2025-11-09T02:55:14.718465
txn_02765,user_449,25.13,USD,Spotify,IN,2025-11-10T23:55:14.718468
txn_02766,user_033,83.83,USD,Netflix,GB,2025-12-01T20:55:14.718472
txn_02767,user_094,98.0,USD,McDonalds,GB,2025-12-21T08:55:14.718477
txn_02768,user_251,4604.67,USD,AdultWorld,CN,2026-01-05T02:55:14.718481
txn_02769,user_341,4469.05,USD,Exotic Jewelry,CN,2026-01-03T14:55:14.718484
txn_02770,user_270,29.47,USD,Software Store,IN,2025-11-22T02:55:14.718488
txn_02771,user_090,25.81,USD,Software Store,GB,2025-11-19T16:55:14.718492
txn_02772,user_406,73.03,USD,Spotify,IN,2025-12-14T21:55:14.718495
txn_02773,user_213,32.14,USD,McDonalds,US,2025-12-09T02:55:14.718499
txn_02774,user_421,51.7,USD,Starbucks,IN,2025-10-28T15:55:14.718502
txn_02775,user_095,24.24,USD,Netflix,IN,2025-12-28T08:55:14.718506
txn_02776,user_490,82.74,USD,Local Grocery,IN,2025-11-23T07:55:14.718509
txn_02777,user_019,14.95,USD,Software Store,IN,2025-12-09T01:55:14.718513
txn_02778,user_140,34.64,USD,TravelHub,US,2025-10-08T07:55:14.718516
txn_02779,user_199,6.08,USD,Netflix,US,2025-10-31T13:55:14.718519
txn_02780,user_481,37.13,USD,Local Grocery,US,2026-01-01T05:55:14.718523
txn_02781,user_402,4133.33,USD,LuxuryStore,RU,2026-01-04T04:55:14.718527
txn_02782,user_235,44.29,USD,Electronics Hub,IN,2025-10-16T15:55:14.718531
txn_02783,user_065,79.39,USD,Local Grocery,US,2025-11-25T16:55:14.718535
txn_02784,user_004,28.92,USD,Software Store,IN,2026-01-02T20:55:14.718540
txn_02785,user_147,99.21,USD,Spotify,GB,2025-12-29T21:55:14.718543
txn_02786,user_067,63.78,USD,Starbucks,US,2025-12-23T13:55:14.718547
txn_02787,user_371,4973.9,USD,QuickLoans,RU,2026-01-03T15:55:14.718550
txn_02788,user_230,51.55,USD,Amazon,GB,2025-10-20T11:55:14.718555
txn_02789,user_254,85.76,USD,Netflix,US,2025-11-20T22:55:14.718559
txn_02790,user_044,20.63,USD,Starbucks,US,2025-11-29T15:55:14.718563
txn_02791,user_045,1927.96,USD,LuxuryStore,RU,2026-01-04T09:55:14.718570
txn_02792,user_470,79.56,USD,Uber,US,2025-12-24T08:55:14.718574
txn_02793,user_415,1454.0,USD,Online Gaming Co,CN,2026-01-03T15:55:14.718577
txn_02794,user_264,4887.46,USD,LuxuryStore,CN,2026-01-04T09:55:14.718580
txn_02795,user_143,53.17,USD,McDonalds,IN,2025-10-30T10:55:14.718584
txn_02796,user_095,41.75,USD,Software Store,US,2025-12-15T10:55:14.718587
txn_02797,user_024,17.21,USD,Amazon,GB,2025-11-08T00:55:14.718591
txn_02798,user_248,4982.65,USD,AdultWorld,BR,2026-01-05T04:55:14.718594
txn_02799,user_060,30.57,USD,Starbucks,US,2025-10-07T09:55:14.718597
txn_02800,user_440,76.53,USD,Software Store,GB,2025-12-13T01:55:14.718601
txn_02801,user_414,65.35,USD,McDonalds,US,2025-11-22T00:55:14.718606
txn_02802,user_151,26.29,USD,Amazon,IN,2026-01-03T03:55:14.718609
txn_02803,user_152,55.14,USD,Starbucks,US,2025-11-15T18:55:14.718612
txn_02804,user_282,19.54,USD,Netflix,IN,2025-11-25T02:55:14.718616
txn_02805,user_308,80.92,USD,Electronics Hub,IN,2025-11-22T12:55:14.718619
txn_02806,user_279,96.04,USD,Electronics Hub,US,2025-10-25T22:55:14.718623
txn_02807,user_481,90.31,USD,Electronics Hub,GB,2025-10-29T13:55:14.718626
txn_02808,user_152,3060.79,USD,AdultWorld,RU,2026-01-04T15:55:14.718629
txn_02809,user_416,91.56,USD,Software Store,US,2025-10-30T09:55:14.718633
txn_02810,user_107,91.0,USD,Spotify,US,2025-10-30T23:55:14.718637
txn_02811,user_413,69.15,USD,Electronics Hub,US,2025-11-02T14:55:14.718640
txn_02812,user_105,2320.2,USD,LuxuryStore,CN,2026-01-04T00:55:14.718644
txn_02813,user_378,21.09,USD,Spotify,GB,2025-12-17T22:55:14.718647
txn_02814,user_488,4286.05,USD,Online Gaming Co,NG,2026-01-05T01:55:14.718650
txn_02815,user_004,26.59,USD,Spotify,US,2025-11-27T04:55:14.718653
txn_02816,user_230,79.57,USD,Starbucks,IN,2025-10-18T00:55:14.718660
txn_02817,user_412,75.47,USD,Local Grocery,GB,2025-11-16T23:55:14.718664
txn_02818,user_470,35.8,USD,Amazon,IN,2026-01-04T08:55:14.718667
txn_02819,user_221,70.26,USD,Amazon,GB,2025-11-13T21:55:14.718671
txn_02820,user_181,58.21,USD,Local Grocery,GB,2025-11-24T20:55:14.718675
txn_02821,user_314,76.72,USD,Uber,US,2025-12-21T15:55:14.718680
txn_02822,user_400,69.82,USD,Local Grocery,GB,2025-12-20T19:55:14.718683
txn_02823,user_124,69.99,USD,Uber,US,2025-10-12T14:55:14.718687
txn_02824,user_254,45.06,USD,TravelHub,IN,2025-10-08T16:55:14.718690
txn_02825,user_244,69.62,USD,TravelHub,IN,2025-11-20T15:55:14.718694
txn_02826,user_071,90.27,USD,Netflix,GB,2025-10-19T06:55:14.718697
txn_02827,user_263,64.58,USD,Starbucks,GB,2025-12-24T02:55:14.718701
txn_02828,user_139,96.39,USD,TravelHub,GB,2025-12-25T20:55:14.718704
txn_02829,user_457,39.49,USD,Electronics Hub,US,2025-12-17T09:55:14.718708
txn_02830,user_326,70.27,USD,Local Grocery,IN,2025-11-01T07:55:14.718712
txn_02831,user_080,62.6,USD,McDonalds,IN,2025-12-12T12:55:14.718715
txn_02832,user_160,3225.66,USD,QuickLoans,RU,2026-01-04T11:55:14.718718
txn_02833,user_065,47.3,USD,Starbucks,GB,2025-10-31T15:55:14.718722
txn_02834,user_239,97.51,USD,TravelHub,GB,2025-12-15T16:55:14.718725
txn_02835,user_263,1185.86,USD,Exotic Jewelry,BR,2026-01-04T00:55:14.718728
txn_02836,user_419,30.45,USD,Spotify,IN,2025-11-22T18:55:14.718732
txn_02837,user_270,61.97,USD,Amazon,GB,2025-11-08T06:55:14.718735
txn_02838,user_276,5.63,USD,Uber,IN,2025-12-26T12:55:14.718740
txn_02839,user_485,70.16,USD,Electronics Hub,US,2025-12-27T12:55:14.718744
txn_02840,user_181,48.51,USD,Software Store,GB,2025-11-29T05:55:14.718749
txn_02841,user_095,3872.39,USD,AdultWorld,NG,2026-01-04T13:55:14.718753
txn_02842,user_487,92.93,USD,Amazon,US,2025-11-16T05:55:14.718756
txn_02843,user_493,4645.0,USD,LuxuryStore,NG,2026-01-05T09:55:14.718759
txn_02844,user_137,69.72,USD,Amazon,US,2025-12-03T02:55:14.718763
txn_02845,user_374,77.72,USD,Netflix,GB,2025-12-26T23:55:14.718766
txn_02846,user_420,748.84,USD,AdultWorld,NG,2026-01-04T23:55:14.718770
txn_02847,user_381,8.91,USD,Amazon,IN,2025-12-09T20:55:14.718773
txn_02848,user_425,63.93,USD,Amazon,IN,2025-11-30T19:55:14.718778
txn_02849,user_154,60.95,USD,Spotify,US,2025-11-03T14:55:14.718781
txn_02850,user_103,83.55,USD,Electronics Hub,US,2025-11-28T19:55:14.718785
txn_02851,user_248,70.98,USD,Netflix,US,2025-12-28T19:55:14.718789
txn_02852,user_096,769.35,USD,LuxuryStore,BR,2026-01-03T23:55:14.718792
txn_02853,user_320,86.17,USD,Spotify,US,2025-12-04T05:55:14.718796
txn_02854,user_395,46.5,USD,Electronics Hub,IN,2025-11-30T23:55:14.718799
txn_02855,user_156,42.97,USD,Local Grocery,IN,2025-11-05T08:55:14.718803
txn_02856,user_082,42.72,USD,Amazon,US,2025-11-08T17:55:14.718806
txn_02857,user_094,34.09,USD,Electronics Hub,GB,2025-12-31T12:55:14.718810
txn_02858,user_329,86.73,USD,TravelHub,US,2025-11-15T21:55:14.718813
txn_02859,user_156,69.58,USD,Uber,US,2025-12-03T04:55:14.718817
txn_02860,user_429,7.16,USD,Local Grocery,IN,2025-11-08T11:55:14.718821
txn_02861,user_217,87.66,USD,Netflix,US,2025-10-10T22:55:14.718825
txn_02862,user_063,16.74,USD,Local Grocery,IN,2025-10-16T17:55:14.718828
txn_02863,user_457,49.97,USD,Uber,IN,2025-12-01T06:55:14.718832
txn_02864,user_060,49.69,USD,Starbucks,GB,2025-10-29T18:55:14.718835
txn_02865,user_221,63.44,USD,Amazon,US,2025-12-02T17:55:14.718839
txn_02866,user_497,88.33,USD,Software Store,US,2025-12-12T21:55:14.718843
txn_02867,user_239,30.89,USD,TravelHub,US,2025-12-25T01:55:14.718846
txn_02868,user_381,93.74,USD,Uber,US,2025-10-27T20:55:14.718850
txn_02869,user_202,49.57,USD,McDonalds,US,2025-12-08T05:55:14.718853
txn_02870,user_324,2679.76,USD,Online Gaming Co,BR,2026-01-04T18:55:14.718856
txn_02871,user_118,23.3,USD,Electronics Hub,GB,2025-11-17T19:55:14.718860
txn_02872,user_409,3567.66,USD,QuickLoans,NG,2026-01-05T08:55:14.718863
txn_02873,user_403,93.45,USD,Electronics Hub,GB,2025-10-09T20:55:14.718866
txn_02874,user_449,18.1,USD,Uber,IN,2026-01-03T21:55:14.718870
txn_02875,user_156,59.02,USD,Local Grocery,IN,2025-10-16T05:55:14.718873
txn_02876,user_409,68.42,USD,McDonalds,IN,2026-01-04T12:55:14.718877
txn_02877,user_430,77.0,USD,Amazon,US,2026-01-02T00:55:14.718881
txn_02878,user_202,21.22,USD,TravelHub,GB,2025-11-04T03:55:14.718884
txn_02879,user_452,23.78,USD,McDonalds,US,2026-01-01T10:55:14.718889
txn_02880,user_477,556.79,USD,AdultWorld,CN,2026-01-03T16:55:14.718894
txn_02881,user_086,1765.96,USD,AdultWorld,RU,2026-01-03T23:55:14.718897
txn_02882,user_191,82.3,USD,Local Grocery,GB,2025-11-16T19:55:14.718901
txn_02883,user_296,1659.47,USD,Exotic Jewelry,RU,2026-01-04T13:55:14.718904
txn_02884,user_028,98.69,USD,Uber,IN,2025-11-04T06:55:14.718907
txn_02885,user_440,55.11,USD,TravelHub,IN,2025-11-13T04:55:14.718911
txn_02886,user_018,3143.85,USD,Exotic Jewelry,NG,2026-01-03T10:55:14.718914
txn_02887,user_300,610.46,USD,Exotic Jewelry,RU,2026-01-04T17:55:14.718918
txn_02888,user_294,45.07,USD,McDonalds,IN,2025-11-30T17:55:14.718921
txn_02889,user_342,15.86,USD,Spotify,US,2025-11-29T05:55:14.718926
txn_02890,user_223,6.89,USD,Local Grocery,GB,2025-11-09T15:55:14.718929
txn_02891,user_272,2681.94,USD,Exotic Jewelry,NG,2026-01-05T06:55:14.718933
txn_02892,user_410,49.58,USD,McDonalds,US,2025-10-13T19:55:14.718936
txn_02893,user_150,5.55,USD,Amazon,US,2025-10-10T07:55:14.718941
txn_02894,user_493,23.08,USD,Local Grocery,IN,2025-12-05T21:55:14.718945
txn_02895,user_483,87.17,USD,Uber,IN,2025-11-10T03:55:14.718948
txn_02896,user_037,32.77,USD,Starbucks,GB,2025-12-24T21:55:14.718952
txn_02897,user_290,32.27,USD,Local Grocery,US,2025-11-29T14:55:14.718955
txn_02898,user_133,15.06,USD,Amazon,GB,2025-11-01T12:55:14.718959
txn_02899,user_172,64.4,USD,Uber,GB,2026-01-04T09:55:14.718963
txn_02900,user_413,64.86,USD,Electronics Hub,GB,2025-12-28T12:55:14.718967
txn_02901,user_103,21.88,USD,Starbucks,US,2025-12-31T19:55:14.718970
txn_02902,user_127,44.57,USD,TravelHub,IN,2025-12-08T18:55:14.718974
txn_02903,user_194,26.41,USD,Local Grocery,US,2025-12-22T21:55:14.718978
txn_02904,user_253,67.46,USD,TravelHub,IN,2025-12-07T23:55:14.718981
txn_02905,user_103,3015.59,USD,Online Gaming Co,NG,2026-01-05T07:55:14.718985
txn_02906,user_288,25.62,USD,McDonalds,GB,2025-11-27T17:55:14.718988
txn_02907,user_137,3629.37,USD,QuickLoans,RU,2026-01-03T14:55:14.718992
txn_02908,user_198,88.4,USD,Amazon,IN,2025-12-16T23:55:14.718995
txn_02909,user_297,4709.0,USD,AdultWorld,CN,2026-01-04T00:55:14.718999
txn_02910,user_208,60.01,USD,Spotify,US,2025-12-20T23:55:14.719002
txn_02911,user_260,91.13,USD,Electronics Hub,US,2025-12-22T07:55:14.719006
txn_02912,user_205,19.14,USD,Electronics Hub,US,2025-12-15T18:55:14.719011
txn_02913,user_475,68.03,USD,Uber,IN,2025-12-17T10:55:14.719015
txn_02914,user_433,73.5,USD,Amazon,IN,2025-11-18T19:55:14.719018
txn_02915,user_355,91.61,USD,Spotify,GB,2025-11-20T19:55:14.719022
txn_02916,user_079,32.95,USD,Uber,US,2025-10-19T10:55:14.719026
txn_02917,user_084,12.69,USD,Starbucks,IN,2025-10-18T23:55:14.719029
txn_02918,user_419,74.03,USD,Netflix,US,2025-12-16T15:55:14.719034
txn_02919,user_216,67.77,USD,Starbucks,IN,2025-10-10T20:55:14.719037
txn_02920,user_283,7.72,USD,Spotify,IN,2025-11-25T01:55:14.719041
txn_02921,user_183,75.15,USD,Software Store,US,2025-11-04T21:55:14.719045
txn_02922,user_203,96.45,USD,TravelHub,IN,2025-11-13T01:55:14.719048
txn_02923,user_196,60.2,USD,Uber,GB,2025-12-14T14:55:14.719052
txn_02924,user_315,8.72,USD,Local Grocery,US,2025-12-05T07:55:14.719055
txn_02925,user_104,1276.6,USD,Online Gaming Co,NG,2026-01-03T13:55:14.719059
txn_02926,user_276,4658.04,USD,AdultWorld,NG,2026-01-05T02:55:14.719062
txn_02927,user_215,27.59,USD,Software Store,US,2025-11-14T21:55:14.719066
txn_02928,user_106,93.56,USD,TravelHub,US,2026-01-01T00:55:14.719069
txn_02929,user_324,20.06,USD,TravelHub,IN,2025-12-09T21:55:14.719073
txn_02930,user_154,43.4,USD,McDonalds,GB,2025-12-26T10:55:14.719076
txn_02931,user_154,58.0,USD,TravelHub,GB,2025-12-03T04:55:14.719080
txn_02932,user_113,3378.35,USD,AdultWorld,CN,2026-01-05T08:55:14.719083
txn_02933,user_203,18.35,USD,Starbucks,US,2025-11-01T19:55:14.719087
txn_02934,user_454,50.37,USD,McDonalds,US,2025-11-11T11:55:14.719090
txn_02935,user_011,3396.98,USD,LuxuryStore,NG,2026-01-05T02:55:14.719094
txn_02936,user_062,92.88,USD,Starbucks,US,2025-10-19T14:55:14.719097
txn_02937,user_344,73.77,USD,Starbucks,GB,2025-12-04T02:55:14.719101
txn_02938,user_484,48.98,USD,Uber,GB,2025-12-03T18:55:14.719106
txn_02939,user_278,23.09,USD,McDonalds,IN,2025-11-27T20:55:14.719109
txn_02940,user_247,73.14,USD,Software Store,US,2025-11-14T08:55:14.719114
txn_02941,user_477,94.85,USD,McDonalds,US,2025-11-03T10:55:14.719118
txn_02942,user_381,47.71,USD,Software Store,US,2025-10-26T08:55:14.719122
txn_02943,user_039,86.12,USD,Software Store,US,2025-11-28T17:55:14.719126
txn_02944,user_332,55.06,USD,Spotify,IN,2025-12-20T10:55:14.719130
txn_02945,user_272,3093.83,USD,Exotic Jewelry,BR,2026-01-04T03:55:14.719133
txn_02946,user_491,17.01,USD,Amazon,US,2025-11-29T14:55:14.719137
txn_02947,user_023,35.45,USD,McDonalds,GB,2025-12-01T04:55:14.719141
txn_02948,user_051,2376.81,USD,Exotic Jewelry,CN,2026-01-04T19:55:14.719144
txn_02949,user_402,44.23,USD,Starbucks,IN,2025-11-16T20:55:14.719148
txn_02950,user_244,92.08,USD,Software Store,US,2025-12-14T05:55:14.719151
txn_02951,user_116,4566.21,USD,LuxuryStore,CN,2026-01-04T00:55:14.719154
txn_02952,user_284,44.99,USD,Software Store,GB,2025-11-15T15:55:14.719158
txn_02953,user_134,66.24,USD,Electronics Hub,GB,2025-11-08T18:55:14.719161
txn_02954,user_019,27.67,USD,Local Grocery,IN,2025-12-25T04:55:14.719165
txn_02955,user_488,54.75,USD,Software Store,GB,2025-12-07T15:55:14.719168
txn_02956,user_015,81.82,USD,Spotify,US,2025-11-04T01:55:14.719172
txn_02957,user_221,91.25,USD,Netflix,US,2025-12-20T12:55:14.719177
txn_02958,user_250,58.72,USD,Electronics Hub,GB,2025-12-14T22:55:14.719180
txn_02959,user_391,67.98,USD,Software Store,GB,2026-01-04T03:55:14.719184
txn_02960,user_404,4818.44,USD,QuickLoans,NG,2026-01-03T20:55:14.719187
txn_02961,user_205,40.17,USD,Amazon,US,2025-12-28T13:55:14.719191
txn_02962,user_332,69.66,USD,Netflix,GB,2025-11-22T05:55:14.719195
txn_02963,user_050,13.97,USD,Electronics Hub,IN,2025-12-17T04:55:14.719199
txn_02964,user_028,34.27,USD,TravelHub,GB,2025-11-30T18:55:14.719202
txn_02965,user_143,95.25,USD,Software Store,IN,2025-12-29T13:55:14.719206
txn_02966,user_109,86.53,USD,McDonalds,GB,2026-01-02T00:55:14.719209
txn_02967,user_220,3999.97,USD,AdultWorld,CN,2026-01-03T15:55:14.719212
txn_02968,user_184,84.13,USD,Starbucks,GB,2025-10-12T15:55:14.719216
txn_02969,user_432,2429.85,USD,AdultWorld,RU,2026-01-04T00:55:14.719219
txn_02970,user_070,59.58,USD,Spotify,US,2025-12-23T12:55:14.719223
txn_02971,user_076,76.0,USD,Starbucks,GB,2025-12-04T16:55:14.719226
txn_02972,user_257,27.67,USD,Software Store,US,2025-12-09T17:55:14.719230
txn_02973,user_045,68.63,USD,TravelHub,US,2025-11-23T21:55:14.719233
txn_02974,user_255,39.72,USD,Spotify,US,2025-10-06T23:55:14.719237
txn_02975,user_025,66.99,USD,TravelHub,GB,2025-12-20T10:55:14.719242
txn_02976,user_206,38.3,USD,Netflix,GB,2025-11-17T16:55:14.719246
txn_02977,user_009,40.28,USD,Netflix,US,2025-10-20T07:55:14.719251
txn_02978,user_053,3417.93,USD,Online Gaming Co,BR,2026-01-04T22:55:14.719255
txn_02979,user_327,47.78,USD,Starbucks,IN,2025-10-08T22:55:14.719259
txn_02980,user_332,62.48,USD,Local Grocery,GB,2025-12-09T03:55:14.719263
txn_02981,user_132,33.21,USD,TravelHub,IN,2025-11-25T21:55:14.719266
txn_02982,user_202,22.39,USD,Starbucks,US,2025-10-25T04:55:14.719270
txn_02983,user_161,44.97,USD,Software Store,IN,2025-12-13T07:55:14.719273
txn_02984,user_255,2387.92,USD,QuickLoans,BR,2026-01-03T23:55:14.719276
txn_02985,user_286,15.52,USD,Amazon,US,2025-11-01T10:55:14.719280
txn_02986,user_326,91.34,USD,Starbucks,GB,2025-11-06T20:55:14.719283
txn_02987,user_236,75.64,USD,McDonalds,US,2025-12-28T13:55:14.719287
txn_02988,user_112,43.16,USD,Amazon,IN,2025-11-05T22:55:14.719290
txn_02989,user_166,44.89,USD,Starbucks,US,2025-12-17T15:55:14.719294
txn_02990,user_004,24.88,USD,Starbucks,US,2025-11-23T16:55:14.719298
txn_02991,user_403,56.4,USD,Software Store,IN,2025-11-03T02:55:14.719301
txn_02992,user_433,90.06,USD,Amazon,US,2025-12-03T20:55:14.719306
txn_02993,user_028,2985.5,USD,QuickLoans,CN,2026-01-04T06:55:14.719310
txn_02994,user_026,55.07,USD,Software Store,US,2025-10-15T15:55:14.719313
txn_02995,user_071,1816.38,USD,LuxuryStore,NG,2026-01-04T23:55:14.719317
txn_02996,user_362,55.61,USD,Software Store,US,2025-11-23T15:55:14.719322
txn_02997,user_109,4647.68,USD,LuxuryStore,RU,2026-01-04T15:55:14.719325
txn_02998,user_120,13.53,USD,Starbucks,US,2025-10-24T23:55:14.719329
txn_02999,user_290,90.08,USD,TravelHub,US,2025-10-25T09:55:14.719333
txn_03000,user_175,76.83,USD,Starbucks,IN,2025-11-23T16:55:14.719336
txn_03001,user_189,90.98,USD,Electronics Hub,US,2025-12-12T09:55:14.719340
txn_03002,user_320,41.7,USD,McDonalds,GB,2025-11-14T00:55:14.719343
txn_03003,user_338,35.04,USD,McDonalds,GB,2026-01-03T10:55:14.719347
txn_03004,user_263,27.39,USD,Amazon,IN,2025-12-20T21:55:14.719351
txn_03005,user_369,20.64,USD,TravelHub,GB,2025-12-05T22:55:14.719354
txn_03006,user_402,24.33,USD,Software Store,US,2025-12-12T19:55:14.719358
txn_03007,user_074,12.42,USD,McDonalds,IN,2025-11-01T05:55:14.719363
txn_03008,user_037,22.8,USD,TravelHub,IN,2025-10-27T13:55:14.719367
txn_03009,user_452,45.01,USD,Starbucks,US,2025-10-28T23:55:14.719370
txn_03010,user_036,1088.06,USD,Online Gaming Co,NG,2026-01-03T12:55:14.719374
txn_03011,user_421,61.06,USD,TravelHub,IN,2025-11-14T22:55:14.719377
txn_03012,user_305,41.7,USD,TravelHub,IN,2025-10-28T05:55:14.719381
txn_03013,user_322,75.06,USD,Electronics Hub,GB,2025-12-15T08:55:14.719385
txn_03014,user_457,36.83,USD,McDonalds,IN,2025-11-10T21:55:14.719388
txn_03015,user_170,2955.31,USD,AdultWorld,CN,2026-01-03T20:55:14.719392
txn_03016,user_395,4350.88,USD,QuickLoans,NG,2026-01-05T01:55:14.719396
txn_03017,user_459,58.69,USD,McDonalds,US,2025-10-18T21:55:14.719400
txn_03018,user_381,4967.45,USD,LuxuryStore,CN,2026-01-03T13:55:14.719403
txn_03019,user_409,2241.2,USD,LuxuryStore,NG,2026-01-05T01:55:14.719407
txn_03020,user_481,14.02,USD,McDonalds,US,2025-12-24T04:55:14.719410
txn_03021,user_416,8.12,USD,Local Grocery,IN,2025-11-02T22:55:14.719415
txn_03022,user_433,33.67,USD,TravelHub,US,2025-12-26T16:55:14.719419
txn_03023,user_213,4490.39,USD,QuickLoans,RU,2026-01-05T08:55:14.719422
txn_03024,user_443,54.54,USD,Electronics Hub,GB,2025-12-19T22:55:14.719426
txn_03025,user_035,3975.29,USD,Online Gaming Co,NG,2026-01-04T17:55:14.719430
txn_03026,user_457,39.89,USD,Uber,IN,2025-12-14T05:55:14.719433
txn_03027,user_107,87.76,USD,Software Store,IN,2025-11-06T19:55:14.719437
txn_03028,user_115,29.32,USD,Starbucks,GB,2025-10-11T05:55:14.719441
txn_03029,user_048,81.32,USD,Amazon,US,2025-10-31T12:55:14.719444
txn_03030,user_448,70.46,USD,TravelHub,GB,2025-11-11T08:55:14.719448
txn_03031,user_253,2649.89,USD,QuickLoans,BR,2026-01-03T23:55:14.719451
txn_03032,user_020,78.29,USD,Amazon,GB,2025-12-15T21:55:14.719455
txn_03033,user_225,45.31,USD,McDonalds,GB,2025-10-26T03:55:14.719458
txn_03034,user_323,25.08,USD,Amazon,IN,2025-11-22T08:55:14.719462
txn_03035,user_405,90.36,USD,Starbucks,US,2025-10-24T10:55:14.719467
txn_03036,user_153,10.47,USD,Uber,GB,2025-11-23T05:55:14.719471
txn_03037,user_211,49.04,USD,Spotify,US,2025-11-06T11:55:14.719474
txn_03038,user_485,87.63,USD,Starbucks,IN,2025-11-23T00:55:14.719478
txn_03039,user_475,1271.6,USD,Exotic Jewelry,RU,2026-01-03T13:55:14.719483
txn_03040,user_421,81.86,USD,TravelHub,GB,2025-11-25T13:55:14.719486
txn_03041,user_445,20.4,USD,Uber,GB,2025-12-11T22:55:14.719490
txn_03042,user_040,743.36,USD,Online Gaming Co,NG,2026-01-03T12:55:14.719493
txn_03043,user_225,29.02,USD,Electronics Hub,US,2025-10-12T22:55:14.719498
txn_03044,user_073,64.0,USD,Local Grocery,IN,2025-10-29T05:55:14.719502
txn_03045,user_424,50.68,USD,TravelHub,IN,2025-11-11T08:55:14.719505
txn_03046,user_097,94.91,USD,Starbucks,GB,2025-12-26T03:55:14.719509
txn_03047,user_070,27.08,USD,Local Grocery,US,2025-10-31T02:55:14.719512
txn_03048,user_143,79.77,USD,Amazon,GB,2025-12-11T15:55:14.719516
txn_03049,user_104,59.13,USD,Software Store,US,2025-12-31T15:55:14.719520
txn_03050,user_114,90.49,USD,Software Store,US,2025-12-27T01:55:14.719523
txn_03051,user_167,45.33,USD,TravelHub,IN,2025-10-22T05:55:14.719527
txn_03052,user_363,73.85,USD,Electronics Hub,GB,2025-12-05T18:55:14.719531
txn_03053,user_307,1521.19,USD,Exotic Jewelry,CN,2026-01-04T21:55:14.719535
txn_03054,user_017,50.32,USD,Amazon,GB,2025-11-13T07:55:14.719539
txn_03055,user_385,3340.06,USD,Exotic Jewelry,CN,2026-01-04T10:55:14.719544
txn_03056,user_398,82.51,USD,Uber,GB,2025-12-09T11:55:14.719547
txn_03057,user_194,20.06,USD,McDonalds,US,2025-12-23T10:55:14.719551
txn_03058,user_161,20.59,USD,TravelHub,US,2025-12-06T18:55:14.719555
txn_03059,user_371,83.32,USD,TravelHub,GB,2025-10-16T15:55:14.719558
txn_03060,user_432,6.06,USD,Netflix,US,2025-12-21T21:55:14.719562
txn_03061,user_414,54.73,USD,Netflix,US,2025-12-13T06:55:14.719577
txn_03062,user_127,13.19,USD,Amazon,GB,2025-12-12T03:55:14.719580
txn_03063,user_148,18.41,USD,Amazon,US,2025-10-12T21:55:14.719584
txn_03064,user_279,14.53,USD,Netflix,GB,2025-11-22T16:55:14.719587
txn_03065,user_479,83.08,USD,Starbucks,GB,2025-11-05T13:55:14.719591
txn_03066,user_403,44.03,USD,Software Store,GB,2025-10-19T23:55:14.719594
txn_03067,user_447,92.7,USD,Uber,IN,2025-10-22T13:55:14.719598
txn_03068,user_032,70.9,USD,Uber,GB,2025-10-19T10:55:14.719601
txn_03069,user_390,27.02,USD,Software Store,GB,2025-12-28T03:55:14.719605
txn_03070,user_065,12.43,USD,Uber,IN,2025-12-08T07:55:14.719608
txn_03071,user_286,88.78,USD,McDonalds,US,2025-12-30T10:55:14.719614
txn_03072,user_278,4531.88,USD,Online Gaming Co,BR,2026-01-04T05:55:14.719617
txn_03073,user_006,11.52,USD,Netflix,US,2025-11-22T05:55:14.719620
txn_03074,user_051,36.42,USD,Spotify,IN,2025-11-10T18:55:14.719625
txn_03075,user_134,51.52,USD,Electronics Hub,IN,2025-12-11T03:55:14.719629
txn_03076,user_001,60.94,USD,Starbucks,GB,2025-11-25T02:55:14.719632
txn_03077,user_418,34.03,USD,TravelHub,US,2025-10-27T16:55:14.719635
txn_03078,user_468,1743.38,USD,AdultWorld,CN,2026-01-04T07:55:14.719639
txn_03079,user_118,66.33,USD,Amazon,GB,2025-12-06T20:55:14.719643
txn_03080,user_003,14.6,USD,Uber,GB,2025-11-03T08:55:14.719646
txn_03081,user_274,20.94,USD,TravelHub,IN,2025-12-28T03:55:14.719650
txn_03082,user_238,66.82,USD,TravelHub,US,2025-12-12T14:55:14.719653
txn_03083,user_474,47.39,USD,Netflix,US,2026-01-05T08:55:14.719657
txn_03084,user_311,860.27,USD,AdultWorld,BR,2026-01-05T04:55:14.719660
txn_03085,user_478,77.44,USD,McDonalds,GB,2025-11-03T05:55:14.719663
txn_03086,user_112,49.4,USD,McDonalds,US,2025-11-27T23:55:14.719667
txn_03087,user_304,98.09,USD,Netflix,GB,2025-10-27T22:55:14.719670
txn_03088,user_492,35.27,USD,Amazon,GB,2025-12-20T08:55:14.719673
txn_03089,user_016,59.22,USD,Starbucks,GB,2026-01-03T14:55:14.719677
txn_03090,user_200,66.86,USD,Starbucks,GB,2026-01-02T22:55:14.719680
txn_03091,user_435,76.45,USD,Uber,GB,2025-10-10T06:55:14.719684
txn_03092,user_038,29.64,USD,Starbucks,GB,2025-10-27T13:55:14.719688
txn_03093,user_226,39.26,USD,Software Store,GB,2025-12-18T16:55:14.719692
txn_03094,user_261,33.92,USD,Amazon,GB,2025-12-04T02:55:14.719699
txn_03095,user_168,61.89,USD,TravelHub,GB,2025-11-15T18:55:14.719703
txn_03096,user_126,83.72,USD,Local Grocery,GB,2025-11-03T00:55:14.719707
txn_03097,user_376,55.46,USD,TravelHub,IN,2025-10-22T16:55:14.719710
txn_03098,user_172,83.4,USD,Uber,US,2025-12-04T14:55:14.719714
txn_03099,user_476,83.72,USD,Netflix,IN,2025-12-23T09:55:14.719718
txn_03100,user_362,17.5,USD,Spotify,US,2025-12-31T02:55:14.719721
txn_03101,user_480,84.92,USD,Netflix,US,2025-12-29T16:55:14.719725
txn_03102,user_201,78.5,USD,Local Grocery,US,2025-10-18T11:55:14.719728
txn_03103,user_057,93.56,USD,Netflix,GB,2025-12-14T02:55:14.719733
txn_03104,user_498,55.0,USD,Netflix,GB,2025-11-06T05:55:14.719737
txn_03105,user_066,72.9,USD,Amazon,IN,2025-10-14T05:55:14.719741
txn_03106,user_046,9.08,USD,Electronics Hub,GB,2025-12-11T19:55:14.719744
txn_03107,user_005,13.33,USD,TravelHub,IN,2025-12-31T11:55:14.719748
txn_03108,user_391,82.35,USD,Netflix,GB,2025-10-17T05:55:14.719751
txn_03109,user_002,27.92,USD,Netflix,IN,2025-10-22T19:55:14.719755
txn_03110,user_216,790.92,USD,Online Gaming Co,RU,2026-01-04T10:55:14.719758
txn_03111,user_001,39.95,USD,McDonalds,GB,2025-12-11T23:55:14.719761
txn_03112,user_263,81.01,USD,Software Store,IN,2025-10-17T01:55:14.719765
txn_03113,user_324,64.6,USD,Electronics Hub,US,2025-11-23T06:55:14.719770
txn_03114,user_160,24.1,USD,McDonalds,GB,2025-10-20T01:55:14.719774
txn_03115,user_321,84.18,USD,Starbucks,US,2025-10-31T11:55:14.719777
txn_03116,user_384,37.02,USD,TravelHub,US,2025-11-15T19:55:14.719781
txn_03117,user_359,13.41,USD,Starbucks,GB,2025-10-15T12:55:14.719784
txn_03118,user_301,68.52,USD,Netflix,GB,2025-11-02T10:55:14.719788
txn_03119,user_043,10.78,USD,Uber,GB,2025-12-13T20:55:14.719791
txn_03120,user_453,28.46,USD,Starbucks,IN,2025-10-09T16:55:14.719795
txn_03121,user_335,27.25,USD,Amazon,GB,2025-10-23T11:55:14.719798
txn_03122,user_134,89.2,USD,Uber,GB,2025-11-14T15:55:14.719802
txn_03123,user_142,11.44,USD,Spotify,GB,2025-12-21T15:55:14.719805
txn_03124,user_179,71.14,USD,Amazon,US,2025-12-03T07:55:14.719809
txn_03125,user_245,79.54,USD,TravelHub,GB,2025-12-16T13:55:14.719813
txn_03126,user_293,14.17,USD,Uber,GB,2025-11-02T02:55:14.719816
txn_03127,user_205,21.49,USD,Uber,US,2025-12-31T14:55:14.719819
txn_03128,user_282,39.33,USD,Amazon,US,2025-12-16T01:55:14.719823
txn_03129,user_043,3789.24,USD,Exotic Jewelry,NG,2026-01-03T20:55:14.719826
txn_03130,user_386,3209.43,USD,AdultWorld,CN,2026-01-05T07:55:14.719830
txn_03131,user_269,65.69,USD,Local Grocery,GB,2025-12-07T04:55:14.719833
txn_03132,user_045,61.76,USD,Starbucks,GB,2025-11-23T21:55:14.719837
txn_03133,user_358,54.85,USD,Uber,GB,2025-10-22T22:55:14.719842
txn_03134,user_469,53.19,USD,McDonalds,US,2025-11-11T11:55:14.719846
txn_03135,user_363,96.85,USD,Netflix,GB,2025-12-02T18:55:14.719851
txn_03136,user_474,40.81,USD,Software Store,IN,2025-12-02T14:55:14.719854
txn_03137,user_332,53.36,USD,Software Store,IN,2025-11-07T21:55:14.719859
txn_03138,user_453,61.92,USD,Amazon,IN,2025-12-20T20:55:14.719862
txn_03139,user_131,30.37,USD,Starbucks,GB,2025-11-05T19:55:14.719866
txn_03140,user_431,35.92,USD,Software Store,GB,2025-12-11T12:55:14.719869
txn_03141,user_267,14.25,USD,TravelHub,US,2025-12-17T00:55:14.719873
txn_03142,user_389,10.64,USD,Spotify,US,2025-11-17T02:55:14.719876
txn_03143,user_092,61.31,USD,Netflix,US,2025-10-22T03:55:14.719880
txn_03144,user_078,82.97,USD,Netflix,US,2025-10-08T18:55:14.719885
txn_03145,user_206,71.55,USD,Uber,US,2025-12-18T23:55:14.719889
txn_03146,user_481,64.32,USD,Starbucks,GB,2025-10-14T18:55:14.719892
txn_03147,user_286,91.94,USD,McDonalds,US,2025-12-17T08:55:14.719896
txn_03148,user_053,6.99,USD,Local Grocery,IN,2025-11-01T18:55:14.719899
txn_03149,user_090,74.58,USD,Netflix,IN,2025-11-05T11:55:14.719904
txn_03150,user_195,90.67,USD,TravelHub,IN,2025-11-07T05:55:14.719908
txn_03151,user_182,4904.23,USD,Online Gaming Co,NG,2026-01-04T23:55:14.719911
txn_03152,user_049,58.57,USD,Amazon,IN,2025-12-29T04:55:14.719916
txn_03153,user_345,11.49,USD,McDonalds,US,2025-12-12T12:55:14.719920
txn_03154,user_165,2228.54,USD,LuxuryStore,RU,2026-01-04T06:55:14.719923
txn_03155,user_403,20.02,USD,Local Grocery,US,2025-11-27T13:55:14.719927
txn_03156,user_242,55.39,USD,Local Grocery,IN,2025-11-14T07:55:14.719931
txn_03157,user_481,14.79,USD,Local Grocery,GB,2025-11-09T06:55:14.719935
txn_03158,user_421,29.16,USD,McDonalds,IN,2025-12-25T00:55:14.719938
txn_03159,user_022,91.41,USD,Electronics Hub,GB,2025-12-18T05:55:14.719942
txn_03160,user_344,87.54,USD,McDonalds,IN,2025-12-16T05:55:14.719946
txn_03161,user_280,47.31,USD,Local Grocery,GB,2025-10-12T08:55:14.719949
txn_03162,user_248,88.62,USD,Starbucks,GB,2025-12-12T04:55:14.719953
txn_03163,user_130,75.04,USD,Amazon,US,2025-12-30T05:55:14.719956
txn_03164,user_073,34.05,USD,Uber,IN,2025-12-31T08:55:14.719960
txn_03165,user_472,90.65,USD,McDonalds,GB,2025-11-20T20:55:14.719963
txn_03166,user_446,25.67,USD,Amazon,GB,2025-11-30T15:55:14.719967
txn_03167,user_469,52.76,USD,Electronics Hub,IN,2025-10-27T09:55:14.719972
txn_03168,user_471,39.25,USD,Starbucks,IN,2025-10-30T07:55:14.719976
txn_03169,user_386,91.43,USD,Uber,US,2025-12-23T18:55:14.719980
txn_03170,user_334,58.53,USD,Starbucks,US,2025-12-13T20:55:14.719983
txn_03171,user_392,31.53,USD,Local Grocery,IN,2025-11-06T23:55:14.719987
txn_03172,user_326,95.38,USD,McDonalds,GB,2025-10-07T11:55:14.719992
txn_03173,user_356,1108.33,USD,QuickLoans,BR,2026-01-04T13:55:14.719995
txn_03174,user_022,44.65,USD,Spotify,GB,2025-11-25T08:55:14.719999
txn_03175,user_035,16.32,USD,Uber,GB,2025-12-28T12:55:14.720003
txn_03176,user_134,26.52,USD,Amazon,IN,2025-12-18T14:55:14.720006
txn_03177,user_315,38.5,USD,Starbucks,GB,2025-12-10T08:55:14.720010
txn_03178,user_067,7.89,USD,Software Store,US,2025-11-13T05:55:14.720014
txn_03179,user_291,68.43,USD,Starbucks,GB,2025-10-31T18:55:14.720017
txn_03180,user_417,52.49,USD,TravelHub,GB,2025-10-20T22:55:14.720021
txn_03181,user_014,49.84,USD,Uber,IN,2025-11-07T22:55:14.720025
txn_03182,user_083,3405.05,USD,Exotic Jewelry,NG,2026-01-05T09:55:14.720028
txn_03183,user_385,93.38,USD,Electronics Hub,GB,2025-12-22T20:55:14.720032
txn_03184,user_233,37.26,USD,Netflix,GB,2025-12-28T08:55:14.720035
txn_03185,user_482,76.04,USD,Netflix,IN,2025-12-17T22:55:14.720039
txn_03186,user_310,543.6,USD,Exotic Jewelry,NG,2026-01-04T06:55:14.720042
txn_03187,user_293,3837.8,USD,LuxuryStore,CN,2026-01-03T22:55:14.720046
txn_03188,user_368,85.08,USD,Amazon,IN,2026-01-04T09:55:14.720049
txn_03189,user_216,47.7,USD,McDonalds,US,2025-12-12T09:55:14.720053
txn_03190,user_128,41.55,USD,Uber,IN,2025-11-13T03:55:14.720057
txn_03191,user_328,74.71,USD,TravelHub,IN,2025-12-12T06:55:14.720062
txn_03192,user_127,54.89,USD,Local Grocery,IN,2025-11-22T22:55:14.720065
txn_03193,user_039,80.37,USD,TravelHub,US,2026-01-01T14:55:14.720069
txn_03194,user_300,2483.21,USD,AdultWorld,CN,2026-01-03T17:55:14.720072
txn_03195,user_492,49.71,USD,Amazon,IN,2025-12-23T10:55:14.720076
txn_03196,user_061,95.64,USD,Netflix,IN,2026-01-02T12:55:14.720081
txn_03197,user_432,76.56,USD,Electronics Hub,GB,2025-12-17T00:55:14.720085
txn_03198,user_165,80.54,USD,Local Grocery,IN,2025-10-25T20:55:14.720090
txn_03199,user_085,20.46,USD,Netflix,GB,2025-11-18T21:55:14.720094
txn_03200,user_271,37.95,USD,TravelHub,GB,2025-10-27T10:55:14.720098
txn_03201,user_444,3791.0,USD,Online Gaming Co,RU,2026-01-04T09:55:14.720101
txn_03202,user_393,81.0,USD,Local Grocery,IN,2025-11-24T10:55:14.720105
txn_03203,user_379,99.9,USD,Local Grocery,US,2025-12-23T10:55:14.720108
txn_03204,user_320,11.34,USD,Electronics Hub,IN,2025-10-08T12:55:14.720112
txn_03205,user_426,72.95,USD,Software Store,IN,2025-11-10T05:55:14.720115
txn_03206,user_275,62.88,USD,Uber,IN,2025-10-30T03:55:14.720119
txn_03207,user_167,97.05,USD,Netflix,GB,2025-10-25T16:55:14.720122
txn_03208,user_394,57.02,USD,Uber,IN,2026-01-01T19:55:14.720126
txn_03209,user_025,22.62,USD,TravelHub,IN,2025-11-10T10:55:14.720130
txn_03210,user_238,3482.48,USD,LuxuryStore,RU,2026-01-04T12:55:14.720133
txn_03211,user_269,64.39,USD,Uber,GB,2025-12-02T09:55:14.720138
txn_03212,user_218,45.76,USD,TravelHub,IN,2025-12-22T21:55:14.720141
txn_03213,user_013,95.15,USD,Amazon,US,2025-11-17T14:55:14.720145
txn_03214,user_347,52.95,USD,Software Store,IN,2025-12-08T01:55:14.720149
txn_03215,user_320,1864.55,USD,Exotic Jewelry,CN,2026-01-05T08:55:14.720154
txn_03216,user_011,11.6,USD,Software Store,GB,2025-11-17T23:55:14.720157
txn_03217,user_071,87.07,USD,Local Grocery,GB,2025-10-08T10:55:14.720161
txn_03218,user_481,36.51,USD,McDonalds,US,2025-10-13T12:55:14.720165
txn_03219,user_430,73.33,USD,TravelHub,US,2025-12-19T13:55:14.720168
txn_03220,user_363,35.15,USD,Local Grocery,US,2025-11-06T19:55:14.720171
txn_03221,user_345,28.22,USD,Netflix,IN,2025-12-15T04:55:14.720175
txn_03222,user_271,33.4,USD,McDonalds,US,2026-01-01T22:55:14.720178
txn_03223,user_117,30.84,USD,Local Grocery,IN,2025-11-16T21:55:14.720182
txn_03224,user_022,543.8,USD,AdultWorld,BR,2026-01-03T22:55:14.720185
txn_03225,user_096,96.87,USD,Local Grocery,GB,2025-12-07T04:55:14.720189
txn_03226,user_241,50.39,USD,Amazon,GB,2025-12-08T19:55:14.720192
txn_03227,user_108,76.42,USD,Software Store,US,2025-11-27T17:55:14.720196
txn_03228,user_250,95.53,USD,Spotify,US,2025-12-20T13:55:14.720199
txn_03229,user_080,75.7,USD,Starbucks,IN,2025-10-14T05:55:14.720203
txn_03230,user_321,94.08,USD,Electronics Hub,GB,2025-11-11T17:55:14.720208
txn_03231,user_106,77.92,USD,Netflix,US,2025-10-11T12:55:14.720212
txn_03232,user_222,8.47,USD,McDonalds,US,2025-11-09T10:55:14.720215
txn_03233,user_427,24.98,USD,Starbucks,GB,2026-01-01T18:55:14.720219
txn_03234,user_033,21.23,USD,Software Store,GB,2025-11-14T21:55:14.720223
txn_03235,user_096,2023.29,USD,LuxuryStore,BR,2026-01-04T02:55:14.720226
txn_03236,user_160,11.5,USD,Spotify,GB,2025-12-19T04:55:14.720229
txn_03237,user_241,25.63,USD,Netflix,GB,2025-12-23T05:55:14.720233
txn_03238,user_147,18.39,USD,Electronics Hub,IN,2025-11-13T21:55:14.720237
txn_03239,user_439,75.68,USD,Spotify,GB,2025-12-14T14:55:14.720240
txn_03240,user_297,48.95,USD,Software Store,IN,2026-01-01T16:55:14.720244
txn_03241,user_273,20.95,USD,Amazon,GB,2025-12-28T22:55:14.720247
txn_03242,user_050,86.0,USD,TravelHub,GB,2025-10-21T18:55:14.720251
txn_03243,user_175,23.1,USD,Electronics Hub,US,2026-01-02T03:55:14.720254
txn_03244,user_068,17.8,USD,McDonalds,US,2025-11-09T08:55:14.720258
txn_03245,user_420,1365.99,USD,Online Gaming Co,BR,2026-01-05T02:55:14.720261
txn_03246,user_179,41.54,USD,Local Grocery,IN,2025-12-11T09:55:14.720266
txn_03247,user_051,61.42,USD,TravelHub,US,2025-10-29T17:55:14.720270
txn_03248,user_197,83.27,USD,Uber,US,2025-10-13T07:55:14.720273
txn_03249,user_424,53.53,USD,Amazon,US,2025-10-22T11:55:14.720277
txn_03250,user_315,9.92,USD,McDonalds,IN,2025-11-22T09:55:14.720283
txn_03251,user_177,72.05,USD,Amazon,GB,2025-12-17T09:55:14.720287
txn_03252,user_132,80.36,USD,Software Store,IN,2025-11-16T20:55:14.720290
txn_03253,user_023,96.21,USD,Electronics Hub,IN,2025-11-03T02:55:14.720294
txn_03254,user_348,31.06,USD,Netflix,IN,2025-10-31T04:55:14.720297
txn_03255,user_162,33.81,USD,Starbucks,GB,2025-10-16T00:55:14.720301
txn_03256,user_465,87.95,USD,McDonalds,GB,2025-11-06T22:55:14.720304
txn_03257,user_367,75.25,USD,Amazon,IN,2025-10-23T12:55:14.720308
txn_03258,user_257,66.43,USD,McDonalds,GB,2025-12-28T12:55:14.720311
txn_03259,user_408,47.56,USD,Starbucks,GB,2025-10-17T13:55:14.720315
txn_03260,user_466,43.65,USD,Local Grocery,US,2025-12-25T23:55:14.720318
txn_03261,user_142,35.51,USD,Starbucks,GB,2025-12-05T20:55:14.720322
txn_03262,user_141,5.77,USD,Starbucks,IN,2025-11-16T16:55:14.720326
txn_03263,user_373,94.06,USD,Uber,GB,2025-11-18T19:55:14.720330
txn_03264,user_050,10.84,USD,Starbucks,IN,2025-12-04T09:55:14.720334
txn_03265,user_148,98.32,USD,TravelHub,US,2025-10-31T12:55:14.720337
txn_03266,user_368,18.22,USD,Spotify,GB,2025-12-03T11:55:14.720341
txn_03267,user_108,97.0,USD,Electronics Hub,GB,2025-12-04T16:55:14.720345
txn_03268,user_434,72.22,USD,Spotify,US,2025-10-23T10:55:14.720348
txn_03269,user_061,36.77,USD,Amazon,US,2025-10-29T22:55:14.720353
txn_03270,user_129,7.71,USD,Amazon,GB,2025-12-07T08:55:14.720356
txn_03271,user_112,19.52,USD,Software Store,GB,2025-11-14T23:55:14.720360
txn_03272,user_090,2363.29,USD,LuxuryStore,RU,2026-01-03T16:55:14.720363
txn_03273,user_070,83.24,USD,McDonalds,GB,2025-12-07T00:55:14.720367
txn_03274,user_157,2560.81,USD,Online Gaming Co,CN,2026-01-03T17:55:14.720370
txn_03275,user_091,8.78,USD,Uber,IN,2025-10-28T21:55:14.720373
txn_03276,user_362,43.06,USD,Starbucks,GB,2025-12-18T19:55:14.720377
txn_03277,user_273,9.23,USD,McDonalds,US,2025-12-04T13:55:14.720382
txn_03278,user_350,3178.69,USD,QuickLoans,NG,2026-01-04T01:55:14.720385
txn_03279,user_180,77.96,USD,Uber,GB,2025-11-05T01:55:14.720389
txn_03280,user_008,4135.82,USD,QuickLoans,CN,2026-01-04T06:55:14.720393
txn_03281,user_065,48.79,USD,McDonalds,US,2025-11-21T05:55:14.720396
txn_03282,user_230,3059.69,USD,LuxuryStore,NG,2026-01-04T22:55:14.720400
txn_03283,user_201,38.78,USD,Uber,IN,2025-11-09T03:55:14.720403
txn_03284,user_354,77.06,USD,Software Store,GB,2025-11-22T10:55:14.720407
txn_03285,user_428,54.54,USD,Electronics Hub,US,2025-10-15T04:55:14.720411
txn_03286,user_220,74.85,USD,Amazon,US,2025-10-26T20:55:14.720414
txn_03287,user_168,94.61,USD,Uber,US,2025-11-02T03:55:14.720418
txn_03288,user_019,7.86,USD,Uber,IN,2025-10-21T10:55:14.720421
txn_03289,user_425,94.6,USD,Netflix,IN,2025-10-17T01:55:14.720426
txn_03290,user_148,7.62,USD,Netflix,IN,2025-10-15T03:55:14.720430
txn_03291,user_458,4147.19,USD,Online Gaming Co,BR,2026-01-04T06:55:14.720433
txn_03292,user_029,93.96,USD,Netflix,GB,2025-11-01T19:55:14.720437
txn_03293,user_170,2459.16,USD,Exotic Jewelry,RU,2026-01-03T21:55:14.720440
txn_03294,user_436,46.84,USD,Electronics Hub,IN,2025-10-19T12:55:14.720445
txn_03295,user_317,57.29,USD,Uber,US,2025-12-17T22:55:14.720448
txn_03296,user_018,65.44,USD,Amazon,IN,2025-11-11T10:55:14.720452
txn_03297,user_415,58.08,USD,Software Store,IN,2025-12-22T09:55:14.720457
txn_03298,user_433,53.53,USD,Starbucks,IN,2025-11-27T17:55:14.720460
txn_03299,user_290,94.87,USD,Software Store,GB,2025-12-21T15:55:14.720464
txn_03300,user_007,91.06,USD,Amazon,GB,2025-12-01T02:55:14.720468
txn_03301,user_455,77.27,USD,Uber,US,2025-11-15T16:55:14.720472
txn_03302,user_074,9.01,USD,Starbucks,IN,2025-12-27T12:55:14.720475
txn_03303,user_385,28.08,USD,TravelHub,US,2025-12-12T14:55:14.720479
txn_03304,user_141,4327.28,USD,LuxuryStore,BR,2026-01-05T02:55:14.720482
txn_03305,user_158,60.69,USD,Local Grocery,IN,2025-12-21T05:55:14.720486
txn_03306,user_357,49.17,USD,Software Store,GB,2025-11-07T00:55:14.720489
txn_03307,user_447,88.17,USD,McDonalds,US,2025-12-16T19:55:14.720493
txn_03308,user_027,99.95,USD,Starbucks,IN,2025-10-21T18:55:14.720498
txn_03309,user_118,47.89,USD,Starbucks,GB,2025-10-08T01:55:14.720501
txn_03310,user_369,85.42,USD,Amazon,US,2025-11-22T11:55:14.720505
txn_03311,user_412,42.87,USD,Uber,IN,2026-01-01T22:55:14.720509
txn_03312,user_443,47.4,USD,Electronics Hub,IN,2025-11-30T08:55:14.720512
txn_03313,user_453,95.27,USD,Spotify,IN,2025-12-15T17:55:14.720516
txn_03314,user_106,51.84,USD,McDonalds,IN,2025-10-25T08:55:14.720519
txn_03315,user_221,5.07,USD,Netflix,IN,2025-10-11T14:55:14.720523
txn_03316,user_354,17.96,USD,Software Store,US,2025-11-02T19:55:14.720526
txn_03317,user_427,91.55,USD,Electronics Hub,GB,2025-12-02T08:55:14.720530
txn_03318,user_136,9.74,USD,Starbucks,US,2025-10-12T05:55:14.720533
txn_03319,user_022,30.78,USD,Local Grocery,GB,2025-12-05T19:55:14.720537
txn_03320,user_404,66.66,USD,Software Store,GB,2025-11-22T17:55:14.720541
txn_03321,user_347,52.51,USD,Spotify,US,2025-12-11T23:55:14.720544
txn_03322,user_210,93.1,USD,Spotify,US,2025-12-06T06:55:14.720548
txn_03323,user_370,28.06,USD,Uber,US,2025-11-10T18:55:14.720551
txn_03324,user_430,27.51,USD,Netflix,IN,2025-10-29T20:55:14.720554
txn_03325,user_254,46.08,USD,Uber,GB,2025-12-24T11:55:14.720558
txn_03326,user_272,89.88,USD,Software Store,GB,2025-12-05T09:55:14.720563
txn_03327,user_321,13.9,USD,Local Grocery,US,2025-11-21T18:55:14.720571
txn_03328,user_342,95.37,USD,McDonalds,GB,2025-10-07T10:55:14.720576
txn_03329,user_226,80.1,USD,Uber,US,2025-11-01T21:55:14.720579
txn_03330,user_180,4467.56,USD,Exotic Jewelry,NG,2026-01-04T09:55:14.720583
txn_03331,user_140,57.0,USD,Uber,IN,2026-01-04T18:55:14.720587
txn_03332,user_489,19.72,USD,Netflix,IN,2025-10-10T21:55:14.720590
txn_03333,user_183,21.84,USD,Netflix,GB,2025-11-24T06:55:14.720594
txn_03334,user_364,31.37,USD,Software Store,US,2025-10-07T20:55:14.720597
txn_03335,user_242,63.3,USD,McDonalds,US,2025-10-19T20:55:14.720601
txn_03336,user_475,58.22,USD,Amazon,US,2025-12-17T21:55:14.720605
txn_03337,user_246,35.06,USD,Uber,US,2025-11-25T09:55:14.720608
txn_03338,user_463,34.18,USD,TravelHub,IN,2025-11-11T21:55:14.720612
txn_03339,user_203,38.0,USD,TravelHub,IN,2025-10-14T22:55:14.720616
txn_03340,user_296,87.56,USD,Netflix,IN,2025-10-22T19:55:14.720619
txn_03341,user_030,3589.6,USD,Online Gaming Co,NG,2026-01-04T00:55:14.720622
txn_03342,user_005,28.87,USD,Spotify,US,2025-11-20T06:55:14.720626
txn_03343,user_371,2611.32,USD,LuxuryStore,CN,2026-01-05T01:55:14.720629
txn_03344,user_215,82.97,USD,McDonalds,US,2025-11-25T13:55:14.720633
txn_03345,user_394,43.35,USD,Local Grocery,US,2025-12-27T19:55:14.720636
txn_03346,user_260,48.9,USD,Electronics Hub,GB,2025-10-09T07:55:14.720640
txn_03347,user_269,32.59,USD,Uber,US,2025-11-04T10:55:14.720645
txn_03348,user_112,85.56,USD,Amazon,IN,2025-12-24T11:55:14.720650
txn_03349,user_404,49.82,USD,Amazon,US,2025-10-10T06:55:14.720653
txn_03350,user_133,39.83,USD,Spotify,US,2025-10-30T11:55:14.720657
txn_03351,user_333,34.16,USD,Amazon,IN,2025-12-28T21:55:14.720661
txn_03352,user_336,47.52,USD,Electronics Hub,IN,2025-10-21T04:55:14.720664
txn_03353,user_025,9.73,USD,Starbucks,US,2025-11-04T02:55:14.720668
txn_03354,user_378,16.66,USD,Software Store,US,2025-11-25T05:55:14.720671
txn_03355,user_235,85.86,USD,Uber,US,2025-11-19T06:55:14.720675
txn_03356,user_279,4368.05,USD,LuxuryStore,CN,2026-01-03T18:55:14.720679
txn_03357,user_498,69.21,USD,Software Store,US,2025-10-27T20:55:14.720682
txn_03358,user_020,884.79,USD,Exotic Jewelry,BR,2026-01-04T15:55:14.720687
txn_03359,user_132,22.67,USD,Amazon,US,2025-12-22T07:55:14.720691
txn_03360,user_249,78.0,USD,McDonalds,GB,2025-11-14T04:55:14.720694
txn_03361,user_145,43.81,USD,McDonalds,IN,2025-12-14T01:55:14.720698
txn_03362,user_482,1195.28,USD,AdultWorld,RU,2026-01-04T07:55:14.720701
txn_03363,user_382,91.84,USD,Local Grocery,IN,2025-11-03T16:55:14.720705
txn_03364,user_436,92.87,USD,TravelHub,US,2025-12-12T22:55:14.720709
txn_03365,user_401,48.68,USD,Uber,GB,2025-12-04T04:55:14.720713
txn_03366,user_458,32.35,USD,Uber,GB,2025-12-14T06:55:14.720716
txn_03367,user_303,2166.11,USD,Exotic Jewelry,BR,2026-01-05T08:55:14.720723
txn_03368,user_273,63.78,USD,Netflix,GB,2025-11-16T02:55:14.720727
txn_03369,user_161,73.49,USD,Netflix,US,2025-10-12T13:55:14.720730
txn_03370,user_414,78.36,USD,Netflix,IN,2025-10-24T00:55:14.720734
txn_03371,user_155,46.86,USD,Local Grocery,GB,2025-12-26T20:55:14.720737
txn_03372,user_225,84.85,USD,Spotify,GB,2025-12-27T22:55:14.720741
txn_03373,user_366,83.88,USD,Uber,GB,2025-12-21T12:55:14.720745
txn_03374,user_284,45.72,USD,Spotify,US,2025-11-02T18:55:14.720749
txn_03375,user_220,2825.88,USD,AdultWorld,BR,2026-01-04T01:55:14.720752
txn_03376,user_469,31.56,USD,Starbucks,GB,2025-12-27T01:55:14.720756
txn_03377,user_214,78.54,USD,Amazon,IN,2025-12-20T23:55:14.720759
txn_03378,user_018,21.36,USD,Electronics Hub,IN,2025-11-15T10:55:14.720763
txn_03379,user_454,28.98,USD,TravelHub,US,2025-12-02T23:55:14.720766
txn_03380,user_220,85.19,USD,Amazon,IN,2025-10-31T05:55:14.720770
txn_03381,user_481,40.83,USD,Amazon,GB,2025-10-31T14:55:14.720773
txn_03382,user_245,55.32,USD,Electronics Hub,IN,2025-11-06T18:55:14.720777
txn_03383,user_188,94.45,USD,Software Store,GB,2025-12-21T04:55:14.720781
txn_03384,user_230,91.42,USD,Electronics Hub,US,2025-12-30T07:55:14.720784
txn_03385,user_103,2919.97,USD,Online Gaming Co,RU,2026-01-03T21:55:14.720788
txn_03386,user_076,49.48,USD,Starbucks,IN,2025-11-12T00:55:14.720793
txn_03387,user_073,51.91,USD,Software Store,GB,2025-12-03T20:55:14.720796
txn_03388,user_233,12.26,USD,Uber,US,2025-11-11T23:55:14.720800
txn_03389,user_053,94.53,USD,Spotify,US,2025-11-09T16:55:14.720804
txn_03390,user_267,5.87,USD,Spotify,US,2025-10-29T10:55:14.720809
txn_03391,user_362,48.77,USD,Uber,IN,2025-10-07T04:55:14.720812
txn_03392,user_200,19.41,USD,Starbucks,GB,2025-10-27T17:55:14.720816
txn_03393,user_362,46.21,USD,TravelHub,IN,2025-11-28T14:55:14.720820
txn_03394,user_265,64.81,USD,Local Grocery,GB,2025-10-14T21:55:14.720823
txn_03395,user_257,66.67,USD,Netflix,IN,2025-12-18T20:55:14.720827
txn_03396,user_288,81.18,USD,Amazon,GB,2025-10-10T21:55:14.720831
txn_03397,user_188,88.44,USD,Software Store,GB,2025-10-16T02:55:14.720834
txn_03398,user_161,49.83,USD,Uber,US,2025-10-06T21:55:14.720838
txn_03399,user_224,12.39,USD,Spotify,GB,2025-10-28T05:55:14.720842
txn_03400,user_097,68.04,USD,Uber,US,2025-11-12T06:55:14.720847
txn_03401,user_118,42.12,USD,Software Store,GB,2025-10-14T11:55:14.720850
txn_03402,user_127,2278.49,USD,Online Gaming Co,BR,2026-01-04T12:55:14.720854
txn_03403,user_211,36.88,USD,TravelHub,GB,2025-11-19T21:55:14.720859
txn_03404,user_404,97.84,USD,Spotify,GB,2025-10-26T03:55:14.720863
txn_03405,user_151,32.47,USD,TravelHub,US,2026-01-01T20:55:14.720867
txn_03406,user_051,78.05,USD,Electronics Hub,IN,2025-11-03T11:55:14.720871
txn_03407,user_229,10.48,USD,Electronics Hub,GB,2025-11-06T20:55:14.720875
txn_03408,user_204,2176.21,USD,Online Gaming Co,NG,2026-01-03T21:55:14.720878
txn_03409,user_312,78.43,USD,Software Store,IN,2025-12-25T12:55:14.720882
txn_03410,user_291,27.73,USD,Uber,GB,2025-11-14T16:55:14.720886
txn_03411,user_479,72.98,USD,McDonalds,IN,2025-10-07T10:55:14.720889
txn_03412,user_475,4904.08,USD,LuxuryStore,BR,2026-01-04T12:55:14.720893
txn_03413,user_087,95.35,USD,Starbucks,GB,2025-11-06T04:55:14.720896
txn_03414,user_067,12.96,USD,TravelHub,IN,2025-12-18T21:55:14.720900
txn_03415,user_058,25.33,USD,Starbucks,US,2025-10-17T19:55:14.720904
txn_03416,user_059,77.04,USD,Electronics Hub,GB,2025-10-10T18:55:14.720907
txn_03417,user_305,17.91,USD,McDonalds,IN,2025-11-07T00:55:14.720911
txn_03418,user_445,3501.33,USD,AdultWorld,CN,2026-01-03T13:55:14.720914
txn_03419,user_059,75.32,USD,Netflix,US,2025-10-15T13:55:14.720918
txn_03420,user_201,8.38,USD,Electronics Hub,GB,2025-11-14T13:55:14.720922
txn_03421,user_315,20.23,USD,Uber,GB,2025-11-03T01:55:14.720925
txn_03422,user_297,24.37,USD,Starbucks,US,2025-10-07T23:55:14.720930
txn_03423,user_160,23.73,USD,McDonalds,US,2026-01-02T23:55:14.720934
txn_03424,user_056,15.05,USD,Electronics Hub,US,2025-12-20T05:55:14.720938
txn_03425,user_330,60.28,USD,Software Store,US,2026-01-02T18:55:14.720943
txn_03426,user_371,6.81,USD,Software Store,US,2025-11-16T13:55:14.720947
txn_03427,user_054,46.46,USD,Local Grocery,GB,2025-11-18T01:55:14.720951
txn_03428,user_368,7.61,USD,McDonalds,US,2025-12-04T08:55:14.720955
txn_03429,user_159,16.08,USD,Spotify,US,2025-11-05T07:55:14.720958
txn_03430,user_410,39.18,USD,Software Store,US,2025-11-24T06:55:14.720962
txn_03431,user_358,90.91,USD,Amazon,GB,2025-12-19T06:55:14.720965
txn_03432,user_358,96.72,USD,Spotify,US,2025-12-03T16:55:14.720969
txn_03433,user_299,83.34,USD,McDonalds,US,2025-12-13T22:55:14.720973
txn_03434,user_113,54.27,USD,Electronics Hub,US,2025-10-17T13:55:14.720976
txn_03435,user_063,86.28,USD,TravelHub,IN,2025-11-17T02:55:14.720980
txn_03436,user_317,55.77,USD,Netflix,IN,2025-12-18T23:55:14.720984
txn_03437,user_428,76.46,USD,Software Store,IN,2025-10-12T12:55:14.720988
txn_03438,user_404,66.56,USD,Netflix,IN,2025-11-08T04:55:14.720991
txn_03439,user_126,4022.13,USD,QuickLoans,BR,2026-01-05T00:55:14.720994
txn_03440,user_076,2050.6,USD,AdultWorld,BR,2026-01-05T02:55:14.720998
txn_03441,user_096,41.46,USD,Amazon,GB,2025-11-12T14:55:14.721001
txn_03442,user_207,30.94,USD,Uber,IN,2025-10-31T23:55:14.721005
txn_03443,user_374,75.17,USD,Local Grocery,IN,2025-10-31T03:55:14.721008
txn_03444,user_253,44.75,USD,Local Grocery,IN,2025-11-16T09:55:14.721012
txn_03445,user_141,63.32,USD,McDonalds,GB,2026-01-03T18:55:14.721017
txn_03446,user_484,26.78,USD,Spotify,IN,2025-11-11T20:55:14.721020
txn_03447,user_183,99.37,USD,Starbucks,IN,2025-12-18T15:55:14.721024
txn_03448,user_345,77.97,USD,Local Grocery,GB,2025-10-16T04:55:14.721028
txn_03449,user_259,36.26,USD,Uber,GB,2025-12-18T22:55:14.721032
txn_03450,user_273,1792.67,USD,LuxuryStore,NG,2026-01-05T07:55:14.721035
txn_03451,user_471,75.94,USD,Spotify,US,2025-11-20T06:55:14.721040
txn_03452,user_322,90.46,USD,Netflix,GB,2025-11-12T10:55:14.721044
txn_03453,user_367,34.72,USD,Netflix,US,2025-10-27T19:55:14.721049
txn_03454,user_012,50.54,USD,Netflix,IN,2025-12-06T23:55:14.721053
txn_03455,user_167,89.6,USD,Starbucks,IN,2025-10-21T20:55:14.721056
txn_03456,user_173,60.98,USD,TravelHub,GB,2025-11-21T14:55:14.721060
txn_03457,user_090,81.26,USD,McDonalds,IN,2025-11-05T21:55:14.721064
txn_03458,user_176,46.08,USD,Uber,US,2025-12-21T01:55:14.721068
txn_03459,user_328,48.84,USD,Software Store,IN,2025-12-19T22:55:14.721071
txn_03460,user_340,1665.01,USD,AdultWorld,CN,2026-01-04T03:55:14.721075
txn_03461,user_485,19.45,USD,Netflix,GB,2025-10-29T18:55:14.721079
txn_03462,user_011,4707.79,USD,QuickLoans,RU,2026-01-04T09:55:14.721082
txn_03463,user_126,9.4,USD,Netflix,US,2026-01-01T07:55:14.721086
txn_03464,user_191,34.03,USD,Local Grocery,GB,2025-11-29T17:55:14.721091
txn_03465,user_130,42.43,USD,Uber,IN,2025-11-12T06:55:14.721095
txn_03466,user_481,65.93,USD,Spotify,IN,2025-10-29T16:55:14.721099
txn_03467,user_055,26.39,USD,Software Store,IN,2025-12-11T03:55:14.721102
txn_03468,user_438,8.87,USD,Amazon,GB,2025-12-22T01:55:14.721106
txn_03469,user_011,18.2,USD,Starbucks,US,2026-01-02T01:55:14.721110
txn_03470,user_372,27.28,USD,Netflix,IN,2025-10-18T07:55:14.721114
txn_03471,user_310,5.79,USD,Amazon,US,2025-11-18T04:55:14.721117
txn_03472,user_291,38.15,USD,Software Store,IN,2025-12-10T15:55:14.721121
txn_03473,user_002,57.21,USD,Netflix,GB,2025-12-14T01:55:14.721125
txn_03474,user_116,60.61,USD,Electronics Hub,US,2025-11-17T00:55:14.721129
txn_03475,user_168,20.81,USD,TravelHub,IN,2025-12-10T23:55:14.721132
txn_03476,user_278,3087.05,USD,Online Gaming Co,BR,2026-01-05T08:55:14.721136
txn_03477,user_093,57.03,USD,Software Store,US,2025-10-24T08:55:14.721140
txn_03478,user_039,59.23,USD,Electronics Hub,IN,2025-10-18T15:55:14.721143
txn_03479,user_497,10.82,USD,Starbucks,US,2025-11-28T18:55:14.721147
txn_03480,user_037,75.99,USD,Amazon,IN,2025-12-05T18:55:14.721151
txn_03481,user_291,8.49,USD,Starbucks,GB,2025-11-25T17:55:14.721155
txn_03482,user_177,42.14,USD,McDonalds,US,2025-12-30T17:55:14.721158
txn_03483,user_432,11.92,USD,Starbucks,IN,2025-11-25T05:55:14.721162
txn_03484,user_427,53.6,USD,Software Store,GB,2025-12-23T15:55:14.721167
txn_03485,user_381,29.46,USD,Spotify,US,2025-11-06T12:55:14.721172
txn_03486,user_176,16.28,USD,Software Store,GB,2025-12-05T11:55:14.721176
txn_03487,user_410,21.83,USD,Local Grocery,IN,2025-10-10T03:55:14.721179
txn_03488,user_343,60.61,USD,Local Grocery,IN,2025-11-26T03:55:14.721183
txn_03489,user_053,891.56,USD,AdultWorld,BR,2026-01-04T13:55:14.721187
txn_03490,user_002,25.4,USD,Local Grocery,GB,2025-10-18T08:55:14.721190
txn_03491,user_360,20.74,USD,TravelHub,IN,2025-12-15T03:55:14.721194
txn_03492,user_261,37.82,USD,Software Store,GB,2025-11-29T11:55:14.721198
txn_03493,user_363,85.29,USD,McDonalds,GB,2025-10-11T17:55:14.721202
txn_03494,user_325,45.76,USD,Uber,GB,2025-10-23T01:55:14.721205
txn_03495,user_155,53.27,USD,Uber,US,2025-10-09T09:55:14.721209
txn_03496,user_026,39.94,USD,Amazon,US,2025-11-13T05:55:14.721213
txn_03497,user_109,13.56,USD,Spotify,GB,2025-12-10T00:55:14.721216
txn_03498,user_034,3888.27,USD,AdultWorld,CN,2026-01-05T07:55:14.721220
txn_03499,user_492,10.98,USD,McDonalds,US,2025-11-09T17:55:14.721223
txn_03500,user_351,80.39,USD,Software Store,US,2025-10-30T23:55:14.721227
txn_03501,user_076,12.33,USD,Netflix,US,2025-10-17T05:55:14.721232
txn_03502,user_392,69.1,USD,McDonalds,IN,2025-10-21T01:55:14.721235
txn_03503,user_408,44.1,USD,TravelHub,IN,2025-11-27T17:55:14.721241
txn_03504,user_016,8.69,USD,Spotify,US,2025-11-25T12:55:14.721244
txn_03505,user_165,80.72,USD,Electronics Hub,GB,2025-10-09T16:55:14.721248
txn_03506,user_200,17.73,USD,Amazon,US,2025-10-30T10:55:14.721252
txn_03507,user_354,25.04,USD,Electronics Hub,IN,2025-12-25T08:55:14.721255
txn_03508,user_118,17.96,USD,Local Grocery,IN,2025-11-01T22:55:14.721259
txn_03509,user_138,10.12,USD,Uber,GB,2025-10-10T16:55:14.721263
txn_03510,user_189,20.78,USD,Amazon,GB,2025-12-08T15:55:14.721266
txn_03511,user_445,82.61,USD,Local Grocery,GB,2025-12-20T12:55:14.721270
txn_03512,user_163,7.0,USD,Software Store,IN,2025-11-28T14:55:14.721274
txn_03513,user_269,71.29,USD,Netflix,US,2025-10-24T22:55:14.721277
txn_03514,user_442,76.08,USD,Uber,US,2025-11-08T04:55:14.721281
txn_03515,user_369,89.12,USD,Local Grocery,GB,2025-10-10T11:55:14.721284
txn_03516,user_069,86.12,USD,Local Grocery,IN,2025-12-09T15:55:14.721288
txn_03517,user_295,26.02,USD,Amazon,US,2025-12-23T08:55:14.721293
txn_03518,user_409,1767.48,USD,Online Gaming Co,CN,2026-01-05T03:55:14.721296
txn_03519,user_199,1334.95,USD,LuxuryStore,RU,2026-01-04T18:55:14.721300
txn_03520,user_481,19.46,USD,McDonalds,IN,2025-11-30T15:55:14.721303
txn_03521,user_452,49.09,USD,Spotify,GB,2026-01-04T13:55:14.721307
txn_03522,user_281,2315.64,USD,QuickLoans,BR,2026-01-05T03:55:14.721310
txn_03523,user_371,89.26,USD,McDonalds,IN,2025-11-21T00:55:14.721315
txn_03524,user_102,579.96,USD,AdultWorld,BR,2026-01-03T19:55:14.721318
txn_03525,user_190,46.65,USD,Starbucks,GB,2025-11-10T13:55:14.721322
txn_03526,user_455,36.08,USD,Amazon,IN,2025-11-10T00:55:14.721326
txn_03527,user_433,1976.69,USD,Exotic Jewelry,BR,2026-01-03T22:55:14.721329
txn_03528,user_107,9.59,USD,Local Grocery,IN,2025-10-24T17:55:14.721333
txn_03529,user_051,25.1,USD,Starbucks,US,2026-01-03T17:55:14.721337
txn_03530,user_306,30.56,USD,Software Store,IN,2025-11-21T16:55:14.721341
txn_03531,user_297,2696.04,USD,Exotic Jewelry,CN,2026-01-05T08:55:14.721345
txn_03532,user_036,63.07,USD,McDonalds,US,2025-12-27T06:55:14.721349
txn_03533,user_331,6.34,USD,Amazon,US,2025-12-15T17:55:14.721353
txn_03534,user_442,68.43,USD,Uber,IN,2025-11-23T09:55:14.721356
txn_03535,user_184,76.98,USD,McDonalds,US,2025-11-25T02:55:14.721360
txn_03536,user_481,23.7,USD,Spotify,US,2025-10-07T06:55:14.721364
txn_03537,user_155,90.65,USD,Local Grocery,IN,2025-10-07T21:55:14.721367
txn_03538,user_264,54.34,USD,Local Grocery,IN,2025-12-10T13:55:14.721371
txn_03539,user_049,41.66,USD,Starbucks,IN,2025-12-18T08:55:14.721375
txn_03540,user_136,12.01,USD,Netflix,US,2025-12-16T05:55:14.721379
txn_03541,user_011,75.14,USD,Electronics Hub,IN,2025-12-11T18:55:14.721382
txn_03542,user_427,94.23,USD,Software Store,GB,2025-10-15T00:55:14.721388
txn_03543,user_498,33.58,USD,Starbucks,GB,2025-10-16T23:55:14.721392
txn_03544,user_333,94.25,USD,McDonalds,US,2025-11-07T20:55:14.721395
txn_03545,user_417,3457.82,USD,AdultWorld,NG,2026-01-04T01:55:14.721399
txn_03546,user_332,42.7,USD,TravelHub,GB,2025-10-30T16:55:14.721403
txn_03547,user_482,68.69,USD,Software Store,US,2025-12-21T22:55:14.721407
txn_03548,user_066,97.19,USD,Electronics Hub,IN,2025-12-30T03:55:14.721410
txn_03549,user_499,14.01,USD,TravelHub,GB,2025-11-08T09:55:14.721415
txn_03550,user_030,89.19,USD,Spotify,GB,2025-11-27T01:55:14.721419
txn_03551,user_295,12.08,USD,Local Grocery,GB,2025-10-07T00:55:14.721423
txn_03552,user_172,28.3,USD,Starbucks,US,2025-10-22T03:55:14.721428
txn_03553,user_345,33.57,USD,Spotify,IN,2026-01-02T11:55:14.721432
txn_03554,user_203,67.04,USD,McDonalds,IN,2025-11-15T10:55:14.721436
txn_03555,user_352,33.6,USD,Electronics Hub,GB,2025-10-27T06:55:14.721440
txn_03556,user_027,66.29,USD,Netflix,GB,2025-12-17T13:55:14.721444
txn_03557,user_028,53.83,USD,Electronics Hub,GB,2025-10-15T11:55:14.721447
txn_03558,user_105,54.36,USD,Software Store,IN,2025-11-17T15:55:14.721451
txn_03559,user_346,3469.55,USD,QuickLoans,CN,2026-01-04T20:55:14.721454
txn_03560,user_300,2636.04,USD,AdultWorld,BR,2026-01-04T13:55:14.721458
txn_03561,user_466,998.54,USD,Exotic Jewelry,BR,2026-01-03T22:55:14.721461
txn_03562,user_483,84.52,USD,Amazon,GB,2025-11-01T19:55:14.721466
txn_03563,user_388,55.4,USD,Spotify,GB,2025-11-28T18:55:14.721470
txn_03564,user_320,1224.3,USD,Exotic Jewelry,BR,2026-01-04T20:55:14.721473
txn_03565,user_121,70.98,USD,McDonalds,US,2025-11-21T09:55:14.721477
txn_03566,user_323,10.82,USD,Electronics Hub,GB,2025-12-26T01:55:14.721480
txn_03567,user_021,99.47,USD,Amazon,US,2025-11-18T12:55:14.721484
txn_03568,user_121,77.46,USD,TravelHub,GB,2025-11-16T06:55:14.721488
txn_03569,user_434,57.89,USD,Electronics Hub,IN,2025-12-13T13:55:14.721491
txn_03570,user_173,63.54,USD,Uber,IN,2025-11-18T10:55:14.721495
txn_03571,user_329,7.61,USD,Amazon,IN,2025-12-07T20:55:14.721498
txn_03572,user_175,83.55,USD,McDonalds,IN,2025-10-27T15:55:14.721502
txn_03573,user_433,39.96,USD,Spotify,GB,2025-12-12T10:55:14.721505
txn_03574,user_304,82.68,USD,Local Grocery,IN,2025-10-23T19:55:14.721509
txn_03575,user_163,85.51,USD,Local Grocery,IN,2025-11-12T05:55:14.721513
txn_03576,user_088,11.01,USD,Spotify,GB,2025-10-24T08:55:14.721517
txn_03577,user_162,65.52,USD,TravelHub,US,2025-11-17T10:55:14.721520
txn_03578,user_090,4986.02,USD,Exotic Jewelry,CN,2026-01-03T13:55:14.721524
txn_03579,user_447,97.1,USD,Software Store,US,2025-12-21T06:55:14.721527
txn_03580,user_222,82.29,USD,Uber,IN,2025-11-26T17:55:14.721531
txn_03581,user_374,58.29,USD,Local Grocery,GB,2025-12-05T08:55:14.721537
txn_03582,user_027,45.98,USD,TravelHub,IN,2025-12-19T06:55:14.721541
txn_03583,user_132,56.64,USD,TravelHub,US,2025-10-18T06:55:14.721545
txn_03584,user_469,64.55,USD,Electronics Hub,IN,2025-10-11T19:55:14.721549
txn_03585,user_334,58.17,USD,Netflix,IN,2025-11-26T08:55:14.721552
txn_03586,user_415,19.91,USD,Starbucks,US,2025-12-24T17:55:14.721556
txn_03587,user_080,22.32,USD,Software Store,GB,2025-10-26T02:55:14.721559
txn_03588,user_209,53.78,USD,Electronics Hub,IN,2025-11-02T17:55:14.721563
txn_03589,user_402,88.19,USD,Netflix,GB,2025-12-09T15:55:14.721569
txn_03590,user_377,2193.47,USD,LuxuryStore,NG,2026-01-04T23:55:14.721573
txn_03591,user_052,92.33,USD,TravelHub,IN,2025-11-03T21:55:14.721576
txn_03592,user_364,36.68,USD,Uber,GB,2025-10-24T01:55:14.721580
txn_03593,user_014,82.11,USD,Uber,IN,2025-12-26T22:55:14.721584
txn_03594,user_471,34.78,USD,Software Store,IN,2026-01-04T02:55:14.721587
txn_03595,user_109,30.85,USD,Uber,US,2025-11-18T07:55:14.721591
txn_03596,user_304,48.56,USD,Software Store,GB,2025-12-04T08:55:14.721595
txn_03597,user_454,11.96,USD,Electronics Hub,GB,2025-11-22T19:55:14.721599
txn_03598,user_188,4247.82,USD,AdultWorld,BR,2026-01-04T03:55:14.721602
txn_03599,user_443,73.34,USD,Netflix,US,2025-10-13T07:55:14.721606
txn_03600,user_138,56.3,USD,Starbucks,IN,2025-11-07T05:55:14.721610
txn_03601,user_370,38.85,USD,Software Store,IN,2026-01-01T06:55:14.721615
txn_03602,user_143,71.83,USD,McDonalds,IN,2025-12-06T00:55:14.721619
txn_03603,user_216,81.13,USD,Amazon,GB,2025-12-23T13:55:14.721623
txn_03604,user_130,6.2,USD,Software Store,GB,2025-11-06T13:55:14.721629
txn_03605,user_220,3670.1,USD,LuxuryStore,RU,2026-01-03T19:55:14.721632
txn_03606,user_400,26.42,USD,Local Grocery,GB,2025-11-26T16:55:14.721636
txn_03607,user_057,89.24,USD,Electronics Hub,GB,2025-10-22T08:55:14.721640
txn_03608,user_295,41.37,USD,Starbucks,GB,2025-11-22T18:55:14.721643
txn_03609,user_129,23.84,USD,Netflix,IN,2025-11-19T09:55:14.721647
txn_03610,user_201,53.4,USD,Spotify,GB,2025-12-19T08:55:14.721651
txn_03611,user_177,38.88,USD,McDonalds,GB,2025-12-22T10:55:14.721654
txn_03612,user_388,34.84,USD,Spotify,GB,2025-12-27T01:55:14.721658
txn_03613,user_269,56.48,USD,McDonalds,US,2025-11-02T11:55:14.721663
txn_03614,user_219,63.54,USD,Starbucks,GB,2026-01-03T05:55:14.721667
txn_03615,user_299,20.19,USD,Uber,GB,2025-12-31T09:55:14.721670
txn_03616,user_003,16.18,USD,TravelHub,GB,2026-01-03T22:55:14.721674
txn_03617,user_241,46.99,USD,TravelHub,US,2025-11-03T02:55:14.721678
txn_03618,user_468,63.19,USD,Uber,IN,2025-11-02T18:55:14.721682
txn_03619,user_260,72.83,USD,Amazon,US,2025-12-22T05:55:14.721685
txn_03620,user_022,61.43,USD,Software Store,IN,2025-12-05T23:55:14.721691
txn_03621,user_037,2107.9,USD,Online Gaming Co,BR,2026-01-04T22:55:14.721694
txn_03622,user_179,30.43,USD,Starbucks,US,2025-12-05T11:55:14.721698
txn_03623,user_013,45.29,USD,Netflix,US,2025-12-21T20:55:14.721702
txn_03624,user_208,1347.54,USD,Exotic Jewelry,CN,2026-01-03T14:55:14.721705
txn_03625,user_253,41.11,USD,Amazon,US,2025-12-15T08:55:14.721709
txn_03626,user_497,51.48,USD,Uber,US,2025-11-30T17:55:14.721713
txn_03627,user_237,71.72,USD,Spotify,US,2025-11-24T02:55:14.721717
txn_03628,user_429,34.19,USD,Local Grocery,GB,2025-12-23T09:55:14.721720
txn_03629,user_099,5.35,USD,Starbucks,US,2025-12-07T09:55:14.721724
txn_03630,user_110,79.85,USD,Electronics Hub,IN,2026-01-02T22:55:14.721728
txn_03631,user_049,641.33,USD,Exotic Jewelry,NG,2026-01-03T17:55:14.721731
txn_03632,user_312,92.72,USD,Amazon,GB,2025-12-02T04:55:14.721735
txn_03633,user_192,59.08,USD,Local Grocery,US,2025-12-06T05:55:14.721738
txn_03634,user_169,84.3,USD,TravelHub,IN,2026-01-05T04:55:14.721742
txn_03635,user_469,54.85,USD,Electronics Hub,US,2025-12-12T04:55:14.721746
txn_03636,user_319,49.85,USD,Local Grocery,GB,2025-10-08T01:55:14.721749
txn_03637,user_448,98.48,USD,Uber,IN,2025-10-12T09:55:14.721753
txn_03638,user_379,72.17,USD,Netflix,IN,2025-11-23T07:55:14.721756
txn_03639,user_071,64.49,USD,Amazon,US,2025-10-07T00:55:14.721760
txn_03640,user_217,94.43,USD,Netflix,US,2025-10-28T05:55:14.721765
txn_03641,user_427,2425.19,USD,LuxuryStore,CN,2026-01-03T09:55:14.721769
txn_03642,user_230,54.84,USD,Electronics Hub,GB,2025-12-12T20:55:14.721773
txn_03643,user_202,65.72,USD,McDonalds,GB,2025-11-30T05:55:14.721776
txn_03644,user_065,2526.47,USD,Exotic Jewelry,RU,2026-01-03T19:55:14.721780
txn_03645,user_417,1177.31,USD,AdultWorld,RU,2026-01-04T22:55:14.721784
txn_03646,user_220,11.7,USD,Spotify,GB,2025-11-14T21:55:14.721788
txn_03647,user_172,43.35,USD,Software Store,GB,2025-12-04T17:55:14.721792
txn_03648,user_220,50.93,USD,Electronics Hub,US,2025-12-31T11:55:14.721797
txn_03649,user_031,28.78,USD,Starbucks,GB,2025-10-10T14:55:14.721803
txn_03650,user_020,71.97,USD,Electronics Hub,IN,2025-12-15T18:55:14.721807
txn_03651,user_008,57.81,USD,Starbucks,US,2025-10-29T08:55:14.721811
txn_03652,user_370,1252.08,USD,LuxuryStore,CN,2026-01-05T09:55:14.721814
txn_03653,user_317,56.25,USD,Spotify,GB,2025-11-08T05:55:14.721817
txn_03654,user_231,73.7,USD,Amazon,US,2025-12-27T01:55:14.721824
txn_03655,user_286,33.99,USD,Amazon,US,2025-10-22T07:55:14.721828
txn_03656,user_246,42.1,USD,TravelHub,GB,2025-12-23T19:55:14.721831
txn_03657,user_426,29.51,USD,Software Store,US,2025-12-11T06:55:14.721835
txn_03658,user_117,47.33,USD,Electronics Hub,IN,2025-10-22T16:55:14.721838
txn_03659,user_142,87.97,USD,Spotify,IN,2025-10-15T15:55:14.721845
txn_03660,user_247,2128.53,USD,QuickLoans,BR,2026-01-03T19:55:14.721848
txn_03661,user_054,96.77,USD,Local Grocery,IN,2025-11-01T11:55:14.721852
txn_03662,user_361,90.33,USD,McDonalds,US,2025-12-21T05:55:14.721857
txn_03663,user_205,1436.5,USD,Exotic Jewelry,RU,2026-01-03T17:55:14.721861
txn_03664,user_319,9.78,USD,McDonalds,GB,2025-11-30T04:55:14.721864
txn_03665,user_327,41.25,USD,Starbucks,IN,2025-12-14T02:55:14.721868
txn_03666,user_444,43.1,USD,Uber,IN,2025-12-10T17:55:14.721872
txn_03667,user_024,4697.79,USD,Online Gaming Co,CN,2026-01-03T11:55:14.721875
txn_03668,user_333,69.62,USD,Starbucks,US,2025-12-30T02:55:14.721879
txn_03669,user_236,3883.72,USD,Online Gaming Co,RU,2026-01-03T14:55:14.721882
txn_03670,user_370,28.85,USD,Starbucks,GB,2025-12-31T15:55:14.721886
txn_03671,user_349,7.71,USD,McDonalds,GB,2025-11-04T22:55:14.721890
txn_03672,user_482,58.57,USD,Spotify,IN,2025-10-29T16:55:14.721894
txn_03673,user_128,39.88,USD,Starbucks,GB,2025-10-15T07:55:14.721897
txn_03674,user_394,79.46,USD,Electronics Hub,IN,2025-11-09T17:55:14.721901
txn_03675,user_058,3661.4,USD,LuxuryStore,RU,2026-01-04T14:55:14.721904
txn_03676,user_480,26.02,USD,Electronics Hub,US,2025-11-09T16:55:14.721908
txn_03677,user_441,39.07,USD,Uber,IN,2025-12-16T18:55:14.721913
txn_03678,user_220,39.01,USD,McDonalds,US,2025-11-11T09:55:14.721917
txn_03679,user_084,14.05,USD,Amazon,US,2025-12-21T11:55:14.721922
txn_03680,user_445,86.42,USD,Spotify,IN,2025-12-18T10:55:14.721926
txn_03681,user_218,47.6,USD,Spotify,GB,2025-12-29T08:55:14.721929
txn_03682,user_288,91.7,USD,Spotify,IN,2025-12-12T21:55:14.721933
txn_03683,user_492,1601.71,USD,LuxuryStore,RU,2026-01-04T12:55:14.721936
txn_03684,user_263,90.94,USD,Uber,IN,2025-11-26T21:55:14.721940
txn_03685,user_483,73.84,USD,Local Grocery,GB,2025-12-27T04:55:14.721943
txn_03686,user_027,706.62,USD,LuxuryStore,RU,2026-01-04T14:55:14.721947
txn_03687,user_402,69.05,USD,Local Grocery,IN,2025-12-30T01:55:14.721950
txn_03688,user_235,56.98,USD,Uber,IN,2025-12-11T07:55:14.721954
txn_03689,user_021,51.41,USD,McDonalds,IN,2025-10-25T19:55:14.721958
txn_03690,user_278,4595.2,USD,AdultWorld,BR,2026-01-03T22:55:14.721961
txn_03691,user_436,54.82,USD,Uber,US,2025-11-09T15:55:14.721965
txn_03692,user_452,84.84,USD,Netflix,US,2025-10-08T16:55:14.721968
txn_03693,user_413,556.16,USD,Exotic Jewelry,CN,2026-01-03T13:55:14.721972
txn_03694,user_485,65.9,USD,McDonalds,US,2025-10-26T12:55:14.721975
txn_03695,user_353,52.56,USD,Amazon,US,2025-10-09T03:55:14.721979
txn_03696,user_207,4243.36,USD,LuxuryStore,RU,2026-01-03T22:55:14.721982
txn_03697,user_009,44.63,USD,Local Grocery,US,2025-10-16T22:55:14.721985
txn_03698,user_079,6.38,USD,Electronics Hub,IN,2025-10-09T07:55:14.721991
txn_03699,user_184,39.42,USD,TravelHub,GB,2025-11-15T04:55:14.721994
txn_03700,user_274,19.34,USD,Spotify,US,2025-10-17T19:55:14.721998
txn_03701,user_281,15.81,USD,Netflix,IN,2025-11-23T06:55:14.722002
txn_03702,user_189,86.07,USD,Amazon,IN,2025-10-21T08:55:14.722005
txn_03703,user_236,83.91,USD,Netflix,GB,2025-12-27T16:55:14.722009
txn_03704,user_450,16.14,USD,Software Store,IN,2025-12-15T15:55:14.722013
txn_03705,user_097,9.75,USD,Amazon,GB,2025-11-26T21:55:14.722021
txn_03706,user_280,59.98,USD,Starbucks,IN,2025-11-11T06:55:14.722025
txn_03707,user_221,3232.17,USD,Online Gaming Co,NG,2026-01-05T08:55:14.722028
txn_03708,user_376,17.61,USD,Electronics Hub,GB,2025-11-03T04:55:14.722033
txn_03709,user_494,47.22,USD,Netflix,GB,2026-01-04T15:55:14.722037
txn_03710,user_394,58.55,USD,Amazon,GB,2025-12-22T13:55:14.722041
txn_03711,user_147,46.7,USD,Amazon,GB,2025-10-09T07:55:14.722045
txn_03712,user_383,71.29,USD,Electronics Hub,IN,2025-12-20T10:55:14.722048
txn_03713,user_105,48.26,USD,Software Store,IN,2025-12-17T20:55:14.722052
txn_03714,user_155,58.7,USD,Netflix,IN,2025-10-24T23:55:14.722056
txn_03715,user_026,1368.45,USD,Exotic Jewelry,BR,2026-01-04T11:55:14.722059
txn_03716,user_075,80.29,USD,Uber,IN,2025-10-14T14:55:14.722063
txn_03717,user_265,81.0,USD,Netflix,GB,2025-12-16T23:55:14.722066
txn_03718,user_096,58.09,USD,Electronics Hub,GB,2025-11-13T18:55:14.722072
txn_03719,user_455,98.51,USD,Uber,IN,2025-11-06T18:55:14.722075
txn_03720,user_290,81.96,USD,Software Store,US,2025-11-22T09:55:14.722079
txn_03721,user_065,85.32,USD,McDonalds,IN,2025-10-30T10:55:14.722082
txn_03722,user_129,41.55,USD,Spotify,GB,2025-10-21T11:55:14.722086
txn_03723,user_219,42.03,USD,McDonalds,US,2025-11-11T07:55:14.722089
txn_03724,user_009,54.0,USD,TravelHub,GB,2025-11-02T21:55:14.722093
txn_03725,user_378,20.52,USD,Electronics Hub,GB,2025-11-21T01:55:14.722097
txn_03726,user_094,27.43,USD,Spotify,IN,2025-12-23T05:55:14.722101
txn_03727,user_140,93.94,USD,Netflix,US,2025-11-04T18:55:14.722104
txn_03728,user_162,75.43,USD,Software Store,US,2025-12-16T05:55:14.722108
txn_03729,user_012,54.77,USD,TravelHub,GB,2025-10-09T14:55:14.722112
txn_03730,user_006,4048.11,USD,AdultWorld,CN,2026-01-04T01:55:14.722115
txn_03731,user_037,87.66,USD,Amazon,US,2025-11-26T16:55:14.722119
txn_03732,user_339,16.48,USD,Netflix,US,2025-10-14T22:55:14.722122
txn_03733,user_280,42.63,USD,Netflix,IN,2025-10-06T14:55:14.722126
txn_03734,user_119,44.15,USD,Local Grocery,IN,2025-11-11T15:55:14.722129
txn_03735,user_305,91.14,USD,Uber,IN,2026-01-04T17:55:14.722133
txn_03736,user_014,30.24,USD,TravelHub,GB,2025-12-12T15:55:14.722136
txn_03737,user_177,39.9,USD,Netflix,US,2025-12-02T12:55:14.722142
txn_03738,user_415,97.97,USD,Software Store,IN,2025-10-23T04:55:14.722145
txn_03739,user_215,29.81,USD,Spotify,IN,2025-12-29T20:55:14.722149
txn_03740,user_131,72.23,USD,Amazon,IN,2025-11-26T08:55:14.722155
txn_03741,user_429,21.41,USD,Software Store,IN,2025-11-26T11:55:14.722158
txn_03742,user_243,62.73,USD,Local Grocery,IN,2025-12-02T11:55:14.722162
txn_03743,user_070,10.25,USD,McDonalds,US,2025-12-04T12:55:14.722166
txn_03744,user_033,42.5,USD,Software Store,GB,2025-12-30T12:55:14.722169
txn_03745,user_394,87.15,USD,McDonalds,US,2025-11-13T05:55:14.722173
txn_03746,user_434,34.73,USD,Electronics Hub,US,2025-12-20T23:55:14.722177
txn_03747,user_406,90.22,USD,McDonalds,GB,2025-11-04T18:55:14.722180
txn_03748,user_073,24.8,USD,Netflix,US,2025-11-26T02:55:14.722184
txn_03749,user_266,51.46,USD,Spotify,IN,2025-11-24T20:55:14.722188
txn_03750,user_448,60.56,USD,Software Store,IN,2025-12-04T17:55:14.722191
txn_03751,user_020,17.65,USD,Local Grocery,US,2025-11-19T16:55:14.722195
txn_03752,user_360,32.35,USD,Starbucks,US,2025-10-07T02:55:14.722199
txn_03753,user_460,13.51,USD,Uber,GB,2025-11-18T14:55:14.722202
txn_03754,user_414,61.16,USD,Software Store,IN,2025-10-11T21:55:14.722206
txn_03755,user_038,84.08,USD,Software Store,GB,2025-10-19T23:55:14.722209
txn_03756,user_062,1881.63,USD,Exotic Jewelry,BR,2026-01-04T06:55:14.722213
txn_03757,user_152,46.12,USD,TravelHub,US,2025-10-31T06:55:14.722219
txn_03758,user_153,29.36,USD,McDonalds,US,2025-10-07T16:55:14.722223
txn_03759,user_176,1562.12,USD,LuxuryStore,BR,2026-01-03T11:55:14.722227
txn_03760,user_279,96.55,USD,Local Grocery,GB,2025-11-02T18:55:14.722230
txn_03761,user_136,44.96,USD,Netflix,US,2025-12-28T10:55:14.722234
txn_03762,user_232,79.26,USD,McDonalds,IN,2025-11-21T12:55:14.722237
txn_03763,user_258,3679.99,USD,Online Gaming Co,CN,2026-01-05T00:55:14.722241
txn_03764,user_439,54.18,USD,McDonalds,GB,2025-12-22T02:55:14.722244
txn_03765,user_464,80.21,USD,Uber,IN,2025-12-02T15:55:14.722248
txn_03766,user_319,1309.03,USD,QuickLoans,CN,2026-01-03T15:55:14.722251
txn_03767,user_392,33.85,USD,TravelHub,US,2025-11-26T01:55:14.722255
txn_03768,user_115,54.58,USD,Starbucks,GB,2025-10-06T12:55:14.722258
txn_03769,user_361,18.48,USD,Uber,IN,2025-12-24T05:55:14.722262
txn_03770,user_203,49.01,USD,Amazon,US,2025-12-23T02:55:14.722266
txn_03771,user_417,73.75,USD,Netflix,GB,2026-01-01T09:55:14.722269
txn_03772,user_427,37.42,USD,Local Grocery,GB,2025-12-30T00:55:14.722274
txn_03773,user_476,83.45,USD,Local Grocery,GB,2025-11-15T16:55:14.722278
txn_03774,user_057,1349.57,USD,Online Gaming Co,CN,2026-01-03T15:55:14.722281
txn_03775,user_280,58.9,USD,Amazon,US,2025-11-07T08:55:14.722285
txn_03776,user_377,94.69,USD,Netflix,IN,2025-11-18T17:55:14.722291
txn_03777,user_108,70.21,USD,Local Grocery,GB,2025-12-01T02:55:14.722295
txn_03778,user_396,76.32,USD,Starbucks,GB,2026-01-04T14:55:14.722299
txn_03779,user_007,9.2,USD,Software Store,GB,2025-11-22T13:55:14.722303
txn_03780,user_018,75.39,USD,Netflix,GB,2025-12-18T07:55:14.722306
txn_03781,user_257,29.12,USD,Electronics Hub,US,2025-11-07T21:55:14.722310
txn_03782,user_484,83.07,USD,Electronics Hub,US,2025-12-16T03:55:14.722314
txn_03783,user_017,2218.35,USD,Online Gaming Co,RU,2026-01-04T22:55:14.722317
txn_03784,user_347,46.43,USD,Uber,IN,2025-10-28T00:55:14.722321
txn_03785,user_231,28.41,USD,TravelHub,GB,2025-12-16T06:55:14.722324
txn_03786,user_209,77.06,USD,Local Grocery,US,2025-11-30T12:55:14.722328
txn_03787,user_367,21.39,USD,McDonalds,US,2025-10-18T04:55:14.722333
txn_03788,user_310,39.48,USD,Electronics Hub,GB,2025-12-17T03:55:14.722337
txn_03789,user_137,3084.7,USD,LuxuryStore,CN,2026-01-04T04:55:14.722341
txn_03790,user_075,8.29,USD,McDonalds,IN,2025-12-01T14:55:14.722345
txn_03791,user_284,14.45,USD,TravelHub,GB,2025-12-20T01:55:14.722349
txn_03792,user_089,29.21,USD,Uber,US,2025-12-08T21:55:14.722352
txn_03793,user_493,19.02,USD,Software Store,US,2025-10-14T07:55:14.722356
txn_03794,user_220,4288.4,USD,QuickLoans,RU,2026-01-04T04:55:14.722359
txn_03795,user_438,48.89,USD,Amazon,IN,2025-12-23T10:55:14.722363
txn_03796,user_091,47.66,USD,Spotify,GB,2025-11-04T05:55:14.722368
txn_03797,user_334,54.71,USD,Electronics Hub,GB,2026-01-02T02:55:14.722372
txn_03798,user_216,63.72,USD,Local Grocery,US,2025-11-17T00:55:14.722376
txn_03799,user_324,68.9,USD,TravelHub,GB,2025-11-05T12:55:14.722379
txn_03800,user_448,33.53,USD,Electronics Hub,US,2025-10-08T02:55:14.722383
txn_03801,user_269,7.92,USD,Netflix,GB,2025-10-17T08:55:14.722387
txn_03802,user_189,3254.13,USD,Online Gaming Co,BR,2026-01-04T12:55:14.722390
txn_03803,user_037,50.91,USD,Software Store,US,2025-10-08T08:55:14.722394
txn_03804,user_376,93.29,USD,Local Grocery,US,2025-11-05T19:55:14.722399
txn_03805,user_033,71.74,USD,Amazon,IN,2025-12-30T15:55:14.722403
txn_03806,user_306,32.91,USD,Local Grocery,IN,2025-11-29T03:55:14.722407
txn_03807,user_166,8.47,USD,Electronics Hub,US,2025-11-20T01:55:14.722410
txn_03808,user_150,75.37,USD,TravelHub,US,2025-11-17T12:55:14.722415
txn_03809,user_356,71.39,USD,Uber,GB,2025-10-10T17:55:14.722419
txn_03810,user_016,33.42,USD,McDonalds,GB,2025-11-26T10:55:14.722423
txn_03811,user_294,30.76,USD,Uber,US,2025-11-08T03:55:14.722427
txn_03812,user_131,59.36,USD,Starbucks,GB,2025-11-15T21:55:14.722430
txn_03813,user_431,8.62,USD,Spotify,GB,2025-11-29T07:55:14.722434
txn_03814,user_432,9.09,USD,Software Store,IN,2025-11-02T11:55:14.722438
txn_03815,user_002,86.05,USD,Amazon,GB,2025-12-21T14:55:14.722443
txn_03816,user_299,53.85,USD,Starbucks,GB,2025-12-27T10:55:14.722446
txn_03817,user_396,85.62,USD,Spotify,US,2025-12-17T02:55:14.722450
txn_03818,user_253,58.52,USD,Amazon,GB,2025-12-28T18:55:14.722454
txn_03819,user_104,3882.6,USD,LuxuryStore,BR,2026-01-03T21:55:14.722457
txn_03820,user_263,26.15,USD,TravelHub,US,2025-11-12T23:55:14.722461
txn_03821,user_500,96.48,USD,Uber,GB,2025-10-19T21:55:14.722464
txn_03822,user_391,14.47,USD,Spotify,GB,2025-12-18T07:55:14.722468
txn_03823,user_106,75.44,USD,Amazon,US,2025-11-29T03:55:14.722472
txn_03824,user_455,9.19,USD,Uber,US,2025-10-28T02:55:14.722475
txn_03825,user_144,9.73,USD,Uber,US,2025-11-02T06:55:14.722479
txn_03826,user_220,4736.41,USD,LuxuryStore,BR,2026-01-05T05:55:14.722482
txn_03827,user_399,1209.68,USD,AdultWorld,NG,2026-01-04T10:55:14.722485
txn_03828,user_481,44.77,USD,Electronics Hub,US,2025-10-12T04:55:14.722488
txn_03829,user_394,12.46,USD,Spotify,GB,2025-11-09T17:55:14.722492
txn_03830,user_111,91.81,USD,Uber,US,2025-11-18T09:55:14.722496
txn_03831,user_117,50.09,USD,Spotify,GB,2025-12-01T01:55:14.722499
txn_03832,user_403,68.0,USD,Starbucks,IN,2025-11-13T08:55:14.722503
txn_03833,user_450,1093.68,USD,Exotic Jewelry,RU,2026-01-04T08:55:14.722506
txn_03834,user_166,37.46,USD,Amazon,US,2025-12-28T00:55:14.722510
txn_03835,user_150,1144.03,USD,QuickLoans,RU,2026-01-04T19:55:14.722515
txn_03836,user_058,1440.01,USD,LuxuryStore,CN,2026-01-04T09:55:14.722520
txn_03837,user_218,68.71,USD,TravelHub,US,2025-12-07T18:55:14.722524
txn_03838,user_147,3141.57,USD,Exotic Jewelry,BR,2026-01-04T10:55:14.722527
txn_03839,user_318,90.2,USD,Electronics Hub,GB,2025-12-11T23:55:14.722531
txn_03840,user_224,25.5,USD,TravelHub,GB,2025-11-30T16:55:14.722535
txn_03841,user_195,74.29,USD,Spotify,IN,2025-12-19T09:55:14.722538
txn_03842,user_405,61.77,USD,Netflix,GB,2025-11-01T18:55:14.722542
txn_03843,user_420,70.0,USD,TravelHub,GB,2025-12-14T10:55:14.722545
txn_03844,user_152,63.73,USD,Software Store,US,2025-12-25T08:55:14.722549
txn_03845,user_062,4084.09,USD,AdultWorld,CN,2026-01-03T13:55:14.722552
txn_03846,user_428,66.72,USD,Amazon,IN,2025-11-01T12:55:14.722556
txn_03847,user_063,70.42,USD,Uber,GB,2025-11-27T16:55:14.722559
txn_03848,user_359,19.97,USD,Software Store,IN,2025-11-06T13:55:14.722563
txn_03849,user_406,4353.75,USD,AdultWorld,RU,2026-01-03T18:55:14.722569
txn_03850,user_095,62.96,USD,Spotify,GB,2025-12-25T03:55:14.722573
txn_03851,user_244,57.38,USD,Spotify,GB,2025-11-26T17:55:14.722577
txn_03852,user_090,17.52,USD,Spotify,IN,2025-10-13T12:55:14.722580
txn_03853,user_144,63.74,USD,Electronics Hub,GB,2025-11-18T09:55:14.722584
txn_03854,user_391,91.8,USD,Software Store,IN,2025-10-22T11:55:14.722589
txn_03855,user_432,85.12,USD,Software Store,IN,2025-10-09T18:55:14.722593
txn_03856,user_438,4834.94,USD,Online Gaming Co,BR,2026-01-04T23:55:14.722596
txn_03857,user_249,2440.7,USD,AdultWorld,NG,2026-01-04T06:55:14.722599
txn_03858,user_374,62.92,USD,Spotify,IN,2025-11-03T11:55:14.722605
txn_03859,user_118,4849.33,USD,Online Gaming Co,BR,2026-01-04T07:55:14.722609
txn_03860,user_270,29.41,USD,Spotify,GB,2025-11-28T04:55:14.722612
txn_03861,user_319,81.76,USD,Spotify,US,2026-01-04T18:55:14.722616
txn_03862,user_459,29.17,USD,Software Store,IN,2025-12-06T12:55:14.722620
txn_03863,user_236,1779.66,USD,Online Gaming Co,CN,2026-01-03T18:55:14.722623
txn_03864,user_151,8.06,USD,TravelHub,IN,2025-12-21T07:55:14.722626
txn_03865,user_352,78.62,USD,TravelHub,GB,2025-10-26T10:55:14.722630
txn_03866,user_347,15.8,USD,Local Grocery,IN,2025-11-07T00:55:14.722634
txn_03867,user_443,671.35,USD,LuxuryStore,NG,2026-01-04T08:55:14.722637
txn_03868,user_395,74.61,USD,Spotify,IN,2025-10-31T18:55:14.722642
txn_03869,user_112,2277.26,USD,Online Gaming Co,RU,2026-01-04T03:55:14.722645
txn_03870,user_329,40.08,USD,Amazon,US,2025-12-20T20:55:14.722649
txn_03871,user_452,16.79,USD,Local Grocery,US,2025-10-12T21:55:14.722653
txn_03872,user_177,45.79,USD,Electronics Hub,GB,2025-12-16T12:55:14.722656
txn_03873,user_281,45.09,USD,Amazon,IN,2025-11-30T02:55:14.722660
txn_03874,user_465,16.85,USD,Netflix,IN,2025-11-17T16:55:14.722665
txn_03875,user_254,40.15,USD,Electronics Hub,US,2025-10-30T19:55:14.722669
txn_03876,user_097,83.47,USD,Spotify,IN,2025-10-09T02:55:14.722672
txn_03877,user_319,28.35,USD,Amazon,US,2026-01-01T02:55:14.722676
txn_03878,user_314,26.23,USD,Amazon,IN,2025-12-13T22:55:14.722680
txn_03879,user_457,29.3,USD,Software Store,US,2025-12-24T03:55:14.722684
txn_03880,user_121,87.29,USD,TravelHub,GB,2025-11-18T16:55:14.722687
txn_03881,user_292,7.81,USD,Netflix,IN,2025-11-18T12:55:14.722691
txn_03882,user_358,94.39,USD,Local Grocery,IN,2025-12-03T21:55:14.722695
txn_03883,user_412,89.14,USD,TravelHub,US,2025-12-10T01:55:14.722698
txn_03884,user_055,17.09,USD,Electronics Hub,GB,2025-10-21T16:55:14.722702
txn_03885,user_183,88.43,USD,Local Grocery,US,2025-12-10T05:55:14.722706
txn_03886,user_364,44.13,USD,Electronics Hub,GB,2025-11-20T22:55:14.722709
txn_03887,user_119,43.61,USD,Local Grocery,GB,2025-11-01T07:55:14.722713
txn_03888,user_269,17.83,USD,TravelHub,US,2025-12-27T16:55:14.722716
txn_03889,user_236,34.76,USD,Netflix,GB,2025-11-18T01:55:14.722720
txn_03890,user_125,5.08,USD,Uber,US,2025-10-09T07:55:14.722724
txn_03891,user_407,2663.44,USD,Exotic Jewelry,NG,2026-01-04T07:55:14.722727
txn_03892,user_427,57.28,USD,Electronics Hub,IN,2025-12-02T22:55:14.722731
txn_03893,user_098,61.81,USD,Amazon,IN,2026-01-03T08:55:14.722736
txn_03894,user_499,24.27,USD,Electronics Hub,GB,2025-10-12T08:55:14.722740
txn_03895,user_045,72.77,USD,TravelHub,US,2025-12-27T07:55:14.722744
txn_03896,user_475,91.38,USD,Uber,US,2025-11-12T20:55:14.722747
txn_03897,user_395,74.5,USD,Netflix,IN,2025-12-10T03:55:14.722751
txn_03898,user_492,39.82,USD,McDonalds,IN,2026-01-03T02:55:14.722755
txn_03899,user_241,42.54,USD,Spotify,GB,2025-11-08T22:55:14.722758
txn_03900,user_460,73.31,USD,Electronics Hub,US,2025-12-11T13:55:14.722763
txn_03901,user_253,29.05,USD,Starbucks,GB,2025-12-27T12:55:14.722767
txn_03902,user_109,1091.93,USD,Online Gaming Co,CN,2026-01-03T17:55:14.722770
txn_03903,user_169,15.91,USD,Local Grocery,IN,2025-12-01T05:55:14.722774
txn_03904,user_032,7.92,USD,Electronics Hub,US,2025-12-15T18:55:14.722778
txn_03905,user_249,13.06,USD,Electronics Hub,GB,2025-11-16T10:55:14.722781
txn_03906,user_023,22.42,USD,Netflix,US,2025-10-06T15:55:14.722785
txn_03907,user_088,97.15,USD,McDonalds,US,2025-12-16T13:55:14.722789
txn_03908,user_469,9.91,USD,Local Grocery,US,2025-12-14T07:55:14.722793
txn_03909,user_113,62.29,USD,Spotify,GB,2025-12-30T20:55:14.722798
txn_03910,user_488,25.2,USD,Software Store,IN,2025-10-27T18:55:14.722801
txn_03911,user_126,4550.17,USD,Online Gaming Co,CN,2026-01-04T13:55:14.722805
txn_03912,user_219,34.32,USD,Amazon,GB,2025-12-10T13:55:14.722808
txn_03913,user_075,41.14,USD,Spotify,GB,2025-10-20T01:55:14.722817
txn_03914,user_043,34.91,USD,Software Store,IN,2025-10-20T13:55:14.722821
txn_03915,user_399,56.43,USD,Software Store,GB,2025-10-11T04:55:14.722824
txn_03916,user_453,90.35,USD,Spotify,US,2025-10-29T20:55:14.722828
txn_03917,user_127,612.15,USD,AdultWorld,BR,2026-01-04T23:55:14.722832
txn_03918,user_113,70.69,USD,Electronics Hub,US,2026-01-01T15:55:14.722835
txn_03919,user_159,33.41,USD,Software Store,GB,2025-12-04T03:55:14.722839
txn_03920,user_085,46.93,USD,McDonalds,IN,2025-12-13T18:55:14.722842
txn_03921,user_427,62.33,USD,McDonalds,IN,2025-12-23T02:55:14.722845
txn_03922,user_057,42.9,USD,Software Store,GB,2025-12-28T02:55:14.722849
txn_03923,user_024,70.86,USD,Netflix,IN,2025-12-30T17:55:14.722852
txn_03924,user_241,3860.67,USD,Online Gaming Co,NG,2026-01-03T14:55:14.722856
txn_03925,user_241,90.03,USD,Local Grocery,US,2025-12-14T15:55:14.722860
txn_03926,user_307,73.93,USD,Amazon,GB,2025-10-13T03:55:14.722863
txn_03927,user_249,63.92,USD,Software Store,US,2025-11-13T09:55:14.722867
txn_03928,user_172,40.66,USD,Netflix,IN,2025-11-09T00:55:14.722870
txn_03929,user_434,59.71,USD,Local Grocery,US,2025-12-21T05:55:14.722874
txn_03930,user_082,13.67,USD,Electronics Hub,IN,2025-12-20T14:55:14.722878
txn_03931,user_356,51.72,USD,TravelHub,GB,2025-10-06T21:55:14.722881
txn_03932,user_194,15.22,USD,Electronics Hub,US,2025-10-24T15:55:14.722888
txn_03933,user_353,4005.38,USD,LuxuryStore,RU,2026-01-04T16:55:14.722891
txn_03934,user_007,61.39,USD,Netflix,IN,2025-12-23T04:55:14.722895
txn_03935,user_362,94.06,USD,Netflix,US,2025-11-20T00:55:14.722899
txn_03936,user_239,48.2,USD,Amazon,GB,2025-11-15T06:55:14.722902
txn_03937,user_392,68.78,USD,Software Store,US,2025-12-20T15:55:14.722906
txn_03938,user_228,53.9,USD,Software Store,GB,2025-10-18T05:55:14.722909
txn_03939,user_009,39.64,USD,Amazon,IN,2025-10-19T07:55:14.722913
txn_03940,user_445,3333.56,USD,AdultWorld,RU,2026-01-04T03:55:14.722916
txn_03941,user_358,54.84,USD,Local Grocery,IN,2025-11-21T16:55:14.722920
txn_03942,user_135,94.93,USD,Netflix,IN,2025-12-15T08:55:14.722924
txn_03943,user_044,38.62,USD,Netflix,IN,2025-10-20T03:55:14.722927
txn_03944,user_445,83.01,USD,McDonalds,IN,2025-11-25T13:55:14.722931
txn_03945,user_438,25.56,USD,Spotify,GB,2025-11-22T10:55:14.722934
txn_03946,user_434,67.21,USD,Software Store,IN,2025-11-21T10:55:14.722938
txn_03947,user_481,31.82,USD,Amazon,GB,2025-10-31T08:55:14.722942
txn_03948,user_464,86.82,USD,Software Store,IN,2025-11-22T00:55:14.722945
txn_03949,user_396,14.0,USD,Software Store,US,2025-11-22T23:55:14.722949
txn_03950,user_047,23.24,USD,Uber,GB,2025-12-26T15:55:14.722953
txn_03951,user_031,23.81,USD,Spotify,GB,2025-10-18T16:55:14.722956
txn_03952,user_117,83.32,USD,Electronics Hub,US,2025-11-19T02:55:14.722961
txn_03953,user_076,40.44,USD,Electronics Hub,GB,2025-12-26T02:55:14.722965
txn_03954,user_436,8.1,USD,Uber,US,2025-11-15T18:55:14.722968
txn_03955,user_157,60.23,USD,Local Grocery,US,2025-12-18T16:55:14.722972
txn_03956,user_005,99.22,USD,Spotify,US,2025-10-24T01:55:14.722975
txn_03957,user_033,75.02,USD,Amazon,IN,2025-11-14T13:55:14.722979
txn_03958,user_465,67.43,USD,Amazon,US,2025-10-16T07:55:14.722983
txn_03959,user_084,86.34,USD,Electronics Hub,IN,2025-10-14T20:55:14.722987
txn_03960,user_492,9.41,USD,Netflix,US,2025-10-11T05:55:14.722992
txn_03961,user_150,76.12,USD,Uber,US,2025-10-23T10:55:14.722996
txn_03962,user_245,65.93,USD,Starbucks,GB,2025-12-11T08:55:14.723000
txn_03963,user_042,2327.58,USD,Exotic Jewelry,BR,2026-01-03T14:55:14.723005
txn_03964,user_498,47.42,USD,Uber,US,2025-12-17T09:55:14.723008
txn_03965,user_182,58.19,USD,TravelHub,US,2025-10-11T16:55:14.723012
txn_03966,user_351,52.99,USD,Electronics Hub,IN,2025-11-27T12:55:14.723016
txn_03967,user_108,88.86,USD,Electronics Hub,GB,2025-12-30T01:55:14.723020
txn_03968,user_001,77.1,USD,Netflix,GB,2025-12-13T11:55:14.723023
txn_03969,user_437,48.17,USD,Netflix,US,2025-10-08T14:55:14.723027
txn_03970,user_306,69.56,USD,McDonalds,US,2025-10-14T02:55:14.723031
txn_03971,user_332,74.26,USD,Spotify,IN,2025-11-27T08:55:14.723036
txn_03972,user_428,1514.82,USD,Exotic Jewelry,BR,2026-01-03T11:55:14.723039
txn_03973,user_159,28.2,USD,McDonalds,GB,2025-10-26T17:55:14.723043
txn_03974,user_371,89.32,USD,Electronics Hub,GB,2025-10-24T11:55:14.723047
txn_03975,user_360,92.97,USD,McDonalds,GB,2025-11-16T11:55:14.723051
txn_03976,user_446,39.75,USD,Local Grocery,GB,2025-11-04T10:55:14.723054
txn_03977,user_055,83.4,USD,TravelHub,US,2025-10-17T18:55:14.723058
txn_03978,user_400,13.11,USD,Uber,US,2025-11-20T14:55:14.723061
txn_03979,user_028,2746.32,USD,AdultWorld,CN,2026-01-05T05:55:14.723065
txn_03980,user_459,5.29,USD,Amazon,IN,2025-11-04T14:55:14.723068
txn_03981,user_018,71.72,USD,Starbucks,GB,2025-11-30T03:55:14.723072
txn_03982,user_126,33.04,USD,Netflix,GB,2026-01-03T11:55:14.723076
txn_03983,user_181,89.93,USD,Electronics Hub,GB,2025-12-14T14:55:14.723079
txn_03984,user_287,92.23,USD,Local Grocery,GB,2025-11-29T05:55:14.723083
txn_03985,user_012,26.91,USD,Starbucks,GB,2025-10-24T11:55:14.723086
txn_03986,user_030,99.35,USD,Netflix,GB,2025-12-27T18:55:14.723090
txn_03987,user_021,88.07,USD,Electronics Hub,IN,2025-11-11T04:55:14.723094
txn_03988,user_159,29.35,USD,Local Grocery,GB,2025-10-20T19:55:14.723097
txn_03989,user_199,47.97,USD,McDonalds,US,2025-11-22T17:55:14.723101
txn_03990,user_030,60.42,USD,Netflix,IN,2025-10-31T06:55:14.723104
txn_03991,user_062,6.07,USD,Software Store,IN,2025-12-22T22:55:14.723109
txn_03992,user_158,99.99,USD,Electronics Hub,US,2025-12-11T17:55:14.723113
txn_03993,user_038,38.15,USD,Local Grocery,US,2025-12-24T19:55:14.723116
txn_03994,user_315,32.44,USD,Electronics Hub,US,2025-11-04T11:55:14.723120
txn_03995,user_085,80.2,USD,Local Grocery,GB,2025-11-12T06:55:14.723125
txn_03996,user_122,22.43,USD,Netflix,US,2025-12-23T01:55:14.723129
txn_03997,user_125,43.99,USD,Uber,IN,2025-11-18T12:55:14.723132
txn_03998,user_363,3916.14,USD,AdultWorld,NG,2026-01-04T04:55:14.723136
txn_03999,user_420,54.09,USD,McDonalds,IN,2025-12-09T12:55:14.723140
txn_04000,user_308,77.56,USD,Amazon,GB,2025-12-22T13:55:14.723143
txn_04001,user_088,92.37,USD,Netflix,IN,2025-10-27T08:55:14.723147
txn_04002,user_484,13.35,USD,Netflix,US,2025-10-16T09:55:14.723150
txn_04003,user_121,89.74,USD,TravelHub,US,2026-01-04T17:55:14.723154
txn_04004,user_141,35.36,USD,Electronics Hub,GB,2025-11-28T13:55:14.723158
txn_04005,user_074,90.08,USD,McDonalds,GB,2025-11-08T09:55:14.723161
txn_04006,user_342,86.96,USD,Software Store,US,2025-10-29T03:55:14.723165
txn_04007,user_171,61.11,USD,TravelHub,US,2025-12-23T08:55:14.723169
txn_04008,user_342,45.9,USD,Electronics Hub,US,2025-10-11T21:55:14.723172
txn_04009,user_126,73.12,USD,Software Store,US,2026-01-04T02:55:14.723176
txn_04010,user_356,79.14,USD,Starbucks,GB,2025-12-13T05:55:14.723181
txn_04011,user_181,36.49,USD,Starbucks,IN,2025-10-17T13:55:14.723185
txn_04012,user_195,84.25,USD,Uber,US,2025-10-08T06:55:14.723191
txn_04013,user_100,10.76,USD,Uber,US,2025-12-03T03:55:14.723194
txn_04014,user_092,78.58,USD,Software Store,IN,2025-12-25T04:55:14.723198
txn_04015,user_377,77.76,USD,Amazon,US,2025-10-26T15:55:14.723202
txn_04016,user_226,11.57,USD,Spotify,US,2025-12-09T06:55:14.723206
txn_04017,user_225,3275.14,USD,LuxuryStore,NG,2026-01-04T06:55:14.723209
txn_04018,user_328,83.1,USD,McDonalds,IN,2025-11-05T21:55:14.723213
txn_04019,user_267,38.32,USD,Amazon,IN,2025-11-22T06:55:14.723216
txn_04020,user_467,44.12,USD,Spotify,IN,2025-12-29T04:55:14.723220
txn_04021,user_200,6.84,USD,Starbucks,GB,2025-12-27T21:55:14.723223
txn_04022,user_434,34.74,USD,Netflix,US,2025-10-16T08:55:14.723227
txn_04023,user_344,1367.23,USD,QuickLoans,NG,2026-01-03T21:55:14.723230
txn_04024,user_207,52.9,USD,Software Store,IN,2025-12-08T10:55:14.723234
txn_04025,user_405,23.35,USD,Electronics Hub,IN,2025-11-19T07:55:14.723237
txn_04026,user_483,61.49,USD,Spotify,US,2025-12-26T01:55:14.723241
txn_04027,user_049,76.44,USD,Uber,IN,2025-12-27T01:55:14.723246
txn_04028,user_133,98.46,USD,TravelHub,US,2025-10-27T14:55:14.723250
txn_04029,user_028,62.16,USD,Local Grocery,US,2025-11-27T05:55:14.723253
txn_04030,user_396,16.28,USD,Local Grocery,US,2026-01-04T22:55:14.723258
txn_04031,user_140,43.22,USD,Netflix,IN,2025-12-24T23:55:14.723262
txn_04032,user_167,50.53,USD,Software Store,US,2025-12-16T14:55:14.723265
txn_04033,user_160,50.9,USD,Local Grocery,US,2025-10-21T14:55:14.723270
txn_04034,user_299,83.18,USD,Local Grocery,GB,2025-10-22T06:55:14.723274
txn_04035,user_066,25.0,USD,Electronics Hub,IN,2026-01-04T01:55:14.723277
txn_04036,user_110,86.31,USD,Spotify,IN,2025-11-10T13:55:14.723281
txn_04037,user_136,30.28,USD,Starbucks,IN,2025-12-25T18:55:14.723285
txn_04038,user_252,3816.14,USD,QuickLoans,NG,2026-01-04T08:55:14.723288
txn_04039,user_007,1057.03,USD,QuickLoans,NG,2026-01-04T10:55:14.723291
txn_04040,user_180,72.53,USD,Uber,IN,2025-10-21T19:55:14.723295
txn_04041,user_386,68.68,USD,Local Grocery,US,2025-11-11T19:55:14.723300
txn_04042,user_313,84.34,USD,McDonalds,US,2025-10-19T23:55:14.723304
txn_04043,user_476,62.69,USD,Uber,IN,2025-12-23T08:55:14.723307
txn_04044,user_421,2154.5,USD,Exotic Jewelry,RU,2026-01-03T19:55:14.723310
txn_04045,user_236,58.69,USD,Electronics Hub,GB,2025-10-20T15:55:14.723314
txn_04046,user_333,52.78,USD,TravelHub,GB,2025-12-05T01:55:14.723318
txn_04047,user_197,72.54,USD,Electronics Hub,IN,2025-12-05T12:55:14.723321
txn_04048,user_414,30.68,USD,TravelHub,IN,2025-11-28T19:55:14.723325
txn_04049,user_005,64.01,USD,Software Store,IN,2026-01-02T10:55:14.723330
txn_04050,user_104,22.95,USD,Local Grocery,GB,2025-10-12T00:55:14.723333
txn_04051,user_236,1085.57,USD,LuxuryStore,BR,2026-01-03T11:55:14.723336
txn_04052,user_018,34.96,USD,Starbucks,US,2025-12-01T14:55:14.723340
txn_04053,user_332,13.38,USD,TravelHub,US,2025-12-08T20:55:14.723344
txn_04054,user_417,50.61,USD,Netflix,IN,2025-12-28T10:55:14.723347
txn_04055,user_447,3212.58,USD,AdultWorld,BR,2026-01-05T03:55:14.723350
txn_04056,user_060,3420.03,USD,QuickLoans,CN,2026-01-04T16:55:14.723354
txn_04057,user_249,96.67,USD,Electronics Hub,IN,2025-12-28T03:55:14.723357
txn_04058,user_070,66.09,USD,Uber,US,2025-11-11T00:55:14.723361
txn_04059,user_149,76.22,USD,McDonalds,US,2025-11-13T13:55:14.723366
txn_04060,user_092,40.9,USD,McDonalds,IN,2025-10-24T14:55:14.723369
txn_04061,user_316,91.38,USD,Uber,GB,2025-10-25T10:55:14.723373
txn_04062,user_153,84.99,USD,Netflix,GB,2025-11-11T06:55:14.723378
txn_04063,user_213,1299.35,USD,AdultWorld,CN,2026-01-03T18:55:14.723382
txn_04064,user_094,35.5,USD,McDonalds,US,2025-12-31T12:55:14.723385
txn_04065,user_478,90.45,USD,Spotify,US,2025-12-31T14:55:14.723389
txn_04066,user_219,45.47,USD,Local Grocery,US,2025-12-06T14:55:14.723392
txn_04067,user_315,12.44,USD,Local Grocery,GB,2025-11-30T15:55:14.723396
txn_04068,user_183,31.46,USD,McDonalds,GB,2025-11-15T04:55:14.723399
txn_04069,user_215,30.2,USD,Amazon,GB,2025-12-20T17:55:14.723405
txn_04070,user_147,25.42,USD,Software Store,US,2025-11-10T13:55:14.723408
txn_04071,user_279,27.73,USD,Amazon,US,2026-01-05T06:55:14.723411
txn_04072,user_226,821.41,USD,Exotic Jewelry,CN,2026-01-04T08:55:14.723415
txn_04073,user_454,81.03,USD,Amazon,IN,2025-12-26T06:55:14.723418
txn_04074,user_348,15.69,USD,McDonalds,IN,2025-11-21T17:55:14.723422
txn_04075,user_192,30.35,USD,Software Store,GB,2025-10-11T16:55:14.723425
txn_04076,user_115,38.45,USD,Netflix,IN,2025-12-17T16:55:14.723428
txn_04077,user_118,72.89,USD,Netflix,US,2025-11-10T07:55:14.723432
txn_04078,user_463,28.26,USD,Netflix,IN,2025-10-17T05:55:14.723436
txn_04079,user_103,6.08,USD,Amazon,GB,2025-10-30T00:55:14.723439
txn_04080,user_437,28.62,USD,TravelHub,US,2025-10-26T11:55:14.723443
txn_04081,user_085,30.7,USD,Software Store,US,2025-12-17T02:55:14.723446
txn_04082,user_404,21.87,USD,Starbucks,US,2025-10-10T21:55:14.723450
txn_04083,user_244,54.07,USD,Software Store,US,2025-11-19T23:55:14.723454
txn_04084,user_012,2277.51,USD,LuxuryStore,RU,2026-01-03T21:55:14.723457
txn_04085,user_402,2934.37,USD,AdultWorld,CN,2026-01-04T18:55:14.723461
txn_04086,user_069,14.32,USD,Software Store,US,2025-12-05T08:55:14.723464
txn_04087,user_339,67.66,USD,Software Store,IN,2025-12-19T11:55:14.723468
txn_04088,user_309,2992.49,USD,Online Gaming Co,BR,2026-01-03T23:55:14.723473
txn_04089,user_379,1298.92,USD,AdultWorld,RU,2026-01-04T03:55:14.723476
txn_04090,user_061,64.09,USD,Amazon,IN,2025-11-15T14:55:14.723480
txn_04091,user_119,2858.71,USD,Exotic Jewelry,CN,2026-01-03T22:55:14.723484
txn_04092,user_092,44.56,USD,Spotify,GB,2025-10-25T04:55:14.723488
txn_04093,user_062,1179.88,USD,Online Gaming Co,BR,2026-01-03T10:55:14.723491
txn_04094,user_036,73.09,USD,Local Grocery,GB,2025-11-08T09:55:14.723494
txn_04095,user_479,56.85,USD,Amazon,US,2025-11-03T19:55:14.723498
txn_04096,user_137,48.62,USD,Uber,US,2025-11-03T23:55:14.723501
txn_04097,user_093,65.16,USD,Starbucks,GB,2025-10-15T17:55:14.723505
txn_04098,user_351,90.15,USD,Starbucks,GB,2025-10-22T14:55:14.723508
txn_04099,user_180,19.78,USD,Software Store,US,2025-10-20T05:55:14.723512
txn_04100,user_334,74.77,USD,Netflix,US,2026-01-02T04:55:14.723515
txn_04101,user_074,1788.15,USD,QuickLoans,CN,2026-01-04T21:55:14.723518
txn_04102,user_306,19.37,USD,Spotify,US,2025-11-25T14:55:14.723522
txn_04103,user_145,87.59,USD,Amazon,US,2025-10-22T08:55:14.723525
txn_04104,user_039,779.02,USD,QuickLoans,BR,2026-01-04T23:55:14.723528
txn_04105,user_338,38.68,USD,Spotify,IN,2025-11-12T00:55:14.723532
txn_04106,user_285,59.93,USD,Electronics Hub,GB,2025-12-18T08:55:14.723535
txn_04107,user_324,24.16,USD,Software Store,US,2025-12-03T23:55:14.723539
txn_04108,user_378,75.72,USD,Amazon,US,2025-12-10T01:55:14.723543
txn_04109,user_470,47.58,USD,McDonalds,GB,2025-11-28T20:55:14.723547
txn_04110,user_303,32.83,USD,Spotify,GB,2025-10-23T04:55:14.723551
txn_04111,user_498,875.71,USD,QuickLoans,BR,2026-01-04T12:55:14.723554
txn_04112,user_165,35.72,USD,Netflix,US,2025-11-14T05:55:14.723558
txn_04113,user_317,58.79,USD,Amazon,GB,2025-10-08T13:55:14.723563
txn_04114,user_271,2254.04,USD,LuxuryStore,BR,2026-01-03T19:55:14.723571
txn_04115,user_432,87.09,USD,Local Grocery,IN,2025-11-06T22:55:14.723575
txn_04116,user_036,86.41,USD,Starbucks,IN,2025-10-08T13:55:14.723578
txn_04117,user_376,78.19,USD,TravelHub,IN,2025-11-24T11:55:14.723582
txn_04118,user_398,29.05,USD,Amazon,US,2025-12-11T21:55:14.723585
txn_04119,user_280,35.52,USD,Electronics Hub,IN,2025-10-15T05:55:14.723589
txn_04120,user_172,74.67,USD,Netflix,US,2025-10-15T13:55:14.723592
txn_04121,user_151,39.95,USD,Software Store,IN,2025-10-17T04:55:14.723596
txn_04122,user_266,98.51,USD,Amazon,US,2025-10-15T11:55:14.723600
txn_04123,user_235,80.27,USD,Electronics Hub,IN,2025-11-08T17:55:14.723605
txn_04124,user_119,33.92,USD,Software Store,GB,2025-12-05T05:55:14.723609
txn_04125,user_422,49.66,USD,Starbucks,GB,2026-01-02T22:55:14.723613
txn_04126,user_486,13.59,USD,Software Store,IN,2025-10-14T11:55:14.723618
txn_04127,user_262,67.6,USD,Starbucks,GB,2026-01-01T21:55:14.723623
txn_04128,user_448,1081.12,USD,LuxuryStore,NG,2026-01-05T09:55:14.723627
txn_04129,user_083,14.37,USD,Amazon,US,2025-10-19T18:55:14.723630
txn_04130,user_410,5.23,USD,McDonalds,IN,2025-12-16T00:55:14.723634
txn_04131,user_028,92.73,USD,TravelHub,IN,2025-10-07T06:55:14.723638
txn_04132,user_175,53.97,USD,Local Grocery,GB,2025-10-28T01:55:14.723642
txn_04133,user_207,2701.13,USD,Exotic Jewelry,NG,2026-01-05T04:55:14.723645
txn_04134,user_156,19.84,USD,McDonalds,GB,2025-11-21T13:55:14.723649
txn_04135,user_091,19.68,USD,Netflix,IN,2025-12-08T11:55:14.723652
txn_04136,user_106,34.94,USD,McDonalds,US,2025-10-15T09:55:14.723655
txn_04137,user_024,76.46,USD,Amazon,GB,2025-11-14T11:55:14.723659
txn_04138,user_420,25.8,USD,Netflix,US,2025-12-25T23:55:14.723663
txn_04139,user_183,5.7,USD,TravelHub,US,2026-01-05T07:55:14.723667
txn_04140,user_179,73.13,USD,Local Grocery,GB,2025-10-18T22:55:14.723670
txn_04141,user_134,33.21,USD,McDonalds,GB,2025-11-08T19:55:14.723674
txn_04142,user_089,510.77,USD,Online Gaming Co,NG,2026-01-04T22:55:14.723677
txn_04143,user_067,91.86,USD,Software Store,GB,2025-10-13T22:55:14.723681
txn_04144,user_328,87.89,USD,Starbucks,IN,2025-11-30T07:55:14.723684
txn_04145,user_028,73.61,USD,Amazon,IN,2025-12-31T12:55:14.723688
txn_04146,user_334,4635.39,USD,LuxuryStore,CN,2026-01-04T18:55:14.723692
txn_04147,user_042,48.24,USD,Netflix,IN,2025-12-06T21:55:14.723697
txn_04148,user_351,30.1,USD,TravelHub,US,2025-12-17T21:55:14.723701
txn_04149,user_316,34.44,USD,Amazon,GB,2025-11-30T12:55:14.723704
txn_04150,user_231,70.41,USD,Software Store,GB,2025-11-14T05:55:14.723708
txn_04151,user_471,71.0,USD,Software Store,US,2025-11-07T04:55:14.723711
txn_04152,user_401,16.92,USD,Software Store,IN,2025-10-10T06:55:14.723715
txn_04153,user_279,61.49,USD,Uber,US,2025-10-08T12:55:14.723719
txn_04154,user_320,27.52,USD,Local Grocery,GB,2025-12-20T14:55:14.723722
txn_04155,user_405,85.95,USD,Netflix,GB,2025-10-22T10:55:14.723728
txn_04156,user_241,24.29,USD,Local Grocery,US,2025-12-16T14:55:14.723732
txn_04157,user_076,34.25,USD,Uber,IN,2025-10-30T09:55:14.723735
txn_04158,user_162,71.06,USD,Spotify,GB,2025-11-15T08:55:14.723739
txn_04159,user_458,44.65,USD,Local Grocery,US,2025-12-11T00:55:14.723743
txn_04160,user_371,67.76,USD,Local Grocery,GB,2025-12-26T18:55:14.723746
txn_04161,user_497,3126.65,USD,QuickLoans,CN,2026-01-04T10:55:14.723750
txn_04162,user_059,11.25,USD,TravelHub,IN,2025-12-03T11:55:14.723753
txn_04163,user_062,1776.17,USD,Exotic Jewelry,NG,2026-01-04T13:55:14.723757
txn_04164,user_176,78.55,USD,Spotify,IN,2025-12-17T22:55:14.723762
txn_04165,user_215,1358.32,USD,LuxuryStore,CN,2026-01-05T05:55:14.723765
txn_04166,user_106,20.45,USD,Spotify,US,2025-10-25T06:55:14.723770
txn_04167,user_373,30.95,USD,TravelHub,GB,2025-10-26T21:55:14.723774
txn_04168,user_356,93.52,USD,Software Store,GB,2025-10-09T22:55:14.723778
txn_04169,user_021,811.59,USD,Online Gaming Co,BR,2026-01-03T20:55:14.723782
txn_04170,user_251,67.88,USD,Uber,US,2025-11-08T02:55:14.723786
txn_04171,user_413,63.32,USD,Software Store,US,2025-11-15T00:55:14.723790
txn_04172,user_496,2211.38,USD,LuxuryStore,RU,2026-01-03T14:55:14.723793
txn_04173,user_146,75.93,USD,Uber,GB,2025-10-23T12:55:14.723797
txn_04174,user_409,73.41,USD,Software Store,IN,2025-12-20T17:55:14.723801
txn_04175,user_143,15.19,USD,Starbucks,IN,2025-12-21T00:55:14.723804
txn_04176,user_470,989.81,USD,AdultWorld,CN,2026-01-04T18:55:14.723808
txn_04177,user_127,65.2,USD,Netflix,GB,2025-11-09T18:55:14.723811
txn_04178,user_344,55.87,USD,Electronics Hub,IN,2025-10-31T13:55:14.723815
txn_04179,user_344,22.8,USD,Uber,IN,2025-12-27T00:55:14.723818
txn_04180,user_213,31.97,USD,Starbucks,GB,2025-12-25T01:55:14.723822
txn_04181,user_209,47.2,USD,Spotify,IN,2025-11-02T18:55:14.723825
txn_04182,user_049,92.42,USD,Spotify,US,2025-11-19T22:55:14.723829
txn_04183,user_307,87.02,USD,Software Store,US,2025-11-17T15:55:14.723833
txn_04184,user_055,91.69,USD,TravelHub,GB,2025-12-13T22:55:14.723836
txn_04185,user_103,92.86,USD,Software Store,GB,2025-12-19T22:55:14.723840
txn_04186,user_465,97.13,USD,Netflix,US,2025-12-11T01:55:14.723845
txn_04187,user_261,53.41,USD,Local Grocery,GB,2025-12-25T08:55:14.723852
txn_04188,user_215,66.18,USD,Netflix,US,2025-11-28T13:55:14.723856
txn_04189,user_068,8.92,USD,Local Grocery,IN,2025-10-19T09:55:14.723860
txn_04190,user_186,51.19,USD,Uber,IN,2025-12-04T17:55:14.723863
txn_04191,user_376,61.3,USD,Starbucks,US,2025-11-30T13:55:14.723867
txn_04192,user_151,60.38,USD,Electronics Hub,IN,2025-12-15T22:55:14.723870
txn_04193,user_448,43.96,USD,Electronics Hub,US,2025-11-02T05:55:14.723874
txn_04194,user_371,26.04,USD,Local Grocery,IN,2025-12-02T05:55:14.723877
txn_04195,user_410,32.0,USD,Amazon,IN,2025-10-29T15:55:14.723881
txn_04196,user_324,43.76,USD,Spotify,US,2025-11-10T08:55:14.723884
txn_04197,user_374,33.63,USD,Spotify,US,2025-11-01T08:55:14.723888
txn_04198,user_175,51.89,USD,Netflix,IN,2025-10-09T14:55:14.723891
txn_04199,user_191,17.15,USD,Netflix,IN,2026-01-02T14:55:14.723895
txn_04200,user_314,39.97,USD,TravelHub,GB,2025-12-01T05:55:14.723898
txn_04201,user_100,17.12,USD,Netflix,GB,2025-10-27T17:55:14.723902
txn_04202,user_076,768.09,USD,AdultWorld,RU,2026-01-04T09:55:14.723906
txn_04203,user_092,52.63,USD,Uber,IN,2025-12-23T04:55:14.723909
txn_04204,user_198,757.25,USD,LuxuryStore,BR,2026-01-04T16:55:14.723913
txn_04205,user_479,56.31,USD,Uber,US,2025-12-03T04:55:14.723918
txn_04206,user_190,72.02,USD,Amazon,IN,2025-12-03T20:55:14.723922
txn_04207,user_296,73.79,USD,Spotify,GB,2025-12-21T16:55:14.723925
txn_04208,user_008,43.18,USD,Local Grocery,IN,2025-12-01T10:55:14.723929
txn_04209,user_350,81.62,USD,Amazon,GB,2025-11-29T18:55:14.723933
txn_04210,user_362,13.31,USD,Electronics Hub,GB,2025-10-19T02:55:14.723936
txn_04211,user_220,54.08,USD,Local Grocery,IN,2025-10-21T01:55:14.723940
txn_04212,user_411,28.97,USD,Uber,US,2025-10-21T06:55:14.723944
txn_04213,user_060,63.3,USD,Electronics Hub,GB,2026-01-05T08:55:14.723947
txn_04214,user_092,47.85,USD,Local Grocery,US,2025-10-26T07:55:14.723951
txn_04215,user_146,45.55,USD,TravelHub,US,2025-12-06T21:55:14.723955
txn_04216,user_491,72.17,USD,Uber,US,2025-12-06T21:55:14.723961
txn_04217,user_465,73.91,USD,Amazon,IN,2025-12-30T09:55:14.723965
txn_04218,user_334,55.69,USD,Starbucks,IN,2025-12-16T19:55:14.723970
txn_04219,user_120,99.81,USD,Netflix,US,2025-10-06T22:55:14.723974
txn_04220,user_322,78.35,USD,Starbucks,IN,2025-10-11T13:55:14.723978
txn_04221,user_199,37.71,USD,McDonalds,IN,2025-11-06T03:55:14.723982
txn_04222,user_392,56.14,USD,Amazon,GB,2025-12-05T21:55:14.723985
txn_04223,user_490,2168.54,USD,QuickLoans,BR,2026-01-05T08:55:14.723989
txn_04224,user_161,3386.98,USD,Online Gaming Co,CN,2026-01-05T00:55:14.723992
txn_04225,user_447,89.23,USD,Uber,GB,2025-12-21T08:55:14.723997
txn_04226,user_163,91.34,USD,Software Store,GB,2025-11-10T12:55:14.724001
txn_04227,user_268,11.35,USD,Starbucks,US,2025-10-26T09:55:14.724005
txn_04228,user_257,2690.88,USD,AdultWorld,CN,2026-01-05T03:55:14.724009
txn_04229,user_043,5.58,USD,Uber,GB,2025-12-07T14:55:14.724013
txn_04230,user_140,48.01,USD,Starbucks,GB,2025-11-04T16:55:14.724016
txn_04231,user_242,77.39,USD,Starbucks,IN,2025-12-18T16:55:14.724020
txn_04232,user_401,36.75,USD,Starbucks,US,2025-12-23T23:55:14.724023
txn_04233,user_218,72.66,USD,TravelHub,GB,2025-10-21T20:55:14.724027
txn_04234,user_092,61.26,USD,Local Grocery,GB,2025-12-31T02:55:14.724031
txn_04235,user_257,2316.1,USD,Exotic Jewelry,BR,2026-01-04T16:55:14.724034
txn_04236,user_167,86.42,USD,McDonalds,IN,2025-10-28T09:55:14.724038
txn_04237,user_020,3109.71,USD,LuxuryStore,CN,2026-01-04T02:55:14.724041
txn_04238,user_478,2397.5,USD,Exotic Jewelry,NG,2026-01-04T20:55:14.724045
txn_04239,user_411,41.23,USD,Spotify,IN,2025-11-05T15:55:14.724048
txn_04240,user_283,3819.93,USD,QuickLoans,CN,2026-01-03T18:55:14.724052
txn_04241,user_050,59.28,USD,Amazon,GB,2025-12-12T23:55:14.724055
txn_04242,user_016,14.08,USD,Local Grocery,GB,2025-11-10T08:55:14.724059
txn_04243,user_229,86.66,USD,TravelHub,US,2025-12-14T09:55:14.724063
txn_04244,user_094,3518.36,USD,QuickLoans,BR,2026-01-03T22:55:14.724068
txn_04245,user_172,926.9,USD,Exotic Jewelry,BR,2026-01-03T18:55:14.724071
txn_04246,user_402,96.57,USD,Netflix,IN,2025-10-17T23:55:14.724075
txn_04247,user_008,48.99,USD,Starbucks,IN,2025-10-08T02:55:14.724078
txn_04248,user_408,767.14,USD,Exotic Jewelry,BR,2026-01-04T10:55:14.724082
txn_04249,user_221,88.03,USD,Netflix,US,2025-12-13T08:55:14.724085
txn_04250,user_247,75.76,USD,Amazon,GB,2025-12-17T02:55:14.724091
txn_04251,user_275,24.57,USD,TravelHub,GB,2025-11-26T03:55:14.724094
txn_04252,user_273,33.26,USD,Netflix,US,2025-11-25T15:55:14.724098
txn_04253,user_048,35.19,USD,McDonalds,US,2025-12-28T03:55:14.724102
txn_04254,user_411,74.37,USD,Netflix,IN,2026-01-03T04:55:14.724105
txn_04255,user_184,3169.11,USD,AdultWorld,RU,2026-01-03T13:55:14.724108
txn_04256,user_019,37.64,USD,McDonalds,IN,2025-10-09T21:55:14.724112
txn_04257,user_356,59.95,USD,Starbucks,US,2025-10-29T13:55:14.724116
txn_04258,user_361,1325.54,USD,QuickLoans,BR,2026-01-03T16:55:14.724119
txn_04259,user_406,63.65,USD,Netflix,US,2026-01-04T06:55:14.724123
txn_04260,user_349,15.46,USD,Spotify,IN,2025-12-26T18:55:14.724126
txn_04261,user_013,64.2,USD,Starbucks,IN,2025-11-12T18:55:14.724130
txn_04262,user_456,84.27,USD,Amazon,IN,2025-11-29T06:55:14.724134
txn_04263,user_058,7.78,USD,McDonalds,GB,2025-10-09T11:55:14.724138
txn_04264,user_131,96.45,USD,Local Grocery,IN,2025-11-11T10:55:14.724143
txn_04265,user_346,59.57,USD,Amazon,IN,2025-12-29T17:55:14.724146
txn_04266,user_290,66.46,USD,Electronics Hub,US,2025-12-28T11:55:14.724152
txn_04267,user_227,48.15,USD,Software Store,GB,2025-10-15T02:55:14.724155
txn_04268,user_103,4079.37,USD,Online Gaming Co,NG,2026-01-04T22:55:14.724159
txn_04269,user_252,12.65,USD,Spotify,IN,2025-12-01T05:55:14.724162
txn_04270,user_312,15.82,USD,Starbucks,GB,2025-12-04T10:55:14.724166
txn_04271,user_166,45.02,USD,McDonalds,GB,2025-11-06T15:55:14.724170
txn_04272,user_234,89.83,USD,Starbucks,US,2025-11-29T17:55:14.724173
txn_04273,user_063,61.65,USD,Local Grocery,IN,2025-10-19T15:55:14.724177
txn_04274,user_222,86.1,USD,Amazon,IN,2025-11-19T20:55:14.724181
txn_04275,user_061,21.25,USD,Netflix,GB,2025-12-10T16:55:14.724184
txn_04276,user_243,71.82,USD,Spotify,IN,2025-10-14T22:55:14.724188
txn_04277,user_437,4847.57,USD,AdultWorld,RU,2026-01-03T10:55:14.724191
txn_04278,user_367,16.17,USD,McDonalds,US,2025-10-08T09:55:14.724195
txn_04279,user_135,42.46,USD,Software Store,GB,2025-11-19T17:55:14.724198
txn_04280,user_267,37.36,USD,Software Store,IN,2025-10-12T23:55:14.724203
txn_04281,user_396,76.46,USD,Electronics Hub,GB,2026-01-02T01:55:14.724207
txn_04282,user_260,64.27,USD,Netflix,GB,2026-01-05T02:55:14.724212
txn_04283,user_384,92.72,USD,Electronics Hub,IN,2025-11-09T11:55:14.724217
txn_04284,user_153,87.55,USD,Uber,US,2025-11-20T03:55:14.724220
txn_04285,user_432,10.24,USD,Spotify,US,2025-10-31T12:55:14.724224
txn_04286,user_055,13.5,USD,Starbucks,IN,2025-10-07T14:55:14.724227
txn_04287,user_133,23.41,USD,Software Store,GB,2025-12-22T15:55:14.724231
txn_04288,user_055,23.32,USD,Spotify,GB,2025-11-16T10:55:14.724234
txn_04289,user_331,56.83,USD,Starbucks,US,2025-12-06T22:55:14.724238
txn_04290,user_194,37.74,USD,Uber,IN,2025-12-29T18:55:14.724241
txn_04291,user_408,4985.76,USD,Exotic Jewelry,BR,2026-01-05T03:55:14.724244
txn_04292,user_441,960.14,USD,QuickLoans,BR,2026-01-05T00:55:14.724247
txn_04293,user_224,23.33,USD,Starbucks,US,2025-12-11T22:55:14.724251
txn_04294,user_289,80.12,USD,Starbucks,US,2025-11-22T04:55:14.724254
txn_04295,user_307,2898.19,USD,AdultWorld,CN,2026-01-03T16:55:14.724257
txn_04296,user_019,94.43,USD,McDonalds,GB,2025-10-26T17:55:14.724261
txn_04297,user_019,37.7,USD,Netflix,IN,2025-12-09T21:55:14.724265
txn_04298,user_052,27.61,USD,Amazon,GB,2025-12-16T16:55:14.724269
txn_04299,user_261,10.29,USD,Software Store,GB,2025-12-26T05:55:14.724273
txn_04300,user_147,45.14,USD,TravelHub,IN,2026-01-02T07:55:14.724276
txn_04301,user_380,12.42,USD,Starbucks,GB,2025-12-28T16:55:14.724280
txn_04302,user_173,71.12,USD,Amazon,US,2025-11-22T21:55:14.724283
txn_04303,user_109,33.68,USD,TravelHub,IN,2025-12-29T01:55:14.724288
txn_04304,user_116,83.75,USD,Spotify,GB,2025-11-14T18:55:14.724292
txn_04305,user_097,56.46,USD,Local Grocery,US,2025-11-02T10:55:14.724296
txn_04306,user_183,31.26,USD,Local Grocery,IN,2025-12-19T03:55:14.724299
txn_04307,user_204,76.1,USD,Spotify,IN,2026-01-01T06:55:14.724303
txn_04308,user_086,5.37,USD,Starbucks,GB,2025-10-22T05:55:14.724306
txn_04309,user_239,45.3,USD,Electronics Hub,US,2025-12-26T21:55:14.724310
txn_04310,user_381,94.8,USD,Local Grocery,GB,2025-11-18T07:55:14.724313
txn_04311,user_050,79.81,USD,Uber,US,2025-12-19T09:55:14.724317
txn_04312,user_222,4579.52,USD,AdultWorld,BR,2026-01-05T02:55:14.724320
txn_04313,user_343,42.69,USD,Software Store,IN,2025-12-12T21:55:14.724323
txn_04314,user_472,80.68,USD,Spotify,US,2025-11-16T08:55:14.724329
txn_04315,user_405,36.12,USD,Amazon,US,2025-12-11T15:55:14.724332
txn_04316,user_185,4073.39,USD,LuxuryStore,RU,2026-01-04T20:55:14.724336
txn_04317,user_239,56.32,USD,Starbucks,GB,2025-11-01T00:55:14.724341
txn_04318,user_202,2207.09,USD,QuickLoans,CN,2026-01-03T18:55:14.724344
txn_04319,user_183,36.74,USD,Electronics Hub,US,2025-12-09T09:55:14.724348
txn_04320,user_119,2262.79,USD,Online Gaming Co,NG,2026-01-03T22:55:14.724351
txn_04321,user_077,34.59,USD,Software Store,US,2025-12-08T20:55:14.724355
txn_04322,user_482,77.47,USD,TravelHub,GB,2025-10-13T18:55:14.724360
txn_04323,user_420,76.4,USD,Amazon,US,2025-11-29T20:55:14.724363
txn_04324,user_497,1151.76,USD,Online Gaming Co,RU,2026-01-04T20:55:14.724367
txn_04325,user_361,89.27,USD,Amazon,US,2025-11-04T16:55:14.724370
txn_04326,user_311,67.13,USD,Software Store,US,2025-10-07T14:55:14.724374
txn_04327,user_297,725.56,USD,LuxuryStore,BR,2026-01-03T19:55:14.724377
txn_04328,user_126,37.91,USD,Uber,GB,2025-12-22T23:55:14.724380
txn_04329,user_470,20.1,USD,McDonalds,GB,2025-12-22T19:55:14.724384
txn_04330,user_390,81.02,USD,Uber,US,2025-12-16T08:55:14.724387
txn_04331,user_095,29.26,USD,Software Store,IN,2025-12-04T10:55:14.724391
txn_04332,user_216,93.5,USD,Local Grocery,GB,2025-11-19T16:55:14.724394
txn_04333,user_101,68.11,USD,Electronics Hub,US,2025-11-01T09:55:14.724398
txn_04334,user_314,3698.69,USD,LuxuryStore,NG,2026-01-04T19:55:14.724401
txn_04335,user_328,54.48,USD,Uber,GB,2025-12-15T15:55:14.724404
txn_04336,user_446,80.68,USD,McDonalds,US,2025-12-04T16:55:14.724408
txn_04337,user_102,98.76,USD,Uber,US,2025-11-02T18:55:14.724411
txn_04338,user_466,4906.23,USD,AdultWorld,BR,2026-01-04T14:55:14.724414
txn_04339,user_418,26.33,USD,Amazon,US,2025-11-12T21:55:14.724418
txn_04340,user_259,58.09,USD,Electronics Hub,US,2025-12-19T01:55:14.724422
txn_04341,user_425,4581.7,USD,Online Gaming Co,RU,2026-01-04T16:55:14.724425
txn_04342,user_128,77.09,USD,Amazon,US,2025-10-18T17:55:14.724430
txn_04343,user_449,23.49,USD,Spotify,IN,2025-12-29T21:55:14.724433
txn_04344,user_198,3488.45,USD,Online Gaming Co,BR,2026-01-04T15:55:14.724437
txn_04345,user_050,84.35,USD,Local Grocery,IN,2025-11-22T17:55:14.724440
txn_04346,user_003,21.09,USD,Local Grocery,US,2025-12-21T08:55:14.724445
txn_04347,user_007,74.29,USD,Amazon,GB,2025-12-21T18:55:14.724449
txn_04348,user_160,89.44,USD,Amazon,GB,2025-10-14T21:55:14.724453
txn_04349,user_318,74.35,USD,Starbucks,IN,2025-11-19T17:55:14.724456
txn_04350,user_250,64.67,USD,TravelHub,US,2025-11-03T19:55:14.724460
txn_04351,user_298,59.2,USD,TravelHub,US,2025-10-09T08:55:14.724463
txn_04352,user_389,99.18,USD,Electronics Hub,GB,2025-10-13T14:55:14.724466
txn_04353,user_030,95.36,USD,Amazon,US,2025-11-02T08:55:14.724470
txn_04354,user_449,48.6,USD,Amazon,US,2025-12-14T08:55:14.724473
txn_04355,user_166,49.86,USD,Spotify,IN,2025-10-21T00:55:14.724477
txn_04356,user_449,60.61,USD,Local Grocery,IN,2025-10-15T23:55:14.724481
txn_04357,user_052,57.12,USD,TravelHub,GB,2025-10-18T09:55:14.724484
txn_04358,user_300,45.07,USD,Starbucks,IN,2025-10-18T20:55:14.724488
txn_04359,user_231,18.62,USD,Uber,US,2025-11-28T11:55:14.724491
txn_04360,user_415,79.43,USD,Amazon,GB,2025-11-18T18:55:14.724495
txn_04361,user_294,44.43,USD,Local Grocery,GB,2025-11-12T04:55:14.724500
txn_04362,user_028,67.95,USD,Spotify,US,2025-11-02T10:55:14.724504
txn_04363,user_024,69.72,USD,Electronics Hub,IN,2025-12-17T01:55:14.724508
txn_04364,user_319,38.65,USD,Amazon,IN,2025-12-17T04:55:14.724511
txn_04365,user_480,3401.67,USD,Online Gaming Co,BR,2026-01-04T10:55:14.724514
txn_04366,user_289,79.04,USD,Uber,GB,2025-11-09T18:55:14.724518
txn_04367,user_296,90.06,USD,Netflix,US,2025-10-17T04:55:14.724521
txn_04368,user_351,86.84,USD,Uber,IN,2026-01-03T09:55:14.724527
txn_04369,user_360,51.68,USD,Uber,GB,2025-11-08T22:55:14.724530
txn_04370,user_397,46.89,USD,Uber,US,2025-11-12T17:55:14.724534
txn_04371,user_135,67.14,USD,Local Grocery,GB,2025-10-20T14:55:14.724537
txn_04372,user_038,12.23,USD,Software Store,US,2025-10-30T23:55:14.724541
txn_04373,user_372,81.59,USD,Uber,GB,2025-11-23T16:55:14.724544
txn_04374,user_467,2853.16,USD,Exotic Jewelry,RU,2026-01-04T21:55:14.724548
txn_04375,user_005,80.66,USD,Electronics Hub,GB,2025-11-16T17:55:14.724551
txn_04376,user_250,36.0,USD,Starbucks,GB,2025-11-23T19:55:14.724555
txn_04377,user_141,82.44,USD,Local Grocery,IN,2025-12-21T21:55:14.724558
txn_04378,user_482,70.54,USD,Uber,GB,2025-12-23T03:55:14.724563
txn_04379,user_123,31.93,USD,Netflix,GB,2025-10-19T21:55:14.724571
txn_04380,user_494,90.9,USD,Netflix,GB,2025-11-24T17:55:14.724575
txn_04381,user_006,2097.53,USD,Exotic Jewelry,CN,2026-01-03T10:55:14.724580
txn_04382,user_123,20.51,USD,Electronics Hub,US,2025-12-02T18:55:14.724583
txn_04383,user_351,83.94,USD,Spotify,US,2025-11-17T01:55:14.724589
txn_04384,user_063,72.27,USD,Electronics Hub,GB,2025-12-25T01:55:14.724595
txn_04385,user_223,50.79,USD,McDonalds,US,2025-10-18T20:55:14.724598
txn_04386,user_439,49.99,USD,Netflix,US,2025-12-25T02:55:14.724602
txn_04387,user_149,75.04,USD,Starbucks,IN,2026-01-04T17:55:14.724605
txn_04388,user_331,5.95,USD,Amazon,IN,2025-12-28T12:55:14.724609
txn_04389,user_323,4940.72,USD,AdultWorld,CN,2026-01-03T17:55:14.724612
txn_04390,user_419,53.55,USD,McDonalds,US,2025-11-03T02:55:14.724616
txn_04391,user_238,23.75,USD,Netflix,IN,2025-11-23T12:55:14.724619
txn_04392,user_016,56.81,USD,Amazon,IN,2025-12-03T18:55:14.724623
txn_04393,user_004,84.19,USD,Starbucks,US,2025-12-06T13:55:14.724626
txn_04394,user_336,50.42,USD,Uber,GB,2025-10-10T03:55:14.724630
txn_04395,user_034,57.64,USD,Starbucks,IN,2025-11-12T11:55:14.724633
txn_04396,user_341,73.77,USD,Software Store,GB,2025-10-19T05:55:14.724637
txn_04397,user_277,3297.73,USD,AdultWorld,RU,2026-01-05T08:55:14.724640
txn_04398,user_156,66.3,USD,Amazon,GB,2025-12-29T21:55:14.724643
txn_04399,user_308,44.91,USD,McDonalds,US,2025-10-08T17:55:14.724646
txn_04400,user_156,75.41,USD,Electronics Hub,US,2025-11-09T16:55:14.724652
txn_04401,user_409,94.86,USD,TravelHub,GB,2025-10-27T17:55:14.724655
txn_04402,user_256,33.43,USD,Netflix,US,2025-12-01T20:55:14.724659
txn_04403,user_067,38.42,USD,Uber,IN,2025-12-08T07:55:14.724663
txn_04404,user_331,15.91,USD,Electronics Hub,IN,2025-10-19T14:55:14.724667
txn_04405,user_013,87.97,USD,Netflix,US,2025-10-29T14:55:14.724670
txn_04406,user_317,78.93,USD,TravelHub,IN,2025-11-23T13:55:14.724674
txn_04407,user_427,75.69,USD,Starbucks,IN,2025-12-25T05:55:14.724677
txn_04408,user_341,12.85,USD,Electronics Hub,GB,2025-11-18T06:55:14.724681
txn_04409,user_374,51.68,USD,McDonalds,GB,2025-10-12T15:55:14.724684
txn_04410,user_310,27.15,USD,Local Grocery,GB,2025-12-22T17:55:14.724689
txn_04411,user_451,90.69,USD,TravelHub,US,2025-10-27T09:55:14.724692
txn_04412,user_016,59.83,USD,Spotify,IN,2025-11-01T20:55:14.724696
txn_04413,user_082,13.71,USD,Uber,GB,2025-12-20T02:55:14.724699
txn_04414,user_498,16.2,USD,TravelHub,US,2025-12-13T10:55:14.724703
txn_04415,user_311,31.69,USD,Software Store,GB,2025-11-07T17:55:14.724706
txn_04416,user_322,56.85,USD,McDonalds,US,2025-11-05T16:55:14.724710
txn_04417,user_115,32.1,USD,Software Store,IN,2025-10-07T23:55:14.724713
txn_04418,user_430,64.21,USD,Local Grocery,GB,2025-11-08T11:55:14.724717
txn_04419,user_350,3487.06,USD,LuxuryStore,BR,2026-01-03T15:55:14.724720
txn_04420,user_198,11.07,USD,Spotify,US,2025-12-18T11:55:14.724730
txn_04421,user_279,22.77,USD,Electronics Hub,GB,2025-10-24T03:55:14.724734
txn_04422,user_077,5.74,USD,Netflix,US,2025-11-25T01:55:14.724738
txn_04423,user_233,90.28,USD,Uber,GB,2025-12-25T14:55:14.724743
txn_04424,user_376,67.82,USD,Spotify,US,2025-11-19T19:55:14.724747
txn_04425,user_099,67.16,USD,Electronics Hub,GB,2025-12-07T10:55:14.724751
txn_04426,user_261,4977.9,USD,LuxuryStore,CN,2026-01-04T04:55:14.724754
txn_04427,user_090,62.57,USD,Netflix,US,2025-12-25T01:55:14.724758
txn_04428,user_157,59.74,USD,Software Store,IN,2025-12-21T22:55:14.724761
txn_04429,user_032,68.05,USD,Starbucks,GB,2025-11-12T09:55:14.724764
txn_04430,user_451,1071.42,USD,AdultWorld,RU,2026-01-03T19:55:14.724767
txn_04431,user_421,66.38,USD,Software Store,GB,2025-12-11T01:55:14.724771
txn_04432,user_299,74.85,USD,Amazon,GB,2025-10-09T05:55:14.724774
txn_04433,user_405,79.92,USD,Spotify,IN,2025-12-08T01:55:14.724778
txn_04434,user_176,52.4,USD,Uber,GB,2025-11-12T20:55:14.724782
txn_04435,user_310,11.05,USD,Software Store,US,2025-12-08T01:55:14.724785
txn_04436,user_051,2040.97,USD,QuickLoans,CN,2026-01-03T13:55:14.724788
txn_04437,user_141,59.56,USD,McDonalds,GB,2025-12-29T14:55:14.724792
txn_04438,user_216,83.34,USD,Netflix,IN,2025-10-08T21:55:14.724796
txn_04439,user_037,3583.72,USD,Online Gaming Co,CN,2026-01-04T01:55:14.724800
txn_04440,user_256,99.89,USD,Spotify,IN,2025-12-09T19:55:14.724804
txn_04441,user_067,55.43,USD,Software Store,IN,2025-11-05T08:55:14.724808
txn_04442,user_476,10.66,USD,Amazon,US,2025-11-01T16:55:14.724813
txn_04443,user_218,50.77,USD,Amazon,US,2025-12-17T06:55:14.724816
txn_04444,user_030,71.98,USD,Software Store,US,2026-01-05T07:55:14.724820
txn_04445,user_336,66.34,USD,Starbucks,IN,2025-11-14T14:55:14.724824
txn_04446,user_347,16.33,USD,McDonalds,US,2025-12-01T13:55:14.724827
txn_04447,user_319,3315.96,USD,QuickLoans,CN,2026-01-05T03:55:14.724831
txn_04448,user_193,92.37,USD,Local Grocery,US,2026-01-05T06:55:14.724834
txn_04449,user_212,66.71,USD,Software Store,GB,2025-11-11T04:55:14.724838
txn_04450,user_363,95.15,USD,Software Store,IN,2025-11-24T22:55:14.724841
txn_04451,user_142,39.9,USD,Uber,IN,2025-12-21T08:55:14.724846
txn_04452,user_141,2476.38,USD,Online Gaming Co,CN,2026-01-05T01:55:14.724849
txn_04453,user_267,2771.57,USD,QuickLoans,RU,2026-01-03T09:55:14.724852
txn_04454,user_221,98.0,USD,Starbucks,US,2025-12-06T04:55:14.724856
txn_04455,user_404,83.01,USD,Local Grocery,GB,2025-10-08T07:55:14.724859
txn_04456,user_017,74.19,USD,Software Store,GB,2025-12-07T16:55:14.724863
txn_04457,user_090,31.49,USD,Uber,IN,2025-10-25T05:55:14.724866
txn_04458,user_359,99.94,USD,Uber,US,2025-11-13T23:55:14.724870
txn_04459,user_317,24.25,USD,Electronics Hub,IN,2025-12-09T18:55:14.724875
txn_04460,user_073,28.44,USD,Local Grocery,US,2025-12-31T10:55:14.724879
txn_04461,user_152,92.08,USD,Local Grocery,IN,2025-11-06T00:55:14.724882
txn_04462,user_039,87.56,USD,Spotify,IN,2025-11-19T12:55:14.724886
txn_04463,user_427,23.81,USD,Amazon,GB,2025-12-27T17:55:14.724890
txn_04464,user_043,57.42,USD,Software Store,GB,2025-10-14T01:55:14.724893
txn_04465,user_060,23.41,USD,Starbucks,IN,2025-10-08T14:55:14.724897
txn_04466,user_253,22.1,USD,Netflix,IN,2025-12-14T04:55:14.724900
txn_04467,user_194,5.97,USD,McDonalds,GB,2025-10-18T03:55:14.724904
txn_04468,user_002,69.0,USD,Software Store,IN,2025-12-22T07:55:14.724907
txn_04469,user_177,3917.31,USD,Exotic Jewelry,NG,2026-01-05T02:55:14.724910
txn_04470,user_268,89.32,USD,McDonalds,GB,2025-10-20T18:55:14.724916
txn_04471,user_105,36.74,USD,TravelHub,IN,2025-12-16T19:55:14.724919
txn_04472,user_036,53.46,USD,Netflix,IN,2025-10-29T21:55:14.724923
txn_04473,user_285,40.86,USD,Starbucks,GB,2025-11-16T09:55:14.724930
txn_04474,user_472,94.94,USD,Software Store,IN,2025-10-12T05:55:14.724934
txn_04475,user_421,34.26,USD,Software Store,US,2025-12-26T14:55:14.724937
txn_04476,user_421,2077.5,USD,LuxuryStore,RU,2026-01-04T18:55:14.724941
txn_04477,user_246,69.38,USD,Electronics Hub,IN,2025-12-23T01:55:14.724944
txn_04478,user_283,75.11,USD,Uber,US,2025-12-21T11:55:14.724949
txn_04479,user_225,3361.53,USD,QuickLoans,NG,2026-01-04T23:55:14.724953
txn_04480,user_118,98.39,USD,Software Store,GB,2025-10-23T06:55:14.724956
txn_04481,user_128,36.16,USD,TravelHub,US,2025-12-11T08:55:14.724960
txn_04482,user_036,75.42,USD,Netflix,IN,2025-11-01T05:55:14.724963
txn_04483,user_236,32.01,USD,Starbucks,IN,2025-10-29T07:55:14.724967
txn_04484,user_182,35.96,USD,Starbucks,GB,2025-12-22T05:55:14.724970
txn_04485,user_072,90.86,USD,Software Store,GB,2025-12-06T11:55:14.724974
txn_04486,user_025,89.73,USD,Netflix,US,2025-12-07T09:55:14.724978
txn_04487,user_488,38.19,USD,TravelHub,IN,2025-10-14T15:55:14.724981
txn_04488,user_133,63.8,USD,Local Grocery,IN,2025-12-07T19:55:14.724985
txn_04489,user_090,1078.84,USD,QuickLoans,BR,2026-01-04T02:55:14.724988
txn_04490,user_309,12.15,USD,Local Grocery,GB,2025-10-18T14:55:14.724992
txn_04491,user_101,13.73,USD,Netflix,GB,2025-10-29T06:55:14.724995
txn_04492,user_404,71.8,USD,Starbucks,GB,2025-12-29T03:55:14.724999
txn_04493,user_120,37.44,USD,McDonalds,US,2025-10-28T00:55:14.725002
txn_04494,user_226,85.22,USD,Uber,IN,2025-11-17T09:55:14.725006
txn_04495,user_094,3438.77,USD,LuxuryStore,NG,2026-01-04T09:55:14.725009
txn_04496,user_040,45.64,USD,Uber,US,2025-10-14T06:55:14.725013
txn_04497,user_208,51.96,USD,McDonalds,IN,2025-12-15T17:55:14.725016
txn_04498,user_105,68.82,USD,Software Store,IN,2025-10-23T14:55:14.725022
txn_04499,user_007,57.66,USD,Software Store,IN,2025-11-24T07:55:14.725025
txn_04500,user_125,65.02,USD,Amazon,GB,2025-11-14T16:55:14.725029
txn_04501,user_116,68.83,USD,McDonalds,IN,2025-12-21T15:55:14.725033
txn_04502,user_337,7.07,USD,Electronics Hub,GB,2025-11-05T07:55:14.725036
txn_04503,user_148,7.38,USD,Uber,US,2025-11-25T13:55:14.725040
txn_04504,user_178,39.36,USD,Software Store,US,2025-12-30T11:55:14.725043
txn_04505,user_009,88.14,USD,Software Store,US,2025-11-10T12:55:14.725048
txn_04506,user_444,17.38,USD,Electronics Hub,IN,2025-11-22T14:55:14.725052
txn_04507,user_137,54.07,USD,Local Grocery,IN,2025-12-25T05:55:14.725055
txn_04508,user_343,33.37,USD,Uber,IN,2025-11-01T03:55:14.725059
txn_04509,user_081,51.81,USD,Amazon,IN,2026-01-01T13:55:14.725063
txn_04510,user_270,1103.56,USD,QuickLoans,CN,2026-01-03T11:55:14.725066
txn_04511,user_343,4499.76,USD,LuxuryStore,BR,2026-01-03T20:55:14.725069
txn_04512,user_006,78.03,USD,Local Grocery,US,2026-01-04T05:55:14.725073
txn_04513,user_004,57.0,USD,Amazon,GB,2025-12-12T08:55:14.725076
txn_04514,user_186,65.65,USD,Local Grocery,GB,2025-10-22T09:55:14.725080
txn_04515,user_294,1754.92,USD,LuxuryStore,BR,2026-01-03T15:55:14.725083
txn_04516,user_257,12.17,USD,Uber,GB,2025-12-20T20:55:14.725087
txn_04517,user_498,70.11,USD,Software Store,IN,2025-11-04T08:55:14.725092
txn_04518,user_120,3152.96,USD,Online Gaming Co,RU,2026-01-04T20:55:14.725095
txn_04519,user_257,78.85,USD,Local Grocery,GB,2025-10-14T21:55:14.725099
txn_04520,user_002,69.82,USD,Starbucks,GB,2025-11-17T20:55:14.725102
txn_04521,user_064,10.05,USD,TravelHub,GB,2026-01-01T13:55:14.725108
txn_04522,user_405,92.65,USD,TravelHub,GB,2025-10-25T02:55:14.725112
txn_04523,user_348,68.51,USD,McDonalds,GB,2025-11-11T07:55:14.725115
txn_04524,user_398,643.11,USD,LuxuryStore,BR,2026-01-04T12:55:14.725119
txn_04525,user_436,98.89,USD,Local Grocery,IN,2025-10-26T04:55:14.725122
txn_04526,user_021,9.86,USD,Amazon,GB,2025-12-18T10:55:14.725126
txn_04527,user_167,697.13,USD,Exotic Jewelry,NG,2026-01-03T17:55:14.725129
txn_04528,user_106,1259.04,USD,Online Gaming Co,RU,2026-01-04T20:55:14.725133
txn_04529,user_048,40.4,USD,TravelHub,US,2025-10-11T01:55:14.725137
txn_04530,user_135,1299.83,USD,QuickLoans,CN,2026-01-03T18:55:14.725140
txn_04531,user_209,17.08,USD,TravelHub,IN,2026-01-04T17:55:14.725143
txn_04532,user_175,37.04,USD,Netflix,IN,2025-12-04T15:55:14.725147
txn_04533,user_210,3402.87,USD,Online Gaming Co,BR,2026-01-04T20:55:14.725150
txn_04534,user_458,18.77,USD,Starbucks,US,2025-10-15T06:55:14.725154
txn_04535,user_142,83.42,USD,McDonalds,IN,2025-11-25T00:55:14.725157
txn_04536,user_077,662.08,USD,LuxuryStore,NG,2026-01-04T04:55:14.725161
txn_04537,user_500,37.86,USD,Local Grocery,IN,2025-12-16T05:55:14.725167
txn_04538,user_065,43.18,USD,Starbucks,IN,2025-10-20T23:55:14.725171
txn_04539,user_322,3896.66,USD,Online Gaming Co,RU,2026-01-04T13:55:14.725174
txn_04540,user_347,95.09,USD,Local Grocery,US,2025-12-13T16:55:14.725177
txn_04541,user_205,37.14,USD,TravelHub,IN,2025-12-09T20:55:14.725181
txn_04542,user_293,33.41,USD,Spotify,GB,2025-12-05T05:55:14.725184
txn_04543,user_481,20.68,USD,Software Store,US,2025-12-23T15:55:14.725188
txn_04544,user_255,90.43,USD,Software Store,GB,2025-12-18T19:55:14.725191
txn_04545,user_001,22.62,USD,Starbucks,US,2025-11-09T07:55:14.725195
txn_04546,user_400,50.59,USD,Starbucks,GB,2025-11-26T11:55:14.725198
txn_04547,user_330,75.06,USD,Local Grocery,GB,2025-10-17T08:55:14.725202
txn_04548,user_436,42.36,USD,Starbucks,GB,2025-12-15T03:55:14.725205
txn_04549,user_034,78.46,USD,Spotify,US,2025-10-11T15:55:14.725209
txn_04550,user_191,3702.02,USD,LuxuryStore,RU,2026-01-04T16:55:14.725213
txn_04551,user_225,1571.38,USD,AdultWorld,CN,2026-01-03T23:55:14.725217
txn_04552,user_234,93.79,USD,McDonalds,IN,2025-11-12T00:55:14.725221
txn_04553,user_342,63.48,USD,Uber,GB,2025-11-07T16:55:14.725225
txn_04554,user_051,84.69,USD,Netflix,US,2025-11-12T15:55:14.725229
txn_04555,user_367,90.01,USD,Electronics Hub,US,2025-11-16T17:55:14.725232
txn_04556,user_466,2092.12,USD,Online Gaming Co,RU,2026-01-05T08:55:14.725237
txn_04557,user_256,4161.97,USD,Online Gaming Co,CN,2026-01-03T12:55:14.725240
txn_04558,user_439,67.12,USD,Amazon,US,2025-12-28T08:55:14.725244
txn_04559,user_305,27.0,USD,TravelHub,GB,2025-11-21T21:55:14.725247
txn_04560,user_374,30.03,USD,Local Grocery,US,2026-01-04T03:55:14.725251
txn_04561,user_107,18.81,USD,Netflix,IN,2025-12-29T01:55:14.725254
txn_04562,user_231,33.46,USD,TravelHub,GB,2025-12-14T03:55:14.725258
txn_04563,user_261,1692.61,USD,Exotic Jewelry,RU,2026-01-03T12:55:14.725261
txn_04564,user_286,36.14,USD,Software Store,US,2025-10-16T23:55:14.725265
txn_04565,user_137,26.42,USD,Amazon,US,2025-11-13T22:55:14.725268
txn_04566,user_337,2788.13,USD,AdultWorld,NG,2026-01-05T00:55:14.725272
txn_04567,user_017,26.98,USD,Electronics Hub,US,2025-10-24T11:55:14.725275
txn_04568,user_169,86.72,USD,Electronics Hub,GB,2025-12-04T07:55:14.725279
txn_04569,user_318,3462.8,USD,AdultWorld,CN,2026-01-04T05:55:14.725283
txn_04570,user_141,30.72,USD,Starbucks,GB,2025-10-28T05:55:14.725287
txn_04571,user_346,2558.42,USD,AdultWorld,NG,2026-01-03T14:55:14.725290
txn_04572,user_115,2860.44,USD,Online Gaming Co,CN,2026-01-03T12:55:14.725294
txn_04573,user_348,47.36,USD,McDonalds,US,2025-12-27T03:55:14.725299
txn_04574,user_009,19.24,USD,Amazon,IN,2025-11-29T08:55:14.725302
txn_04575,user_065,86.71,USD,Netflix,IN,2025-12-04T09:55:14.725306
txn_04576,user_472,3821.91,USD,LuxuryStore,RU,2026-01-04T23:55:14.725311
txn_04577,user_324,57.97,USD,Uber,IN,2025-11-09T22:55:14.725314
txn_04578,user_247,60.65,USD,Amazon,GB,2025-10-16T15:55:14.725318
txn_04579,user_252,50.52,USD,Starbucks,GB,2025-12-20T10:55:14.725322
txn_04580,user_453,33.51,USD,Amazon,US,2025-10-12T13:55:14.725325
txn_04581,user_316,84.47,USD,Uber,IN,2026-01-02T20:55:14.725329
txn_04582,user_040,50.92,USD,Amazon,GB,2025-10-22T14:55:14.725332
txn_04583,user_344,16.7,USD,Electronics Hub,GB,2025-12-25T22:55:14.725336
txn_04584,user_444,3172.55,USD,Exotic Jewelry,BR,2026-01-04T14:55:14.725339
txn_04585,user_184,58.78,USD,Netflix,GB,2025-10-17T00:55:14.725343
txn_04586,user_469,34.56,USD,Software Store,GB,2025-12-22T16:55:14.725347
txn_04587,user_070,27.94,USD,McDonalds,GB,2025-10-14T15:55:14.725350
txn_04588,user_268,67.05,USD,Electronics Hub,GB,2025-10-11T12:55:14.725354
txn_04589,user_274,62.06,USD,Amazon,IN,2025-12-31T00:55:14.725357
txn_04590,user_408,778.72,USD,QuickLoans,RU,2026-01-04T22:55:14.725360
txn_04591,user_128,46.4,USD,McDonalds,IN,2025-10-25T15:55:14.725364
txn_04592,user_372,88.25,USD,McDonalds,GB,2025-12-24T02:55:14.725368
txn_04593,user_141,70.98,USD,Starbucks,US,2025-10-10T21:55:14.725371
txn_04594,user_229,2686.14,USD,Online Gaming Co,BR,2026-01-04T22:55:14.725375
txn_04595,user_319,89.5,USD,Local Grocery,IN,2025-12-02T00:55:14.725380
txn_04596,user_464,38.72,USD,Software Store,IN,2025-11-26T14:55:14.725383
txn_04597,user_022,19.16,USD,Spotify,IN,2025-10-15T19:55:14.725387
txn_04598,user_364,19.21,USD,Starbucks,GB,2025-12-05T13:55:14.725390
txn_04599,user_339,53.56,USD,Uber,GB,2026-01-05T01:55:14.725394
txn_04600,user_370,16.8,USD,TravelHub,US,2025-12-21T20:55:14.725397
txn_04601,user_466,27.45,USD,Software Store,GB,2025-10-18T03:55:14.725402
txn_04602,user_038,76.03,USD,Amazon,US,2025-10-13T01:55:14.725406
txn_04603,user_321,39.97,USD,Software Store,IN,2025-12-05T19:55:14.725410
txn_04604,user_292,3008.15,USD,LuxuryStore,CN,2026-01-05T01:55:14.725413
txn_04605,user_145,29.55,USD,Software Store,US,2025-11-16T11:55:14.725416
txn_04606,user_205,26.45,USD,Amazon,IN,2025-10-29T07:55:14.725420
txn_04607,user_005,17.33,USD,Spotify,GB,2025-10-21T19:55:14.725423
txn_04608,user_041,21.76,USD,Amazon,IN,2025-12-14T00:55:14.725427
txn_04609,user_016,1077.64,USD,AdultWorld,BR,2026-01-04T02:55:14.725430
txn_04610,user_407,88.06,USD,Spotify,GB,2026-01-03T10:55:14.725434
txn_04611,user_493,2005.41,USD,QuickLoans,RU,2026-01-05T00:55:14.725437
txn_04612,user_428,63.02,USD,TravelHub,US,2025-11-09T06:55:14.725441
txn_04613,user_124,4353.79,USD,Exotic Jewelry,CN,2026-01-04T10:55:14.725444
txn_04614,user_150,97.78,USD,Electronics Hub,GB,2025-11-21T17:55:14.725448
txn_04615,user_263,50.58,USD,Spotify,GB,2025-12-15T14:55:14.725453
txn_04616,user_237,99.89,USD,Software Store,US,2025-12-31T03:55:14.725457
txn_04617,user_480,3523.85,USD,Exotic Jewelry,NG,2026-01-05T08:55:14.725460
txn_04618,user_105,59.68,USD,Uber,GB,2025-10-21T03:55:14.725464
txn_04619,user_429,48.09,USD,Software Store,GB,2025-10-08T21:55:14.725468
txn_04620,user_154,37.44,USD,Starbucks,US,2025-10-23T12:55:14.725471
txn_04621,user_176,59.49,USD,Software Store,US,2025-11-09T23:55:14.725475
txn_04622,user_093,39.79,USD,McDonalds,IN,2025-12-12T10:55:14.725478
txn_04623,user_258,2554.23,USD,Exotic Jewelry,RU,2026-01-05T08:55:14.725482
txn_04624,user_313,28.24,USD,Starbucks,IN,2025-11-22T00:55:14.725487
txn_04625,user_373,60.63,USD,Software Store,GB,2025-11-19T00:55:14.725491
txn_04626,user_444,25.4,USD,Starbucks,IN,2026-01-02T02:55:14.725494
txn_04627,user_005,5.73,USD,Uber,IN,2026-01-04T00:55:14.725498
txn_04628,user_068,77.75,USD,Local Grocery,GB,2025-11-02T13:55:14.725501
txn_04629,user_130,50.62,USD,Local Grocery,GB,2025-12-25T00:55:14.725505
txn_04630,user_436,97.83,USD,Spotify,US,2025-10-25T17:55:14.725508
txn_04631,user_350,59.06,USD,Spotify,US,2025-11-04T10:55:14.725512
txn_04632,user_450,68.31,USD,Local Grocery,GB,2025-11-27T20:55:14.725515
txn_04633,user_134,91.3,USD,Starbucks,US,2026-01-01T18:55:14.725520
txn_04634,user_219,92.42,USD,TravelHub,IN,2025-11-16T21:55:14.725526
txn_04635,user_046,3019.96,USD,QuickLoans,CN,2026-01-05T00:55:14.725529
txn_04636,user_290,29.47,USD,Electronics Hub,IN,2025-11-15T15:55:14.725533
txn_04637,user_034,53.59,USD,McDonalds,US,2025-12-11T04:55:14.725537
txn_04638,user_415,68.48,USD,Local Grocery,US,2025-12-20T21:55:14.725540
txn_04639,user_216,61.08,USD,Amazon,US,2025-10-15T08:55:14.725544
txn_04640,user_051,86.25,USD,TravelHub,US,2025-10-22T01:55:14.725547
txn_04641,user_259,79.07,USD,TravelHub,IN,2025-10-07T23:55:14.725551
txn_04642,user_033,50.4,USD,Spotify,GB,2025-10-24T00:55:14.725555
txn_04643,user_427,25.81,USD,Spotify,US,2025-12-04T09:55:14.725558
txn_04644,user_070,4816.99,USD,LuxuryStore,NG,2026-01-03T09:55:14.725562
txn_04645,user_222,3134.21,USD,AdultWorld,NG,2026-01-04T12:55:14.725567
txn_04646,user_498,23.77,USD,Starbucks,IN,2025-10-25T16:55:14.725573
txn_04647,user_196,75.67,USD,McDonalds,GB,2025-10-21T01:55:14.725577
txn_04648,user_213,71.0,USD,Local Grocery,US,2025-11-24T17:55:14.725580
txn_04649,user_095,59.38,USD,Spotify,GB,2026-01-04T07:55:14.725584
txn_04650,user_361,45.86,USD,Uber,GB,2025-11-06T00:55:14.725588
txn_04651,user_073,93.78,USD,Netflix,GB,2025-12-06T16:55:14.725592
txn_04652,user_196,98.01,USD,Amazon,IN,2025-10-09T12:55:14.725595
txn_04653,user_191,33.61,USD,Electronics Hub,IN,2025-10-22T01:55:14.725599
txn_04654,user_173,7.15,USD,Uber,IN,2025-11-12T11:55:14.725604
txn_04655,user_069,62.4,USD,Local Grocery,IN,2025-11-30T00:55:14.725607
txn_04656,user_345,66.87,USD,TravelHub,IN,2025-10-10T23:55:14.725611
txn_04657,user_463,13.13,USD,Spotify,GB,2025-11-05T03:55:14.725614
txn_04658,user_043,80.04,USD,Amazon,GB,2025-12-31T20:55:14.725618
txn_04659,user_033,96.96,USD,Local Grocery,IN,2025-11-29T08:55:14.725622
txn_04660,user_059,15.73,USD,McDonalds,GB,2025-10-15T06:55:14.725625
txn_04661,user_072,53.39,USD,Electronics Hub,GB,2025-11-06T02:55:14.725629
txn_04662,user_408,31.73,USD,Spotify,GB,2025-12-23T15:55:14.725632
txn_04663,user_250,4655.82,USD,QuickLoans,NG,2026-01-04T11:55:14.725635
txn_04664,user_229,83.58,USD,Starbucks,GB,2025-12-10T03:55:14.725639
txn_04665,user_479,48.92,USD,Starbucks,IN,2025-10-15T01:55:14.725644
txn_04666,user_403,38.48,USD,Local Grocery,IN,2025-10-12T04:55:14.725648
txn_04667,user_452,4832.51,USD,AdultWorld,CN,2026-01-03T15:55:14.725651
txn_04668,user_387,2136.89,USD,Online Gaming Co,BR,2026-01-04T03:55:14.725655
txn_04669,user_366,4110.89,USD,LuxuryStore,RU,2026-01-05T09:55:14.725658
txn_04670,user_498,94.63,USD,Local Grocery,US,2025-12-10T15:55:14.725662
txn_04671,user_151,5.17,USD,Spotify,US,2025-10-18T08:55:14.725665
txn_04672,user_448,3466.01,USD,AdultWorld,CN,2026-01-04T02:55:14.725668
txn_04673,user_038,84.01,USD,Netflix,GB,2025-12-28T18:55:14.725674
txn_04674,user_338,6.87,USD,Uber,US,2025-11-20T08:55:14.725679
txn_04675,user_140,17.41,USD,Uber,GB,2025-10-31T08:55:14.725682
txn_04676,user_364,35.19,USD,Starbucks,GB,2025-10-28T14:55:14.725686
txn_04677,user_020,58.31,USD,Uber,IN,2025-11-09T13:55:14.725690
txn_04678,user_114,63.11,USD,Local Grocery,US,2025-11-02T10:55:14.725693
txn_04679,user_279,20.12,USD,Uber,IN,2025-11-05T10:55:14.725699
txn_04680,user_305,45.04,USD,Spotify,GB,2025-10-22T08:55:14.725705
txn_04681,user_180,44.91,USD,Netflix,GB,2025-12-12T02:55:14.725710
txn_04682,user_343,34.04,USD,Amazon,US,2025-12-15T06:55:14.725715
txn_04683,user_021,3980.12,USD,LuxuryStore,NG,2026-01-05T00:55:14.725719
txn_04684,user_282,60.84,USD,Uber,IN,2025-11-01T00:55:14.725723
txn_04685,user_276,926.66,USD,AdultWorld,BR,2026-01-03T20:55:14.725726
txn_04686,user_059,3235.96,USD,QuickLoans,NG,2026-01-03T21:55:14.725729
txn_04687,user_449,12.99,USD,TravelHub,GB,2025-12-31T09:55:14.725733
txn_04688,user_476,34.16,USD,Local Grocery,US,2026-01-02T14:55:14.725736
txn_04689,user_192,99.47,USD,Starbucks,GB,2025-11-30T01:55:14.725740
txn_04690,user_444,68.37,USD,Software Store,US,2025-12-28T11:55:14.725743
txn_04691,user_108,16.58,USD,Starbucks,IN,2025-10-29T12:55:14.725747
txn_04692,user_204,30.3,USD,TravelHub,GB,2025-11-29T00:55:14.725751
txn_04693,user_411,96.95,USD,Software Store,US,2025-10-26T01:55:14.725756
txn_04694,user_026,74.32,USD,Spotify,GB,2025-11-06T10:55:14.725760
txn_04695,user_363,16.41,USD,Software Store,US,2025-10-17T16:55:14.725764
txn_04696,user_099,46.77,USD,Uber,US,2025-12-03T23:55:14.725767
txn_04697,user_132,4464.73,USD,AdultWorld,NG,2026-01-04T19:55:14.725772
txn_04698,user_218,99.21,USD,Local Grocery,IN,2025-10-19T09:55:14.725776
txn_04699,user_242,60.35,USD,Spotify,US,2025-10-15T06:55:14.725780
txn_04700,user_271,63.09,USD,Starbucks,IN,2025-12-19T22:55:14.725783
txn_04701,user_240,36.42,USD,Electronics Hub,US,2025-10-19T07:55:14.725787
txn_04702,user_284,3434.79,USD,Online Gaming Co,NG,2026-01-04T19:55:14.725790
txn_04703,user_305,55.94,USD,McDonalds,US,2025-10-26T08:55:14.725794
txn_04704,user_421,37.86,USD,Uber,US,2025-12-23T07:55:14.725798
txn_04705,user_105,97.5,USD,Netflix,US,2025-11-25T00:55:14.725801
txn_04706,user_331,75.48,USD,Software Store,GB,2025-10-20T21:55:14.725804
txn_04707,user_294,34.77,USD,TravelHub,IN,2025-10-12T18:55:14.725808
txn_04708,user_402,31.19,USD,Electronics Hub,GB,2025-12-04T11:55:14.725811
txn_04709,user_392,58.99,USD,Software Store,US,2025-10-18T11:55:14.725815
txn_04710,user_139,7.53,USD,Electronics Hub,IN,2025-11-20T11:55:14.725818
txn_04711,user_051,36.67,USD,Software Store,US,2025-11-15T06:55:14.725822
txn_04712,user_372,70.18,USD,Local Grocery,GB,2025-10-21T09:55:14.725827
txn_04713,user_420,9.56,USD,Netflix,US,2025-10-07T18:55:14.725830
txn_04714,user_114,57.1,USD,Electronics Hub,IN,2025-10-13T09:55:14.725834
txn_04715,user_452,63.61,USD,Netflix,IN,2025-11-13T01:55:14.725837
txn_04716,user_268,89.68,USD,Software Store,GB,2025-11-21T16:55:14.725841
txn_04717,user_395,30.31,USD,Starbucks,IN,2025-11-30T08:55:14.725845
txn_04718,user_171,46.49,USD,McDonalds,GB,2025-12-03T13:55:14.725848
txn_04719,user_140,24.0,USD,Electronics Hub,GB,2025-12-16T02:55:14.725852
txn_04720,user_218,19.04,USD,TravelHub,GB,2025-11-28T14:55:14.725855
txn_04721,user_060,77.12,USD,Starbucks,US,2025-10-29T04:55:14.725859
txn_04722,user_200,96.03,USD,Software Store,IN,2025-12-27T02:55:14.725862
txn_04723,user_207,32.9,USD,McDonalds,GB,2025-12-29T22:55:14.725866
txn_04724,user_357,3257.6,USD,AdultWorld,CN,2026-01-03T19:55:14.725869
txn_04725,user_206,23.83,USD,Amazon,US,2025-11-24T08:55:14.725874
txn_04726,user_392,17.68,USD,Amazon,US,2025-10-30T23:55:14.725878
txn_04727,user_406,50.61,USD,Netflix,US,2025-11-26T06:55:14.725882
txn_04728,user_161,10.62,USD,Uber,IN,2025-10-09T15:55:14.725887
txn_04729,user_444,45.86,USD,Local Grocery,US,2025-11-28T22:55:14.725891
txn_04730,user_454,56.12,USD,Amazon,US,2025-11-12T03:55:14.725895
txn_04731,user_299,8.0,USD,Netflix,GB,2025-10-07T08:55:14.725898
txn_04732,user_049,78.16,USD,Spotify,US,2025-12-02T02:55:14.725904
txn_04733,user_004,73.24,USD,Software Store,IN,2025-12-26T01:55:14.725908
txn_04734,user_416,96.81,USD,Netflix,GB,2025-11-28T15:55:14.725911
txn_04735,user_390,82.88,USD,Local Grocery,US,2025-11-27T15:55:14.725915
txn_04736,user_159,72.16,USD,Uber,IN,2025-12-19T02:55:14.725919
txn_04737,user_201,47.05,USD,Starbucks,US,2025-11-21T20:55:14.725922
txn_04738,user_498,85.3,USD,Uber,GB,2025-11-13T01:55:14.725926
txn_04739,user_063,16.8,USD,McDonalds,US,2025-11-19T11:55:14.725929
txn_04740,user_353,7.13,USD,Amazon,US,2025-10-25T08:55:14.725933
txn_04741,user_350,26.01,USD,Starbucks,IN,2025-11-14T03:55:14.725936
txn_04742,user_170,14.09,USD,McDonalds,US,2025-12-22T01:55:14.725940
txn_04743,user_360,22.01,USD,Starbucks,GB,2025-11-21T20:55:14.725943
txn_04744,user_089,1599.94,USD,AdultWorld,RU,2026-01-03T13:55:14.725947
txn_04745,user_245,41.89,USD,Electronics Hub,US,2025-12-14T10:55:14.725950
txn_04746,user_137,85.7,USD,TravelHub,US,2025-10-11T17:55:14.725954
txn_04747,user_275,15.21,USD,Local Grocery,IN,2025-12-30T02:55:14.725957
txn_04748,user_182,78.13,USD,Local Grocery,GB,2025-12-05T04:55:14.725960
txn_04749,user_042,1100.21,USD,AdultWorld,NG,2026-01-03T22:55:14.725964
txn_04750,user_140,31.63,USD,Starbucks,IN,2025-12-19T11:55:14.725967
txn_04751,user_330,13.36,USD,Amazon,US,2025-12-25T01:55:14.725974
txn_04752,user_262,91.55,USD,Spotify,GB,2025-10-09T17:55:14.725977
txn_04753,user_438,86.59,USD,Spotify,US,2025-11-27T17:55:14.725981
txn_04754,user_116,96.27,USD,McDonalds,US,2025-11-20T06:55:14.725985
txn_04755,user_406,2351.69,USD,AdultWorld,RU,2026-01-04T16:55:14.725988
txn_04756,user_077,78.57,USD,Software Store,IN,2025-12-14T09:55:14.725991
txn_04757,user_346,58.78,USD,Uber,US,2025-11-10T06:55:14.725995
txn_04758,user_246,90.75,USD,TravelHub,IN,2025-10-09T10:55:14.725998
txn_04759,user_229,53.31,USD,McDonalds,IN,2025-12-23T20:55:14.726002
txn_04760,user_315,13.78,USD,Netflix,IN,2026-01-03T20:55:14.726007
txn_04761,user_125,18.44,USD,McDonalds,GB,2025-12-08T14:55:14.726011
txn_04762,user_127,11.31,USD,McDonalds,IN,2025-11-18T12:55:14.726014
txn_04763,user_101,4322.19,USD,Exotic Jewelry,CN,2026-01-04T07:55:14.726018
txn_04764,user_475,40.61,USD,Local Grocery,IN,2026-01-02T10:55:14.726021
txn_04765,user_150,74.28,USD,Netflix,US,2025-12-20T16:55:14.726025
txn_04766,user_136,70.34,USD,Starbucks,US,2025-10-23T17:55:14.726029
txn_04767,user_483,86.07,USD,Starbucks,IN,2026-01-05T07:55:14.726032
txn_04768,user_381,68.71,USD,Electronics Hub,US,2025-12-06T13:55:14.726036
txn_04769,user_172,41.37,USD,Uber,IN,2025-12-28T04:55:14.726039
txn_04770,user_154,76.49,USD,Electronics Hub,IN,2025-11-28T12:55:14.726043
txn_04771,user_498,23.44,USD,Starbucks,IN,2025-11-02T01:55:14.726048
txn_04772,user_009,92.95,USD,Netflix,US,2025-11-29T00:55:14.726052
txn_04773,user_494,12.74,USD,McDonalds,US,2025-12-03T07:55:14.726055
txn_04774,user_282,47.65,USD,TravelHub,GB,2025-12-09T08:55:14.726059
txn_04775,user_073,29.59,USD,Netflix,IN,2025-12-26T15:55:14.726063
txn_04776,user_379,43.61,USD,Amazon,IN,2026-01-03T00:55:14.726068
txn_04777,user_108,49.32,USD,Electronics Hub,US,2025-12-20T18:55:14.726072
txn_04778,user_344,10.46,USD,Starbucks,GB,2025-11-25T22:55:14.726075
txn_04779,user_291,6.29,USD,McDonalds,US,2025-10-27T06:55:14.726079
txn_04780,user_172,84.67,USD,Netflix,US,2025-12-02T23:55:14.726082
txn_04781,user_094,2983.66,USD,LuxuryStore,RU,2026-01-05T09:55:14.726085
txn_04782,user_011,1069.19,USD,Online Gaming Co,RU,2026-01-04T20:55:14.726088
txn_04783,user_283,7.81,USD,Local Grocery,GB,2025-11-05T07:55:14.726092
txn_04784,user_045,64.57,USD,Starbucks,IN,2025-12-16T09:55:14.726095
txn_04785,user_197,67.95,USD,Electronics Hub,US,2025-12-01T09:55:14.726099
txn_04786,user_047,11.05,USD,McDonalds,US,2025-10-26T06:55:14.726103
txn_04787,user_376,37.3,USD,TravelHub,US,2025-12-30T09:55:14.726106
txn_04788,user_405,4753.34,USD,Exotic Jewelry,NG,2026-01-04T06:55:14.726109
txn_04789,user_457,2661.25,USD,QuickLoans,BR,2026-01-04T18:55:14.726113
txn_04790,user_169,80.68,USD,Spotify,US,2025-11-16T09:55:14.726118
txn_04791,user_336,75.06,USD,Software Store,IN,2025-12-20T06:55:14.726121
txn_04792,user_443,65.92,USD,Uber,IN,2025-12-11T07:55:14.726126
txn_04793,user_380,4533.87,USD,Online Gaming Co,CN,2026-01-03T13:55:14.726130
txn_04794,user_351,65.26,USD,TravelHub,IN,2025-11-06T13:55:14.726133
txn_04795,user_018,2875.46,USD,Online Gaming Co,CN,2026-01-04T11:55:14.726137
txn_04796,user_053,4724.89,USD,Exotic Jewelry,CN,2026-01-05T02:55:14.726140
txn_04797,user_312,701.89,USD,LuxuryStore,NG,2026-01-04T22:55:14.726143
txn_04798,user_090,52.33,USD,Starbucks,IN,2025-12-16T06:55:14.726146
txn_04799,user_431,57.56,USD,Software Store,GB,2025-11-30T17:55:14.726150
txn_04800,user_496,5.43,USD,Uber,GB,2025-12-28T09:55:14.726153
txn_04801,user_131,623.18,USD,QuickLoans,BR,2026-01-05T06:55:14.726157
txn_04802,user_290,94.84,USD,Spotify,GB,2025-10-25T07:55:14.726160
txn_04803,user_083,83.48,USD,Software Store,IN,2025-11-17T14:55:14.726164
txn_04804,user_154,33.47,USD,Amazon,US,2025-10-18T03:55:14.726167
txn_04805,user_187,45.24,USD,Software Store,GB,2025-12-23T08:55:14.726170
txn_04806,user_139,3208.4,USD,AdultWorld,CN,2026-01-05T06:55:14.726174
txn_04807,user_326,88.1,USD,Uber,US,2025-10-13T13:55:14.726179
txn_04808,user_326,42.99,USD,TravelHub,IN,2025-10-24T05:55:14.726183
txn_04809,user_412,6.6,USD,TravelHub,IN,2025-11-22T01:55:14.726186
txn_04810,user_032,55.2,USD,Electronics Hub,US,2025-12-20T10:55:14.726191
txn_04811,user_476,12.06,USD,TravelHub,GB,2025-10-11T00:55:14.726195
txn_04812,user_307,59.58,USD,Uber,GB,2025-12-29T10:55:14.726198
txn_04813,user_364,43.94,USD,Local Grocery,IN,2025-12-29T17:55:14.726202
txn_04814,user_366,70.88,USD,Electronics Hub,GB,2025-11-25T18:55:14.726205
txn_04815,user_428,23.93,USD,Electronics Hub,IN,2025-12-30T05:55:14.726209
txn_04816,user_369,1492.74,USD,Exotic Jewelry,CN,2026-01-04T06:55:14.726212
txn_04817,user_331,22.29,USD,Amazon,GB,2025-11-16T13:55:14.726216
txn_04818,user_230,945.75,USD,LuxuryStore,CN,2026-01-04T20:55:14.726219
txn_04819,user_165,80.58,USD,Local Grocery,US,2025-11-02T09:55:14.726222
txn_04820,user_340,6.74,USD,Starbucks,US,2025-12-08T08:55:14.726226
txn_04821,user_146,34.82,USD,Local Grocery,GB,2025-10-08T12:55:14.726230
txn_04822,user_337,3557.79,USD,LuxuryStore,BR,2026-01-04T10:55:14.726233
txn_04823,user_431,11.43,USD,Netflix,IN,2025-12-27T03:55:14.726236
txn_04824,user_356,96.95,USD,Amazon,IN,2026-01-01T01:55:14.726241
txn_04825,user_052,3665.02,USD,LuxuryStore,BR,2026-01-04T10:55:14.726245
txn_04826,user_489,83.62,USD,Spotify,IN,2025-12-02T15:55:14.726248
txn_04827,user_127,35.22,USD,Spotify,GB,2025-10-16T19:55:14.726252
txn_04828,user_115,47.69,USD,Local Grocery,IN,2025-11-10T04:55:14.726257
txn_04829,user_493,78.36,USD,Electronics Hub,IN,2025-12-16T14:55:14.726262
txn_04830,user_205,34.55,USD,Starbucks,IN,2025-12-29T05:55:14.726266
txn_04831,user_110,1413.72,USD,AdultWorld,RU,2026-01-05T02:55:14.726269
txn_04832,user_497,1591.96,USD,Online Gaming Co,NG,2026-01-03T13:55:14.726273
txn_04833,user_272,41.47,USD,Uber,IN,2025-11-26T21:55:14.726277
txn_04834,user_347,40.98,USD,Spotify,IN,2025-12-13T04:55:14.726280
txn_04835,user_318,78.98,USD,Electronics Hub,GB,2025-10-23T04:55:14.726284
txn_04836,user_059,17.97,USD,Starbucks,US,2025-12-20T08:55:14.726287
txn_04837,user_222,1643.44,USD,Exotic Jewelry,NG,2026-01-04T08:55:14.726291
txn_04838,user_209,56.91,USD,Local Grocery,IN,2025-10-10T22:55:14.726294
txn_04839,user_024,98.33,USD,Starbucks,US,2025-10-08T03:55:14.726298
txn_04840,user_307,3548.51,USD,Online Gaming Co,CN,2026-01-05T02:55:14.726301
txn_04841,user_176,4448.32,USD,Exotic Jewelry,BR,2026-01-05T00:55:14.726304
txn_04842,user_381,30.91,USD,Local Grocery,US,2025-11-19T01:55:14.726308
txn_04843,user_267,36.0,USD,Uber,IN,2025-11-16T20:55:14.726312
txn_04844,user_362,22.37,USD,Spotify,US,2025-12-21T15:55:14.726315
txn_04845,user_331,56.62,USD,TravelHub,GB,2025-11-19T11:55:14.726319
txn_04846,user_178,15.99,USD,Software Store,US,2025-12-02T11:55:14.726323
txn_04847,user_047,77.97,USD,McDonalds,IN,2025-11-23T11:55:14.726326
txn_04848,user_334,81.02,USD,McDonalds,US,2025-11-22T07:55:14.726329
txn_04849,user_091,1755.1,USD,AdultWorld,RU,2026-01-04T20:55:14.726338
txn_04850,user_077,14.09,USD,Spotify,GB,2025-11-11T03:55:14.726342
txn_04851,user_471,65.21,USD,Local Grocery,US,2025-11-08T23:55:14.726346
txn_04852,user_306,95.71,USD,Spotify,GB,2025-11-27T22:55:14.726349
txn_04853,user_373,764.86,USD,AdultWorld,NG,2026-01-04T12:55:14.726352
txn_04854,user_024,80.63,USD,McDonalds,GB,2025-11-21T11:55:14.726356
txn_04855,user_279,41.85,USD,Amazon,IN,2025-11-18T10:55:14.726360
txn_04856,user_274,66.93,USD,Software Store,US,2025-11-25T05:55:14.726364
txn_04857,user_387,48.59,USD,Amazon,US,2025-12-13T03:55:14.726368
txn_04858,user_252,2222.2,USD,Online Gaming Co,BR,2026-01-03T09:55:14.726371
txn_04859,user_002,14.44,USD,Uber,US,2025-10-31T07:55:14.726375
txn_04860,user_371,19.0,USD,Spotify,GB,2025-10-27T19:55:14.726379
txn_04861,user_474,65.88,USD,Starbucks,US,2025-10-07T17:55:14.726382
txn_04862,user_495,79.12,USD,Uber,GB,2025-11-07T09:55:14.726386
txn_04863,user_490,21.32,USD,TravelHub,US,2026-01-01T05:55:14.726389
txn_04864,user_306,524.55,USD,Online Gaming Co,NG,2026-01-05T03:55:14.726393
txn_04865,user_115,46.05,USD,Spotify,IN,2025-12-26T16:55:14.726396
txn_04866,user_375,36.7,USD,Uber,GB,2025-11-16T16:55:14.726400
txn_04867,user_332,64.81,USD,Amazon,US,2025-11-12T02:55:14.726403
txn_04868,user_307,89.6,USD,Starbucks,US,2025-12-10T10:55:14.726408
txn_04869,user_170,52.43,USD,Netflix,US,2025-12-27T23:55:14.726412
txn_04870,user_216,4602.79,USD,Online Gaming Co,NG,2026-01-05T04:55:14.726415
txn_04871,user_315,1373.79,USD,Online Gaming Co,BR,2026-01-03T09:55:14.726419
txn_04872,user_107,17.44,USD,Spotify,GB,2025-11-04T16:55:14.726422
txn_04873,user_241,37.59,USD,Software Store,GB,2025-12-16T19:55:14.726426
txn_04874,user_379,16.56,USD,Software Store,US,2025-11-01T17:55:14.726429
txn_04875,user_038,75.11,USD,Netflix,IN,2025-12-06T11:55:14.726433
txn_04876,user_265,94.04,USD,Netflix,IN,2025-12-12T22:55:14.726436
txn_04877,user_370,21.47,USD,Spotify,GB,2025-11-29T08:55:14.726440
txn_04878,user_247,13.65,USD,Local Grocery,GB,2025-12-09T22:55:14.726444
txn_04879,user_039,51.99,USD,Local Grocery,US,2025-12-23T21:55:14.726448
txn_04880,user_199,92.81,USD,Spotify,GB,2025-12-27T16:55:14.726452
txn_04881,user_391,805.68,USD,AdultWorld,BR,2026-01-04T12:55:14.726455
txn_04882,user_172,92.66,USD,Amazon,US,2025-12-12T04:55:14.726458
txn_04883,user_154,10.06,USD,TravelHub,GB,2025-12-02T19:55:14.726462
txn_04884,user_465,3834.55,USD,Exotic Jewelry,RU,2026-01-04T19:55:14.726466
txn_04885,user_341,45.74,USD,McDonalds,IN,2025-11-10T02:55:14.726469
txn_04886,user_073,23.47,USD,Starbucks,US,2025-10-30T10:55:14.726473
txn_04887,user_297,33.76,USD,McDonalds,IN,2025-11-03T16:55:14.726476
txn_04888,user_100,17.57,USD,Amazon,IN,2025-10-14T18:55:14.726483
txn_04889,user_168,28.02,USD,Uber,IN,2025-10-19T19:55:14.726487
txn_04890,user_196,32.2,USD,Netflix,US,2025-12-13T17:55:14.726490
txn_04891,user_213,60.38,USD,McDonalds,GB,2025-11-24T12:55:14.726493
txn_04892,user_009,70.02,USD,TravelHub,US,2025-12-23T07:55:14.726497
txn_04893,user_364,2141.21,USD,LuxuryStore,RU,2026-01-04T00:55:14.726500
txn_04894,user_179,9.45,USD,TravelHub,US,2025-11-24T01:55:14.726504
txn_04895,user_346,2759.58,USD,Exotic Jewelry,CN,2026-01-04T06:55:14.726507
txn_04896,user_288,88.62,USD,Software Store,GB,2025-12-18T02:55:14.726511
txn_04897,user_124,44.96,USD,Spotify,US,2025-10-24T04:55:14.726514
txn_04898,user_389,20.97,USD,Amazon,GB,2025-10-12T19:55:14.726518
txn_04899,user_324,21.41,USD,McDonalds,US,2025-10-25T16:55:14.726521
txn_04900,user_172,9.47,USD,Netflix,US,2025-11-25T15:55:14.726525
txn_04901,user_308,3833.81,USD,Exotic Jewelry,NG,2026-01-04T22:55:14.726528
txn_04902,user_487,10.05,USD,Amazon,US,2025-11-26T15:55:14.726531
txn_04903,user_086,68.6,USD,McDonalds,US,2025-11-16T22:55:14.726535
txn_04904,user_029,2043.74,USD,AdultWorld,RU,2026-01-03T12:55:14.726538
txn_04905,user_009,3817.21,USD,Online Gaming Co,BR,2026-01-04T17:55:14.726541
txn_04906,user_137,11.88,USD,Amazon,GB,2025-10-17T03:55:14.726545
txn_04907,user_117,63.14,USD,Amazon,GB,2025-11-11T12:55:14.726550
txn_04908,user_067,25.85,USD,McDonalds,GB,2025-10-10T04:55:14.726554
txn_04909,user_001,64.41,USD,Spotify,GB,2025-12-30T17:55:14.726558
txn_04910,user_004,54.25,USD,Local Grocery,IN,2025-12-31T09:55:14.726561
txn_04911,user_009,63.99,USD,Uber,IN,2025-10-12T15:55:14.726570
txn_04912,user_035,28.63,USD,Spotify,GB,2025-12-27T00:55:14.726575
txn_04913,user_018,39.85,USD,Starbucks,US,2025-11-12T20:55:14.726578
txn_04914,user_222,20.8,USD,Starbucks,US,2025-10-18T06:55:14.726582
txn_04915,user_375,34.06,USD,Spotify,IN,2025-12-20T23:55:14.726586
txn_04916,user_460,67.7,USD,Netflix,US,2025-11-10T00:55:14.726589
txn_04917,user_070,47.96,USD,TravelHub,IN,2025-11-10T08:55:14.726592
txn_04918,user_459,80.15,USD,Electronics Hub,GB,2025-12-09T15:55:14.726596
txn_04919,user_432,93.07,USD,Netflix,GB,2025-11-09T06:55:14.726599
txn_04920,user_170,33.64,USD,Amazon,IN,2025-12-04T03:55:14.726605
txn_04921,user_168,78.43,USD,Uber,US,2025-12-08T15:55:14.726608
txn_04922,user_119,6.98,USD,Netflix,IN,2025-12-13T08:55:14.726612
txn_04923,user_125,62.83,USD,Starbucks,US,2025-12-25T07:55:14.726615
txn_04924,user_273,73.89,USD,Amazon,IN,2025-12-08T01:55:14.726619
txn_04925,user_200,95.61,USD,McDonalds,IN,2025-12-10T04:55:14.726622
txn_04926,user_327,68.58,USD,Electronics Hub,GB,2025-10-17T09:55:14.726626
txn_04927,user_440,21.35,USD,Electronics Hub,GB,2025-12-28T05:55:14.726631
txn_04928,user_307,79.84,USD,Amazon,IN,2025-10-21T07:55:14.726634
txn_04929,user_449,87.91,USD,Electronics Hub,US,2025-11-25T20:55:14.726639
txn_04930,user_465,66.52,USD,McDonalds,US,2025-10-21T05:55:14.726643
txn_04931,user_044,99.87,USD,Local Grocery,US,2025-10-28T22:55:14.726647
txn_04932,user_061,59.31,USD,Software Store,IN,2025-12-15T03:55:14.726650
txn_04933,user_260,84.29,USD,Amazon,US,2025-12-14T22:55:14.726655
txn_04934,user_491,69.36,USD,Local Grocery,US,2025-11-02T18:55:14.726659
txn_04935,user_485,56.99,USD,Spotify,US,2025-12-22T05:55:14.726663
txn_04936,user_237,15.52,USD,Electronics Hub,IN,2025-12-10T05:55:14.726666
txn_04937,user_492,90.17,USD,Uber,US,2025-10-25T03:55:14.726670
txn_04938,user_138,99.41,USD,Software Store,US,2025-12-31T23:55:14.726673
txn_04939,user_082,30.64,USD,Netflix,IN,2025-11-13T03:55:14.726677
txn_04940,user_142,21.19,USD,McDonalds,US,2025-10-08T05:55:14.726680
txn_04941,user_234,52.16,USD,Uber,US,2025-12-16T17:55:14.726684
txn_04942,user_427,36.17,USD,Software Store,IN,2025-12-13T21:55:14.726687
txn_04943,user_057,19.05,USD,Local Grocery,IN,2025-11-02T09:55:14.726691
txn_04944,user_231,89.51,USD,Uber,GB,2025-11-28T11:55:14.726695
txn_04945,user_275,33.67,USD,McDonalds,US,2025-11-01T15:55:14.726698
txn_04946,user_407,82.69,USD,TravelHub,US,2025-12-29T14:55:14.726704
txn_04947,user_137,45.73,USD,McDonalds,IN,2025-10-15T08:55:14.726707
txn_04948,user_405,74.46,USD,TravelHub,US,2025-11-02T08:55:14.726711
txn_04949,user_449,3689.03,USD,LuxuryStore,CN,2026-01-04T00:55:14.726715
txn_04950,user_003,85.6,USD,Amazon,GB,2025-10-27T11:55:14.726718
txn_04951,user_369,78.61,USD,Netflix,US,2025-11-19T03:55:14.726722
txn_04952,user_333,41.72,USD,McDonalds,GB,2025-12-04T06:55:14.726727
txn_04953,user_163,49.64,USD,Software Store,IN,2025-12-26T22:55:14.726731
txn_04954,user_153,22.16,USD,Electronics Hub,US,2025-10-29T19:55:14.726735
txn_04955,user_195,67.19,USD,Electronics Hub,IN,2025-12-11T22:55:14.726738
txn_04956,user_382,60.21,USD,McDonalds,GB,2025-10-17T01:55:14.726742
txn_04957,user_181,66.66,USD,Software Store,US,2025-12-22T15:55:14.726746
txn_04958,user_251,81.43,USD,Electronics Hub,US,2025-10-16T19:55:14.726749
txn_04959,user_096,3675.47,USD,AdultWorld,RU,2026-01-05T09:55:14.726753
txn_04960,user_405,34.05,USD,Electronics Hub,GB,2025-10-30T07:55:14.726757
txn_04961,user_448,24.5,USD,Electronics Hub,IN,2026-01-03T10:55:14.726760
txn_04962,user_007,77.31,USD,Uber,US,2025-11-02T02:55:14.726764
txn_04963,user_114,92.12,USD,Spotify,US,2025-11-01T01:55:14.726768
txn_04964,user_346,76.23,USD,Uber,US,2025-12-19T00:55:14.726772
txn_04965,user_261,10.73,USD,Software Store,IN,2025-11-08T16:55:14.726776
txn_04966,user_318,49.35,USD,Local Grocery,IN,2025-11-04T19:55:14.726781
txn_04967,user_144,1828.71,USD,QuickLoans,RU,2026-01-03T16:55:14.726784
txn_04968,user_373,62.83,USD,Uber,US,2025-10-19T00:55:14.726788
txn_04969,user_097,32.3,USD,Starbucks,IN,2025-12-13T09:55:14.726792
txn_04970,user_144,42.18,USD,Electronics Hub,IN,2025-10-28T09:55:14.726795
txn_04971,user_439,70.63,USD,Netflix,IN,2025-12-26T13:55:14.726799
txn_04972,user_388,15.83,USD,Netflix,IN,2025-12-30T08:55:14.726803
txn_04973,user_415,48.12,USD,Netflix,GB,2025-10-08T03:55:14.726806
txn_04974,user_068,98.38,USD,Local Grocery,IN,2025-10-07T01:55:14.726810
txn_04975,user_036,4575.09,USD,LuxuryStore,NG,2026-01-04T12:55:14.726813
txn_04976,user_415,54.15,USD,Netflix,US,2025-11-26T14:55:14.726817
txn_04977,user_108,1489.27,USD,LuxuryStore,CN,2026-01-03T09:55:14.726820
txn_04978,user_072,48.41,USD,McDonalds,IN,2025-11-23T05:55:14.726824
txn_04979,user_351,3564.14,USD,Exotic Jewelry,RU,2026-01-03T13:55:14.726827
txn_04980,user_272,84.21,USD,Software Store,IN,2025-11-15T21:55:14.726832
txn_04981,user_202,29.9,USD,TravelHub,GB,2025-11-09T22:55:14.726836
txn_04982,user_163,22.45,USD,Starbucks,GB,2025-12-02T12:55:14.726839
txn_04983,user_185,27.13,USD,Spotify,US,2025-11-24T23:55:14.726846
txn_04984,user_086,71.15,USD,Starbucks,US,2025-10-21T07:55:14.726849
txn_04985,user_427,4657.07,USD,LuxuryStore,BR,2026-01-03T17:55:14.726854
txn_04986,user_492,36.85,USD,Electronics Hub,US,2025-10-24T12:55:14.726858
txn_04987,user_039,95.73,USD,Electronics Hub,IN,2025-11-13T08:55:14.726861
txn_04988,user_003,72.56,USD,Local Grocery,IN,2025-10-12T22:55:14.726865
txn_04989,user_220,33.79,USD,Electronics Hub,US,2025-12-25T03:55:14.726869
txn_04990,user_469,97.53,USD,Amazon,US,2025-12-11T11:55:14.726872
txn_04991,user_415,68.6,USD,Netflix,GB,2025-10-07T06:55:14.726876
txn_04992,user_127,3958.06,USD,QuickLoans,CN,2026-01-04T18:55:14.726880
txn_04993,user_097,94.29,USD,Uber,GB,2025-10-19T02:55:14.726883
txn_04994,user_037,83.31,USD,Netflix,US,2025-12-06T03:55:14.726887
txn_04995,user_118,74.93,USD,Amazon,US,2025-11-18T21:55:14.726891
txn_04996,user_176,45.93,USD,Uber,GB,2025-10-24T13:55:14.726894
txn_04997,user_073,22.76,USD,Starbucks,GB,2025-11-18T12:55:14.726898
txn_04998,user_372,5.95,USD,Software Store,US,2025-12-15T17:55:14.726901
txn_04999,user_375,4422.88,USD,Exotic Jewelry,BR,2026-01-04T17:55:14.726905
txn_05000,user_088,9.51,USD,McDonalds,US,2025-12-16T04:55:14.726909
txn_05001,user_455,32.27,USD,McDonalds,US,2025-11-14T09:55:14.726912
txn_05002,user_360,87.92,USD,Uber,GB,2025-12-04T23:55:14.726916
txn_05003,user_467,50.35,USD,Local Grocery,US,2025-12-18T19:55:14.726919
txn_05004,user_288,2718.77,USD,Exotic Jewelry,BR,2026-01-03T16:55:14.726923
txn_05005,user_103,68.17,USD,Spotify,IN,2025-12-14T22:55:14.726928
txn_05006,user_458,55.82,USD,Electronics Hub,US,2025-12-25T16:55:14.726932
txn_05007,user_330,61.54,USD,Netflix,GB,2025-12-09T09:55:14.726935
txn_05008,user_097,38.07,USD,TravelHub,US,2025-12-02T05:55:14.726939
txn_05009,user_258,62.05,USD,McDonalds,GB,2025-12-27T13:55:14.726943
txn_05010,user_379,15.71,USD,Software Store,IN,2025-10-07T09:55:14.726946
txn_05011,user_392,28.37,USD,Software Store,IN,2025-11-16T12:55:14.726950
txn_05012,user_024,76.93,USD,McDonalds,US,2025-11-04T09:55:14.726954
txn_05013,user_393,65.97,USD,Uber,IN,2025-12-16T20:55:14.726957
txn_05014,user_320,24.01,USD,Software Store,US,2025-10-23T08:55:14.726961
txn_05015,user_408,4211.16,USD,AdultWorld,RU,2026-01-05T05:55:14.726965
txn_05016,user_226,85.15,USD,Software Store,GB,2025-12-24T07:55:14.726969
txn_05017,user_468,76.26,USD,Amazon,GB,2025-11-06T14:55:14.726973
txn_05018,user_201,93.7,USD,Starbucks,GB,2025-12-01T20:55:14.726976
txn_05019,user_044,4707.32,USD,Exotic Jewelry,BR,2026-01-03T22:55:14.726980
txn_05020,user_090,42.32,USD,Local Grocery,IN,2025-11-12T11:55:14.726983
txn_05021,user_177,14.11,USD,Software Store,IN,2025-10-21T18:55:14.726987
txn_05022,user_243,24.44,USD,Starbucks,IN,2025-11-05T10:55:14.726991
txn_05023,user_201,25.77,USD,Starbucks,IN,2025-12-08T18:55:14.726994
txn_05024,user_313,33.91,USD,TravelHub,IN,2025-10-31T22:55:14.727000
txn_05025,user_278,34.66,USD,Spotify,IN,2025-10-27T18:55:14.727004
txn_05026,user_055,92.04,USD,Spotify,IN,2025-11-18T15:55:14.727008
txn_05027,user_345,81.52,USD,Spotify,US,2025-11-26T23:55:14.727011
txn_05028,user_394,96.1,USD,McDonalds,GB,2025-11-08T07:55:14.727015
txn_05029,user_023,26.81,USD,Electronics Hub,IN,2025-10-29T05:55:14.727019
txn_05030,user_135,65.5,USD,Starbucks,US,2025-11-19T02:55:14.727024
txn_05031,user_070,9.53,USD,Electronics Hub,GB,2025-11-23T17:55:14.727027
txn_05032,user_028,3894.43,USD,Exotic Jewelry,RU,2026-01-04T07:55:14.727031
txn_05033,user_037,78.29,USD,Starbucks,GB,2025-10-24T06:55:14.727038
txn_05034,user_294,71.59,USD,Netflix,GB,2025-12-31T04:55:14.727042
txn_05035,user_494,75.39,USD,Software Store,GB,2025-12-20T18:55:14.727045
txn_05036,user_220,50.39,USD,Amazon,IN,2025-12-24T00:55:14.727049
txn_05037,user_336,6.93,USD,Starbucks,GB,2025-12-17T17:55:14.727052
txn_05038,user_295,35.94,USD,Uber,US,2025-12-26T02:55:14.727056
txn_05039,user_483,74.54,USD,Software Store,GB,2025-10-24T06:55:14.727060
txn_05040,user_495,66.8,USD,McDonalds,IN,2025-12-25T10:55:14.727063
txn_05041,user_446,1103.99,USD,QuickLoans,BR,2026-01-04T09:55:14.727066
txn_05042,user_197,89.87,USD,Spotify,IN,2025-12-01T21:55:14.727070
txn_05043,user_243,38.87,USD,Amazon,US,2025-11-15T05:55:14.727074
txn_05044,user_462,61.16,USD,Local Grocery,IN,2025-12-03T02:55:14.727079
txn_05045,user_394,84.03,USD,Spotify,GB,2025-12-20T21:55:14.727082
txn_05046,user_078,58.76,USD,Electronics Hub,GB,2025-10-29T10:55:14.727086
txn_05047,user_298,39.59,USD,Software Store,IN,2025-10-09T17:55:14.727091
txn_05048,user_242,42.98,USD,McDonalds,GB,2025-12-26T15:55:14.727095
txn_05049,user_044,13.24,USD,Spotify,GB,2025-11-26T13:55:14.727098
txn_05050,user_392,83.59,USD,Uber,GB,2025-12-18T23:55:14.727102
txn_05051,user_300,4903.75,USD,QuickLoans,CN,2026-01-05T07:55:14.727105
txn_05052,user_067,95.13,USD,Starbucks,GB,2025-10-12T10:55:14.727109
txn_05053,user_066,66.03,USD,McDonalds,IN,2025-12-18T09:55:14.727112
txn_05054,user_101,32.26,USD,Local Grocery,IN,2025-10-27T23:55:14.727116
txn_05055,user_094,63.09,USD,Local Grocery,GB,2025-10-11T06:55:14.727120
txn_05056,user_066,11.83,USD,TravelHub,IN,2025-11-11T19:55:14.727123
txn_05057,user_142,30.45,USD,Local Grocery,GB,2026-01-01T09:55:14.727127
txn_05058,user_118,43.6,USD,McDonalds,US,2025-11-28T04:55:14.727130
txn_05059,user_305,2899.89,USD,Exotic Jewelry,RU,2026-01-04T00:55:14.727133
txn_05060,user_312,53.51,USD,Netflix,GB,2025-12-15T10:55:14.727137
txn_05061,user_399,43.37,USD,TravelHub,GB,2025-12-01T04:55:14.727142
txn_05062,user_161,72.47,USD,Uber,IN,2025-10-24T18:55:14.727145
txn_05063,user_189,4548.78,USD,QuickLoans,BR,2026-01-03T10:55:14.727150
txn_05064,user_126,60.24,USD,Netflix,GB,2025-10-13T12:55:14.727154
txn_05065,user_388,91.06,USD,Starbucks,US,2025-12-05T12:55:14.727157
txn_05066,user_458,56.52,USD,Electronics Hub,IN,2025-12-19T10:55:14.727161
txn_05067,user_081,51.15,USD,Netflix,IN,2025-10-16T19:55:14.727165
txn_05068,user_375,2669.86,USD,AdultWorld,CN,2026-01-03T12:55:14.727168
txn_05069,user_246,43.82,USD,McDonalds,US,2025-12-15T23:55:14.727171
txn_05070,user_321,77.77,USD,McDonalds,GB,2025-12-21T17:55:14.727175
txn_05071,user_148,78.22,USD,Uber,US,2026-01-05T02:55:14.727178
txn_05072,user_370,36.93,USD,Amazon,IN,2025-11-12T06:55:14.727182
txn_05073,user_114,14.31,USD,Starbucks,GB,2025-10-30T03:55:14.727185
txn_05074,user_413,4342.2,USD,LuxuryStore,NG,2026-01-03T14:55:14.727189
txn_05075,user_115,10.13,USD,Software Store,US,2025-12-21T19:55:14.727192
txn_05076,user_419,95.59,USD,Amazon,GB,2025-12-14T13:55:14.727196
txn_05077,user_124,35.69,USD,Software Store,GB,2025-12-02T10:55:14.727199
txn_05078,user_006,3798.3,USD,Online Gaming Co,NG,2026-01-03T09:55:14.727202
txn_05079,user_468,75.63,USD,Spotify,US,2025-12-03T19:55:14.727207
txn_05080,user_068,12.82,USD,TravelHub,IN,2025-11-17T06:55:14.727211
txn_05081,user_383,68.11,USD,Amazon,US,2025-10-06T18:55:14.727215
txn_05082,user_411,90.69,USD,Software Store,IN,2025-12-10T07:55:14.727219
txn_05083,user_153,4707.11,USD,LuxuryStore,NG,2026-01-04T23:55:14.727224
txn_05084,user_455,56.95,USD,Local Grocery,GB,2025-11-11T04:55:14.727228
txn_05085,user_196,52.76,USD,Amazon,US,2025-12-03T01:55:14.727231
txn_05086,user_239,93.11,USD,McDonalds,IN,2025-12-19T08:55:14.727235
txn_05087,user_352,4803.97,USD,LuxuryStore,BR,2026-01-03T09:55:14.727238
txn_05088,user_255,35.77,USD,Uber,GB,2025-11-26T08:55:14.727242
txn_05089,user_269,74.81,USD,Netflix,US,2025-10-18T10:55:14.727246
txn_05090,user_146,71.71,USD,Uber,GB,2025-10-11T03:55:14.727249
txn_05091,user_099,68.94,USD,Netflix,IN,2025-10-13T19:55:14.727252
txn_05092,user_351,38.29,USD,Amazon,US,2025-11-17T11:55:14.727256
txn_05093,user_217,76.27,USD,Local Grocery,US,2025-11-16T06:55:14.727260
txn_05094,user_387,4100.39,USD,Exotic Jewelry,RU,2026-01-04T22:55:14.727263
txn_05095,user_201,59.45,USD,Amazon,GB,2025-11-21T17:55:14.727267
txn_05096,user_243,80.07,USD,Software Store,US,2025-11-27T19:55:14.727270
txn_05097,user_322,32.12,USD,Starbucks,US,2025-12-12T21:55:14.727274
txn_05098,user_081,99.02,USD,Local Grocery,GB,2025-10-25T07:55:14.727277
txn_05099,user_162,89.33,USD,Software Store,IN,2025-11-26T00:55:14.727281
txn_05100,user_389,20.4,USD,McDonalds,GB,2025-12-08T00:55:14.727284
txn_05101,user_262,38.74,USD,Spotify,IN,2025-12-26T03:55:14.727287
txn_05102,user_117,42.75,USD,Netflix,GB,2025-10-12T06:55:14.727293
txn_05103,user_012,73.77,USD,Spotify,GB,2025-11-03T07:55:14.727297
txn_05104,user_039,7.88,USD,Uber,US,2025-11-07T20:55:14.727300
txn_05105,user_411,41.59,USD,Uber,GB,2025-11-27T16:55:14.727303
txn_05106,user_046,95.64,USD,Electronics Hub,US,2025-11-18T04:55:14.727307
txn_05107,user_047,64.49,USD,Netflix,IN,2025-12-23T13:55:14.727310
txn_05108,user_309,26.65,USD,Amazon,GB,2025-11-17T19:55:14.727314
txn_05109,user_499,57.1,USD,Local Grocery,GB,2025-11-01T15:55:14.727317
txn_05110,user_090,1088.99,USD,QuickLoans,NG,2026-01-03T18:55:14.727321
txn_05111,user_069,541.68,USD,Exotic Jewelry,BR,2026-01-03T12:55:14.727325
txn_05112,user_048,11.64,USD,McDonalds,US,2025-10-13T07:55:14.727329
txn_05113,user_002,91.11,USD,TravelHub,IN,2025-10-31T21:55:14.727333
txn_05114,user_079,3863.43,USD,QuickLoans,RU,2026-01-05T07:55:14.727336
txn_05115,user_303,68.85,USD,TravelHub,IN,2025-12-29T09:55:14.727340
txn_05116,user_015,86.98,USD,Amazon,IN,2026-01-01T02:55:14.727343
txn_05117,user_461,2992.76,USD,QuickLoans,NG,2026-01-05T01:55:14.727347
txn_05118,user_116,43.24,USD,Local Grocery,US,2026-01-01T03:55:14.727350
txn_05119,user_144,50.93,USD,Uber,GB,2025-11-29T02:55:14.727354
txn_05120,user_027,82.7,USD,Software Store,GB,2025-11-08T19:55:14.727357
txn_05121,user_462,43.12,USD,Uber,IN,2025-10-25T19:55:14.727361
txn_05122,user_150,20.3,USD,Software Store,US,2025-10-17T16:55:14.727367
txn_05123,user_409,25.45,USD,Netflix,GB,2025-10-27T04:55:14.727371
txn_05124,user_457,32.18,USD,Electronics Hub,US,2025-10-22T22:55:14.727374
txn_05125,user_325,2927.2,USD,QuickLoans,CN,2026-01-03T22:55:14.727377
txn_05126,user_484,4518.76,USD,Exotic Jewelry,NG,2026-01-05T04:55:14.727381
txn_05127,user_465,98.79,USD,Netflix,IN,2025-12-30T20:55:14.727384
txn_05128,user_089,4946.46,USD,AdultWorld,RU,2026-01-04T10:55:14.727388
txn_05129,user_448,84.02,USD,McDonalds,GB,2025-10-31T10:55:14.727392
txn_05130,user_109,30.46,USD,Amazon,GB,2025-10-19T06:55:14.727396
txn_05131,user_279,41.97,USD,Electronics Hub,IN,2025-12-20T05:55:14.727399
txn_05132,user_152,26.75,USD,Amazon,US,2025-11-20T19:55:14.727403
txn_05133,user_195,760.12,USD,AdultWorld,CN,2026-01-04T06:55:14.727406
txn_05134,user_116,76.22,USD,TravelHub,GB,2025-10-18T21:55:14.727411
txn_05135,user_414,24.84,USD,Software Store,IN,2025-12-19T23:55:14.727415
txn_05136,user_087,47.57,USD,Software Store,GB,2025-10-13T21:55:14.727419
txn_05137,user_337,54.76,USD,Amazon,US,2025-11-19T06:55:14.727423
txn_05138,user_092,9.35,USD,McDonalds,US,2025-11-12T02:55:14.727426
txn_05139,user_423,42.14,USD,Amazon,GB,2025-10-29T22:55:14.727430
txn_05140,user_089,26.03,USD,Uber,US,2025-12-10T05:55:14.727434
txn_05141,user_396,73.76,USD,Spotify,IN,2025-11-03T01:55:14.727439
txn_05142,user_043,3652.34,USD,Exotic Jewelry,RU,2026-01-05T01:55:14.727442
txn_05143,user_005,3185.58,USD,QuickLoans,RU,2026-01-05T02:55:14.727447
txn_05144,user_281,56.96,USD,Netflix,GB,2026-01-02T13:55:14.727451
txn_05145,user_408,37.14,USD,Starbucks,GB,2025-10-15T00:55:14.727455
txn_05146,user_164,65.01,USD,Starbucks,US,2025-10-22T01:55:14.727459
txn_05147,user_010,79.83,USD,TravelHub,US,2025-12-15T13:55:14.727462
txn_05148,user_059,89.82,USD,Software Store,US,2025-12-01T15:55:14.727466
txn_05149,user_484,18.7,USD,Amazon,US,2025-11-16T09:55:14.727470
txn_05150,user_267,81.28,USD,Local Grocery,US,2025-11-05T17:55:14.727474
txn_05151,user_403,18.69,USD,Netflix,IN,2026-01-03T20:55:14.727478
txn_05152,user_041,95.87,USD,Amazon,GB,2025-11-04T00:55:14.727481
txn_05153,user_012,4475.06,USD,Online Gaming Co,CN,2026-01-04T06:55:14.727484
txn_05154,user_211,55.07,USD,Local Grocery,US,2025-10-24T07:55:14.727488
txn_05155,user_054,71.17,USD,Electronics Hub,GB,2025-12-29T02:55:14.727491
txn_05156,user_370,71.54,USD,TravelHub,IN,2025-12-15T12:55:14.727495
txn_05157,user_109,15.95,USD,Amazon,US,2025-11-16T02:55:14.727498
txn_05158,user_097,3046.83,USD,LuxuryStore,NG,2026-01-04T20:55:14.727502
txn_05159,user_416,62.34,USD,Spotify,US,2025-10-31T08:55:14.727505
txn_05160,user_420,82.71,USD,Spotify,IN,2025-11-04T00:55:14.727509
txn_05161,user_484,1804.84,USD,LuxuryStore,CN,2026-01-05T09:55:14.727514
txn_05162,user_170,27.61,USD,Amazon,GB,2025-12-22T10:55:14.727518
txn_05163,user_019,14.57,USD,McDonalds,US,2025-12-08T18:55:14.727521
txn_05164,user_369,50.02,USD,Amazon,GB,2025-12-22T00:55:14.727525
txn_05165,user_178,51.14,USD,Electronics Hub,US,2025-10-19T23:55:14.727529
txn_05166,user_397,75.07,USD,McDonalds,GB,2025-12-06T04:55:14.727532
txn_05167,user_072,33.92,USD,Spotify,US,2025-10-11T20:55:14.727536
txn_05168,user_362,43.6,USD,Local Grocery,GB,2025-10-15T06:55:14.727540
txn_05169,user_268,75.99,USD,Spotify,US,2025-12-15T13:55:14.727543
txn_05170,user_489,62.08,USD,Spotify,GB,2025-12-31T22:55:14.727547
txn_05171,user_097,34.67,USD,Local Grocery,US,2025-12-29T07:55:14.727550
txn_05172,user_442,3048.93,USD,AdultWorld,NG,2026-01-04T11:55:14.727553
txn_05173,user_445,84.57,USD,Amazon,GB,2025-10-08T17:55:14.727557
txn_05174,user_329,22.94,USD,Software Store,GB,2025-11-06T03:55:14.727561
txn_05175,user_361,3965.19,USD,Exotic Jewelry,NG,2026-01-04T17:55:14.727569
txn_05176,user_138,89.67,USD,Amazon,US,2025-12-04T11:55:14.727573
txn_05177,user_493,2318.73,USD,LuxuryStore,NG,2026-01-05T05:55:14.727577
txn_05178,user_496,25.97,USD,Starbucks,GB,2025-11-18T03:55:14.727581
txn_05179,user_352,17.37,USD,Local Grocery,IN,2025-10-22T08:55:14.727584
txn_05180,user_190,9.99,USD,Electronics Hub,IN,2025-10-09T23:55:14.727590
txn_05181,user_072,79.8,USD,Amazon,GB,2025-12-06T19:55:14.727594
txn_05182,user_176,32.0,USD,Electronics Hub,IN,2025-11-06T07:55:14.727598
txn_05183,user_379,77.0,USD,Amazon,GB,2025-12-13T11:55:14.727602
txn_05184,user_465,57.36,USD,Uber,IN,2025-12-19T11:55:14.727607
txn_05185,user_161,2652.24,USD,QuickLoans,CN,2026-01-04T12:55:14.727611
txn_05186,user_451,34.22,USD,Software Store,GB,2025-12-12T06:55:14.727614
txn_05187,user_067,91.11,USD,Local Grocery,IN,2025-10-15T23:55:14.727618
txn_05188,user_221,14.38,USD,Electronics Hub,US,2025-11-21T01:55:14.727622
txn_05189,user_401,1898.27,USD,LuxuryStore,BR,2026-01-03T18:55:14.727626
txn_05190,user_016,6.63,USD,McDonalds,GB,2025-12-10T02:55:14.727630
txn_05191,user_450,36.22,USD,Software Store,IN,2025-12-30T01:55:14.727634
txn_05192,user_010,50.8,USD,Amazon,IN,2025-10-21T12:55:14.727637
txn_05193,user_405,1304.63,USD,AdultWorld,RU,2026-01-05T02:55:14.727641
txn_05194,user_317,49.68,USD,Local Grocery,IN,2025-10-21T22:55:14.727644
txn_05195,user_081,97.07,USD,McDonalds,GB,2025-10-26T08:55:14.727648
txn_05196,user_371,80.58,USD,Netflix,GB,2025-10-31T01:55:14.727651
txn_05197,user_481,75.84,USD,Uber,GB,2025-10-31T18:55:14.727655
txn_05198,user_429,65.85,USD,Spotify,US,2025-10-19T23:55:14.727659
txn_05199,user_437,20.28,USD,Spotify,GB,2025-11-15T05:55:14.727662
txn_05200,user_370,3131.95,USD,AdultWorld,CN,2026-01-05T06:55:14.727667
txn_05201,user_019,72.39,USD,Spotify,GB,2025-11-25T18:55:14.727671
txn_05202,user_468,78.21,USD,Netflix,GB,2025-11-05T09:55:14.727675
txn_05203,user_255,85.59,USD,Local Grocery,GB,2025-10-21T18:55:14.727678
txn_05204,user_130,23.65,USD,McDonalds,IN,2025-11-21T00:55:14.727682
txn_05205,user_101,1668.53,USD,QuickLoans,BR,2026-01-05T07:55:14.727685
txn_05206,user_150,81.97,USD,Spotify,GB,2025-11-13T07:55:14.727689
txn_05207,user_096,25.89,USD,Amazon,GB,2025-11-04T12:55:14.727694
txn_05208,user_386,1502.6,USD,QuickLoans,RU,2026-01-04T22:55:14.727698
txn_05209,user_254,56.26,USD,Starbucks,GB,2025-11-04T18:55:14.727701
txn_05210,user_178,73.94,USD,Spotify,US,2025-10-20T16:55:14.727705
txn_05211,user_350,46.91,USD,Starbucks,GB,2025-12-23T09:55:14.727708
txn_05212,user_195,19.75,USD,TravelHub,US,2025-11-04T17:55:14.727712
txn_05213,user_014,84.43,USD,Local Grocery,IN,2025-12-17T03:55:14.727715
txn_05214,user_165,49.97,USD,Electronics Hub,IN,2025-12-17T10:55:14.727719
txn_05215,user_404,90.09,USD,McDonalds,GB,2025-12-05T03:55:14.727722
txn_05216,user_186,47.52,USD,TravelHub,GB,2025-11-07T01:55:14.727726
txn_05217,user_398,56.35,USD,Amazon,GB,2025-10-10T01:55:14.727730
txn_05218,user_094,3322.77,USD,Exotic Jewelry,RU,2026-01-03T23:55:14.727733
txn_05219,user_252,1593.77,USD,Exotic Jewelry,BR,2026-01-05T05:55:14.727738
txn_05220,user_003,12.07,USD,Electronics Hub,GB,2025-12-28T00:55:14.727741
txn_05221,user_438,15.67,USD,Software Store,GB,2025-11-12T00:55:14.727745
txn_05222,user_079,23.55,USD,Software Store,GB,2025-11-26T11:55:14.727749
txn_05223,user_294,76.83,USD,McDonalds,US,2025-11-17T20:55:14.727752
txn_05224,user_044,29.89,USD,Software Store,IN,2025-10-06T12:55:14.727756
txn_05225,user_294,61.98,USD,Starbucks,US,2025-12-29T18:55:14.727760
txn_05226,user_467,33.79,USD,Software Store,US,2025-10-24T12:55:14.727763
txn_05227,user_414,76.33,USD,Spotify,GB,2025-11-01T06:55:14.727767
txn_05228,user_297,48.32,USD,McDonalds,US,2025-11-28T08:55:14.727771
txn_05229,user_301,2976.11,USD,QuickLoans,CN,2026-01-04T02:55:14.727774
txn_05230,user_402,1811.86,USD,QuickLoans,NG,2026-01-04T09:55:14.727779
txn_05231,user_116,55.68,USD,Electronics Hub,GB,2025-10-21T09:55:14.727783
txn_05232,user_271,2415.58,USD,Exotic Jewelry,BR,2026-01-03T11:55:14.727786
txn_05233,user_116,99.81,USD,TravelHub,US,2025-12-17T20:55:14.727789
txn_05234,user_150,15.72,USD,Amazon,US,2025-10-26T19:55:14.727793
txn_05235,user_410,86.9,USD,Uber,GB,2025-12-13T02:55:14.727797
txn_05236,user_165,44.72,USD,Spotify,US,2025-12-27T06:55:14.727802
txn_05237,user_407,48.85,USD,Uber,IN,2025-12-29T00:55:14.727806
txn_05238,user_066,3611.81,USD,Online Gaming Co,BR,2026-01-03T12:55:14.727812
txn_05239,user_056,4158.66,USD,QuickLoans,NG,2026-01-04T11:55:14.727816
txn_05240,user_013,81.67,USD,Spotify,GB,2025-10-11T13:55:14.727820
txn_05241,user_484,2451.78,USD,QuickLoans,RU,2026-01-03T21:55:14.727823
txn_05242,user_254,74.36,USD,Uber,GB,2025-10-13T14:55:14.727827
txn_05243,user_499,16.95,USD,Software Store,GB,2025-12-27T13:55:14.727831
txn_05244,user_348,78.45,USD,Netflix,US,2025-10-30T18:55:14.727835
txn_05245,user_096,54.95,USD,Electronics Hub,GB,2025-10-31T00:55:14.727838
txn_05246,user_439,88.89,USD,Software Store,IN,2025-12-18T23:55:14.727842
txn_05247,user_425,89.75,USD,Electronics Hub,IN,2025-12-27T19:55:14.727846
txn_05248,user_344,89.28,USD,McDonalds,US,2025-12-14T05:55:14.727849
txn_05249,user_399,78.63,USD,Spotify,GB,2025-10-19T12:55:14.727853
txn_05250,user_330,79.2,USD,Local Grocery,US,2025-12-01T19:55:14.727857
txn_05251,user_434,29.55,USD,Starbucks,IN,2025-11-17T18:55:14.727860
txn_05252,user_341,45.08,USD,Electronics Hub,IN,2025-10-20T12:55:14.727864
txn_05253,user_040,5.78,USD,McDonalds,US,2025-10-23T16:55:14.727868
txn_05254,user_145,12.67,USD,Local Grocery,IN,2025-12-18T11:55:14.727871
txn_05255,user_352,74.26,USD,McDonalds,US,2025-11-20T07:55:14.727875
txn_05256,user_085,73.31,USD,Uber,IN,2025-11-21T07:55:14.727878
txn_05257,user_144,34.69,USD,Amazon,GB,2025-10-31T09:55:14.727882
txn_05258,user_171,29.69,USD,Software Store,IN,2025-11-18T13:55:14.727887
txn_05259,user_280,54.25,USD,Netflix,IN,2025-10-18T09:55:14.727891
txn_05260,user_089,75.69,USD,McDonalds,IN,2025-11-28T06:55:14.727895
txn_05261,user_286,53.96,USD,Netflix,GB,2026-01-05T07:55:14.727899
txn_05262,user_058,76.31,USD,Software Store,IN,2025-12-27T00:55:14.727902
txn_05263,user_344,2558.47,USD,Online Gaming Co,NG,2026-01-03T23:55:14.727906
txn_05264,user_217,74.55,USD,TravelHub,GB,2025-12-11T20:55:14.727909
txn_05265,user_102,80.34,USD,TravelHub,GB,2025-11-22T02:55:14.727913
txn_05266,user_369,34.5,USD,Amazon,IN,2025-10-17T23:55:14.727917
txn_05267,user_107,76.1,USD,Software Store,US,2025-11-07T18:55:14.727920
txn_05268,user_160,3106.55,USD,LuxuryStore,RU,2026-01-03T20:55:14.727924
txn_05269,user_027,88.28,USD,Amazon,GB,2025-12-16T12:55:14.727928
txn_05270,user_177,55.95,USD,McDonalds,US,2025-11-27T08:55:14.727933
txn_05271,user_414,87.97,USD,Netflix,US,2025-12-05T04:55:14.727936
txn_05272,user_013,2348.54,USD,Exotic Jewelry,BR,2026-01-03T23:55:14.727940
txn_05273,user_157,33.9,USD,TravelHub,GB,2025-11-01T02:55:14.727943
txn_05274,user_097,79.12,USD,Local Grocery,IN,2025-12-03T17:55:14.727947
txn_05275,user_242,27.61,USD,Uber,GB,2025-11-02T20:55:14.727950
txn_05276,user_407,20.59,USD,Amazon,GB,2025-11-12T11:55:14.727954
txn_05277,user_067,84.16,USD,Software Store,IN,2025-11-30T20:55:14.727958
txn_05278,user_463,88.72,USD,TravelHub,US,2025-11-28T19:55:14.727963
txn_05279,user_055,19.75,USD,Local Grocery,GB,2025-11-26T04:55:14.727967
txn_05280,user_323,95.1,USD,Starbucks,US,2025-11-19T04:55:14.727970
txn_05281,user_454,79.56,USD,Amazon,GB,2025-11-30T11:55:14.727974
txn_05282,user_094,58.31,USD,Starbucks,US,2025-12-21T01:55:14.727978
txn_05283,user_338,83.71,USD,Electronics Hub,US,2025-10-19T08:55:14.727982
txn_05284,user_058,94.43,USD,McDonalds,US,2025-11-18T09:55:14.727985
txn_05285,user_409,93.51,USD,McDonalds,US,2025-12-26T18:55:14.727990
txn_05286,user_079,36.92,USD,Amazon,GB,2025-10-16T10:55:14.727997
txn_05287,user_020,60.83,USD,Netflix,US,2025-12-29T21:55:14.728001
txn_05288,user_076,17.9,USD,Local Grocery,GB,2025-10-25T23:55:14.728006
txn_05289,user_232,54.37,USD,Amazon,US,2025-11-22T14:55:14.728010
txn_05290,user_054,20.19,USD,Electronics Hub,GB,2025-10-16T14:55:14.728015
txn_05291,user_416,21.4,USD,Uber,IN,2025-11-15T23:55:14.728020
txn_05292,user_456,41.05,USD,Spotify,GB,2025-10-10T15:55:14.728025
txn_05293,user_260,63.32,USD,Spotify,US,2025-10-29T16:55:14.728030
txn_05294,user_428,4271.41,USD,Online Gaming Co,RU,2026-01-04T02:55:14.728034
txn_05295,user_112,50.93,USD,McDonalds,IN,2025-11-01T20:55:14.728039
txn_05296,user_100,43.54,USD,McDonalds,US,2025-10-21T21:55:14.728044
txn_05297,user_257,53.78,USD,Amazon,IN,2025-11-16T09:55:14.728050
txn_05298,user_437,73.13,USD,Spotify,US,2025-10-17T05:55:14.728055
txn_05299,user_210,32.21,USD,Local Grocery,IN,2025-12-12T08:55:14.728060
txn_05300,user_461,1622.16,USD,Online Gaming Co,CN,2026-01-03T18:55:14.728064
txn_05301,user_391,21.67,USD,Amazon,US,2025-11-13T19:55:14.728071
txn_05302,user_442,25.08,USD,Electronics Hub,IN,2025-10-25T18:55:14.728086
txn_05303,user_437,8.23,USD,TravelHub,US,2025-11-08T10:55:14.728094
txn_05304,user_338,81.1,USD,Spotify,GB,2025-11-28T19:55:14.728101
txn_05305,user_126,77.26,USD,Spotify,GB,2025-12-21T16:55:14.728106
txn_05306,user_339,58.86,USD,Local Grocery,IN,2025-11-23T00:55:14.728112
txn_05307,user_447,43.25,USD,Spotify,IN,2025-11-29T18:55:14.728118
txn_05308,user_054,21.43,USD,McDonalds,GB,2025-11-13T06:55:14.728124
txn_05309,user_291,21.53,USD,Netflix,GB,2025-11-01T17:55:14.728129
txn_05310,user_286,77.34,USD,McDonalds,US,2025-10-11T09:55:14.728134
txn_05311,user_271,539.87,USD,QuickLoans,BR,2026-01-04T08:55:14.728138
txn_05312,user_070,93.79,USD,Starbucks,GB,2025-10-30T16:55:14.728144
txn_05313,user_470,38.29,USD,TravelHub,GB,2025-10-30T12:55:14.728149
txn_05314,user_279,77.01,USD,Amazon,IN,2025-11-18T19:55:14.728155
txn_05315,user_110,838.72,USD,QuickLoans,NG,2026-01-03T17:55:14.728159
txn_05316,user_222,56.9,USD,Netflix,US,2025-11-19T16:55:14.728164
txn_05317,user_041,78.42,USD,Starbucks,IN,2025-11-11T11:55:14.728172
txn_05318,user_437,3452.62,USD,AdultWorld,CN,2026-01-04T23:55:14.728175
txn_05319,user_345,89.46,USD,McDonalds,GB,2025-12-18T00:55:14.728180
txn_05320,user_210,23.46,USD,McDonalds,IN,2025-12-03T02:55:14.728183
txn_05321,user_174,87.13,USD,Amazon,IN,2025-10-29T05:55:14.728187
txn_05322,user_139,2591.43,USD,LuxuryStore,RU,2026-01-05T00:55:14.728190
txn_05323,user_408,2834.81,USD,Online Gaming Co,BR,2026-01-04T11:55:14.728193
txn_05324,user_303,21.86,USD,Electronics Hub,US,2025-12-12T03:55:14.728197
txn_05325,user_470,70.37,USD,Uber,GB,2025-10-15T11:55:14.728201
txn_05326,user_203,93.79,USD,Local Grocery,US,2025-12-10T16:55:14.728204
txn_05327,user_328,89.73,USD,Local Grocery,IN,2025-12-31T08:55:14.728208
txn_05328,user_490,29.56,USD,Spotify,IN,2025-11-18T17:55:14.728211
txn_05329,user_491,72.64,USD,Amazon,US,2025-12-17T20:55:14.728215
txn_05330,user_497,2125.16,USD,Exotic Jewelry,NG,2026-01-04T12:55:14.728218
txn_05331,user_112,37.19,USD,McDonalds,GB,2025-10-17T15:55:14.728222
txn_05332,user_351,56.32,USD,Amazon,IN,2025-12-30T17:55:14.728226
txn_05333,user_260,34.57,USD,Software Store,GB,2025-10-08T12:55:14.728229
txn_05334,user_444,56.79,USD,Local Grocery,IN,2025-12-20T18:55:14.728234
txn_05335,user_123,27.77,USD,Electronics Hub,IN,2025-10-13T23:55:14.728238
txn_05336,user_032,8.95,USD,Netflix,IN,2025-11-09T05:55:14.728245
txn_05337,user_202,32.15,USD,Netflix,GB,2025-11-04T16:55:14.728250
txn_05338,user_259,99.47,USD,Netflix,IN,2025-11-02T10:55:14.728254
txn_05339,user_393,37.33,USD,Netflix,US,2025-11-06T22:55:14.728257
txn_05340,user_413,34.99,USD,Software Store,US,2025-11-23T19:55:14.728261
txn_05341,user_350,41.98,USD,Local Grocery,IN,2025-12-24T20:55:14.728265
txn_05342,user_453,44.89,USD,Uber,IN,2025-12-29T15:55:14.728268
txn_05343,user_318,2262.62,USD,QuickLoans,NG,2026-01-04T11:55:14.728272
txn_05344,user_345,5.0,USD,Uber,GB,2025-11-29T01:55:14.728275
txn_05345,user_354,89.33,USD,Amazon,GB,2025-12-31T01:55:14.728280
txn_05346,user_380,64.0,USD,Amazon,US,2025-11-28T09:55:14.728284
txn_05347,user_096,31.21,USD,Local Grocery,US,2025-12-18T09:55:14.728287
txn_05348,user_372,25.04,USD,TravelHub,GB,2025-10-30T06:55:14.728291
txn_05349,user_280,12.8,USD,Software Store,US,2025-10-09T12:55:14.728294
txn_05350,user_319,45.3,USD,Amazon,GB,2025-12-22T19:55:14.728298
txn_05351,user_322,26.75,USD,Amazon,US,2025-10-06T20:55:14.728305
txn_05352,user_420,537.21,USD,AdultWorld,BR,2026-01-03T10:55:14.728309
txn_05353,user_111,63.75,USD,Starbucks,IN,2025-12-19T16:55:14.728312
txn_05354,user_062,10.43,USD,Uber,US,2025-11-13T16:55:14.728316
txn_05355,user_035,29.97,USD,McDonalds,GB,2025-12-05T03:55:14.728319
txn_05356,user_432,2979.16,USD,LuxuryStore,RU,2026-01-05T03:55:14.728324
txn_05357,user_427,89.86,USD,Uber,GB,2025-11-05T14:55:14.728328
txn_05358,user_147,93.05,USD,Uber,US,2025-10-19T20:55:14.728331
txn_05359,user_490,16.83,USD,Starbucks,US,2025-11-18T05:55:14.728335
txn_05360,user_274,86.46,USD,Uber,IN,2025-12-30T16:55:14.728339
txn_05361,user_228,94.39,USD,Electronics Hub,GB,2025-10-23T21:55:14.728342
txn_05362,user_401,85.06,USD,Uber,US,2025-12-04T03:55:14.728346
txn_05363,user_399,29.03,USD,TravelHub,GB,2025-12-21T14:55:14.728349
txn_05364,user_280,3922.2,USD,QuickLoans,CN,2026-01-05T09:55:14.728352
txn_05365,user_286,59.51,USD,Starbucks,US,2025-10-19T07:55:14.728356
txn_05366,user_336,901.63,USD,Online Gaming Co,BR,2026-01-04T07:55:14.728361
txn_05367,user_135,1626.58,USD,Online Gaming Co,NG,2026-01-05T05:55:14.728364
txn_05368,user_224,68.19,USD,Software Store,GB,2025-11-14T10:55:14.728368
txn_05369,user_066,44.32,USD,TravelHub,IN,2025-12-20T19:55:14.728371
txn_05370,user_047,14.86,USD,Software Store,US,2025-12-16T03:55:14.728374
txn_05371,user_001,4596.83,USD,LuxuryStore,BR,2026-01-05T06:55:14.728378
txn_05372,user_049,70.19,USD,TravelHub,IN,2025-12-06T01:55:14.728381
txn_05373,user_381,1310.9,USD,AdultWorld,RU,2026-01-05T04:55:14.728385
txn_05374,user_033,1714.24,USD,QuickLoans,RU,2026-01-05T03:55:14.728388
txn_05375,user_467,43.83,USD,McDonalds,GB,2025-11-05T10:55:14.728393
txn_05376,user_199,17.65,USD,Netflix,US,2025-12-29T18:55:14.728396
txn_05377,user_296,27.57,USD,Software Store,GB,2025-12-27T04:55:14.728400
txn_05378,user_481,56.98,USD,Software Store,GB,2025-11-05T07:55:14.728404
txn_05379,user_086,58.04,USD,Amazon,US,2025-11-25T06:55:14.728407
txn_05380,user_053,62.63,USD,Netflix,GB,2025-11-06T18:55:14.728411
txn_05381,user_402,48.67,USD,Starbucks,IN,2025-12-30T07:55:14.728415
txn_05382,user_417,67.53,USD,Netflix,IN,2025-12-01T23:55:14.728418
txn_05383,user_437,16.75,USD,Local Grocery,GB,2025-11-02T20:55:14.728422
txn_05384,user_348,51.23,USD,Uber,US,2025-11-23T00:55:14.728426
txn_05385,user_386,95.56,USD,Netflix,IN,2025-10-30T17:55:14.728429
txn_05386,user_047,66.55,USD,Spotify,GB,2025-11-22T11:55:14.728433
txn_05387,user_466,70.94,USD,McDonalds,IN,2025-10-09T07:55:14.728436
txn_05388,user_220,4703.75,USD,LuxuryStore,NG,2026-01-05T05:55:14.728440
txn_05389,user_073,24.37,USD,Netflix,IN,2025-10-06T13:55:14.728445
txn_05390,user_300,4886.78,USD,AdultWorld,RU,2026-01-04T10:55:14.728449
txn_05391,user_309,17.31,USD,Local Grocery,IN,2025-10-09T23:55:14.728452
txn_05392,user_385,893.69,USD,Online Gaming Co,CN,2026-01-05T05:55:14.728455
txn_05393,user_396,814.49,USD,AdultWorld,BR,2026-01-03T22:55:14.728459
txn_05394,user_339,9.88,USD,Uber,IN,2025-10-29T16:55:14.728462
txn_05395,user_018,8.94,USD,TravelHub,GB,2025-10-29T01:55:14.728468
txn_05396,user_136,2932.24,USD,Online Gaming Co,CN,2026-01-03T09:55:14.728471
txn_05397,user_177,93.75,USD,Netflix,GB,2025-10-14T00:55:14.728474
txn_05398,user_032,34.93,USD,Starbucks,US,2025-10-25T10:55:14.728479
txn_05399,user_396,72.43,USD,Starbucks,IN,2025-12-27T03:55:14.728483
txn_05400,user_397,17.85,USD,TravelHub,GB,2025-12-30T17:55:14.728487
txn_05401,user_166,805.21,USD,QuickLoans,NG,2026-01-04T07:55:14.728490
txn_05402,user_336,6.11,USD,Amazon,US,2025-12-26T01:55:14.728493
txn_05403,user_342,3275.66,USD,QuickLoans,BR,2026-01-04T13:55:14.728497
txn_05404,user_388,55.1,USD,TravelHub,GB,2025-11-03T01:55:14.728500
txn_05405,user_090,93.62,USD,McDonalds,US,2025-12-16T18:55:14.728504
txn_05406,user_440,57.77,USD,Amazon,US,2025-12-26T04:55:14.728507
txn_05407,user_298,78.75,USD,Starbucks,GB,2025-10-30T02:55:14.728511
txn_05408,user_020,98.35,USD,McDonalds,US,2025-11-06T11:55:14.728514
txn_05409,user_101,31.59,USD,Local Grocery,IN,2025-12-28T17:55:14.728518
txn_05410,user_228,75.15,USD,Netflix,GB,2025-11-01T23:55:14.728521
txn_05411,user_284,32.0,USD,McDonalds,GB,2025-12-25T08:55:14.728525
txn_05412,user_076,89.83,USD,Software Store,GB,2025-10-23T08:55:14.728529
txn_05413,user_453,75.81,USD,Amazon,GB,2025-11-25T02:55:14.728532
txn_05414,user_394,80.0,USD,Spotify,US,2025-10-07T08:55:14.728537
txn_05415,user_065,63.27,USD,Electronics Hub,US,2025-11-11T16:55:14.728541
txn_05416,user_144,74.86,USD,Amazon,IN,2025-12-28T08:55:14.728545
txn_05417,user_265,1642.34,USD,QuickLoans,BR,2026-01-04T08:55:14.728548
txn_05418,user_043,13.93,USD,TravelHub,IN,2026-01-01T14:55:14.728552
txn_05419,user_408,12.74,USD,McDonalds,US,2025-10-12T23:55:14.728555
txn_05420,user_478,83.97,USD,TravelHub,IN,2025-11-02T18:55:14.728558
txn_05421,user_156,25.6,USD,Uber,IN,2025-10-29T21:55:14.728562
txn_05422,user_236,81.04,USD,Software Store,IN,2025-12-22T15:55:14.728569
txn_05423,user_007,97.47,USD,Software Store,IN,2025-11-04T21:55:14.728573
txn_05424,user_135,50.8,USD,McDonalds,US,2025-12-06T17:55:14.728577
txn_05425,user_113,64.91,USD,Spotify,US,2025-12-18T06:55:14.728580
txn_05426,user_476,8.81,USD,Amazon,GB,2025-12-10T17:55:14.728584
txn_05427,user_297,34.31,USD,TravelHub,US,2025-12-09T10:55:14.728587
txn_05428,user_360,85.88,USD,Software Store,GB,2025-11-26T05:55:14.728591
txn_05429,user_284,33.39,USD,Software Store,IN,2025-10-06T20:55:14.728594
txn_05430,user_089,42.97,USD,Uber,IN,2025-10-22T22:55:14.728600
txn_05431,user_108,10.82,USD,Spotify,US,2025-10-07T03:55:14.728604
txn_05432,user_238,17.58,USD,Uber,GB,2025-11-19T14:55:14.728607
txn_05433,user_423,39.0,USD,Uber,US,2025-11-03T03:55:14.728611
txn_05434,user_007,96.66,USD,Electronics Hub,GB,2025-12-24T23:55:14.728616
txn_05435,user_437,27.3,USD,Software Store,GB,2025-12-17T04:55:14.728620
txn_05436,user_056,71.37,USD,Electronics Hub,US,2025-11-08T07:55:14.728623
txn_05437,user_167,1317.73,USD,Online Gaming Co,NG,2026-01-05T00:55:14.728626
txn_05438,user_344,17.65,USD,McDonalds,US,2025-10-21T03:55:14.728630
txn_05439,user_188,47.02,USD,Software Store,IN,2025-11-23T14:55:14.728634
txn_05440,user_385,53.12,USD,McDonalds,US,2025-11-18T02:55:14.728639
txn_05441,user_111,18.55,USD,Starbucks,IN,2025-10-23T05:55:14.728643
txn_05442,user_128,6.26,USD,Spotify,GB,2025-10-26T04:55:14.728646
txn_05443,user_166,97.95,USD,TravelHub,GB,2025-11-23T23:55:14.728652
txn_05444,user_439,2839.74,USD,Exotic Jewelry,BR,2026-01-04T13:55:14.728655
txn_05445,user_337,92.78,USD,Spotify,IN,2025-11-16T11:55:14.728659
txn_05446,user_077,70.94,USD,Netflix,GB,2025-10-06T14:55:14.728662
txn_05447,user_320,28.28,USD,Uber,US,2025-10-21T06:55:14.728666
txn_05448,user_277,54.21,USD,Netflix,US,2025-11-02T11:55:14.728669
txn_05449,user_040,59.54,USD,Local Grocery,US,2025-11-05T13:55:14.728673
txn_05450,user_470,30.17,USD,Spotify,IN,2025-12-20T01:55:14.728676
txn_05451,user_261,29.92,USD,Uber,IN,2025-12-13T02:55:14.728680
txn_05452,user_004,48.06,USD,Starbucks,US,2025-11-15T09:55:14.728683
txn_05453,user_459,7.0,USD,Netflix,GB,2025-10-16T22:55:14.728689
txn_05454,user_151,31.01,USD,Software Store,GB,2025-12-22T10:55:14.728692
txn_05455,user_357,7.54,USD,Netflix,IN,2025-10-18T16:55:14.728696
txn_05456,user_146,2317.34,USD,QuickLoans,RU,2026-01-04T17:55:14.728699
txn_05457,user_425,92.34,USD,Starbucks,IN,2025-10-10T05:55:14.728703
txn_05458,user_475,50.63,USD,Starbucks,GB,2025-12-30T23:55:14.728706
txn_05459,user_301,38.64,USD,Software Store,US,2025-12-20T18:55:14.728710
txn_05460,user_073,951.04,USD,QuickLoans,RU,2026-01-04T12:55:14.728713
txn_05461,user_373,20.85,USD,Software Store,IN,2025-10-18T17:55:14.728716
txn_05462,user_435,85.13,USD,Starbucks,IN,2025-10-11T18:55:14.728722
txn_05463,user_129,4214.09,USD,Exotic Jewelry,CN,2026-01-04T08:55:14.728725
txn_05464,user_338,99.9,USD,Local Grocery,GB,2026-01-03T13:55:14.728728
txn_05465,user_237,87.74,USD,Uber,IN,2025-10-30T19:55:14.728732
txn_05466,user_247,29.42,USD,Spotify,IN,2025-12-31T01:55:14.728735
txn_05467,user_443,76.24,USD,Software Store,IN,2025-12-23T17:55:14.728739
txn_05468,user_475,13.27,USD,Electronics Hub,GB,2025-12-14T16:55:14.728742
txn_05469,user_158,34.29,USD,TravelHub,GB,2025-11-21T15:55:14.728746
txn_05470,user_470,19.83,USD,Electronics Hub,US,2025-11-25T23:55:14.728749
txn_05471,user_233,65.33,USD,McDonalds,IN,2025-10-26T23:55:14.728753
txn_05472,user_154,51.78,USD,Software Store,US,2025-12-25T22:55:14.728756
txn_05473,user_065,75.16,USD,Starbucks,US,2026-01-03T19:55:14.728761
txn_05474,user_234,1098.74,USD,QuickLoans,NG,2026-01-03T17:55:14.728765
txn_05475,user_057,40.16,USD,Software Store,IN,2025-10-29T16:55:14.728768
txn_05476,user_382,16.17,USD,Electronics Hub,GB,2025-11-06T21:55:14.728772
txn_05477,user_324,37.5,USD,TravelHub,US,2025-12-25T11:55:14.728775
txn_05478,user_301,98.92,USD,Netflix,US,2026-01-01T23:55:14.728779
txn_05479,user_466,3381.08,USD,Online Gaming Co,CN,2026-01-04T21:55:14.728782
txn_05480,user_212,49.35,USD,Uber,IN,2025-12-25T13:55:14.728785
txn_05481,user_381,4893.94,USD,Exotic Jewelry,CN,2026-01-05T01:55:14.728789
txn_05482,user_028,76.61,USD,Amazon,IN,2025-11-12T21:55:14.728792
txn_05483,user_171,49.84,USD,Starbucks,US,2025-11-21T09:55:14.728796
txn_05484,user_385,73.82,USD,Netflix,GB,2026-01-01T09:55:14.728799
txn_05485,user_458,4632.51,USD,Online Gaming Co,BR,2026-01-03T19:55:14.728802
txn_05486,user_420,9.93,USD,Local Grocery,IN,2025-11-02T03:55:14.728806
txn_05487,user_116,55.81,USD,Software Store,IN,2025-11-23T17:55:14.728810
txn_05488,user_353,42.66,USD,Starbucks,US,2025-11-04T21:55:14.728813
txn_05489,user_123,61.11,USD,Uber,IN,2025-11-04T04:55:14.728817
txn_05490,user_456,85.5,USD,Amazon,US,2025-12-28T15:55:14.728823
txn_05491,user_352,97.76,USD,Software Store,US,2025-12-19T01:55:14.728826
txn_05492,user_109,86.42,USD,Uber,GB,2026-01-02T20:55:14.728831
txn_05493,user_225,8.04,USD,Uber,IN,2025-12-04T20:55:14.728836
txn_05494,user_311,78.16,USD,TravelHub,US,2025-12-15T14:55:14.728840
txn_05495,user_380,4859.61,USD,LuxuryStore,BR,2026-01-03T20:55:14.728843
txn_05496,user_150,15.66,USD,Software Store,IN,2025-12-08T05:55:14.728847
txn_05497,user_493,44.39,USD,Starbucks,IN,2025-11-06T14:55:14.728851
txn_05498,user_316,41.5,USD,Netflix,GB,2026-01-04T21:55:14.728854
txn_05499,user_027,99.81,USD,Software Store,GB,2025-11-02T18:55:14.728857
txn_05500,user_140,78.11,USD,McDonalds,GB,2025-12-11T18:55:14.728861
txn_05501,user_382,42.88,USD,Spotify,US,2025-12-19T11:55:14.728864
txn_05502,user_376,24.72,USD,McDonalds,IN,2025-11-02T19:55:14.728868
txn_05503,user_475,23.49,USD,TravelHub,US,2025-11-24T01:55:14.728872
txn_05504,user_167,28.01,USD,Software Store,IN,2025-11-30T09:55:14.728875
txn_05505,user_363,51.31,USD,Software Store,IN,2025-12-15T22:55:14.728879
txn_05506,user_421,12.05,USD,Electronics Hub,GB,2026-01-01T16:55:14.728882
txn_05507,user_030,18.46,USD,Uber,IN,2025-12-28T19:55:14.728885
txn_05508,user_143,56.86,USD,McDonalds,GB,2025-10-14T01:55:14.728889
txn_05509,user_041,37.91,USD,Starbucks,US,2025-11-02T15:55:14.728892
txn_05510,user_454,99.36,USD,McDonalds,IN,2025-10-25T20:55:14.728896
txn_05511,user_027,93.94,USD,McDonalds,US,2025-10-17T21:55:14.728899
txn_05512,user_472,999.41,USD,QuickLoans,CN,2026-01-04T19:55:14.728904
txn_05513,user_368,88.99,USD,Local Grocery,GB,2026-01-03T11:55:14.728908
txn_05514,user_365,99.94,USD,Amazon,GB,2025-11-11T18:55:14.728911
txn_05515,user_181,59.47,USD,Uber,US,2025-11-28T07:55:14.728915
txn_05516,user_460,576.5,USD,Online Gaming Co,BR,2026-01-04T05:55:14.728918
txn_05517,user_345,78.27,USD,McDonalds,US,2025-10-27T17:55:14.728922
txn_05518,user_139,13.61,USD,Uber,IN,2025-10-20T16:55:14.728925
txn_05519,user_382,26.61,USD,TravelHub,IN,2025-10-28T16:55:14.728928
txn_05520,user_374,8.13,USD,Netflix,US,2025-12-04T21:55:14.728932
txn_05521,user_253,40.4,USD,TravelHub,IN,2025-12-07T02:55:14.728935
txn_05522,user_174,19.19,USD,Amazon,US,2026-01-03T11:55:14.728939
txn_05523,user_489,4258.46,USD,Exotic Jewelry,BR,2026-01-03T14:55:14.728942
txn_05524,user_063,91.2,USD,Software Store,GB,2025-12-18T11:55:14.728946
txn_05525,user_491,883.52,USD,LuxuryStore,NG,2026-01-04T20:55:14.728950
txn_05526,user_096,698.04,USD,QuickLoans,BR,2026-01-05T00:55:14.728954
txn_05527,user_200,41.31,USD,Uber,GB,2026-01-03T22:55:14.728958
txn_05528,user_036,84.85,USD,Netflix,IN,2026-01-02T22:55:14.728961
txn_05529,user_425,4165.82,USD,Exotic Jewelry,BR,2026-01-04T15:55:14.728964
txn_05530,user_142,3494.33,USD,AdultWorld,BR,2026-01-04T05:55:14.728968
txn_05531,user_448,94.0,USD,Electronics Hub,US,2025-12-14T03:55:14.728973
txn_05532,user_259,42.79,USD,Spotify,GB,2025-12-04T06:55:14.728976
txn_05533,user_290,6.56,USD,Netflix,US,2025-12-25T23:55:14.728980
txn_05534,user_453,6.81,USD,McDonalds,GB,2025-11-25T15:55:14.728984
txn_05535,user_196,41.5,USD,Starbucks,IN,2025-10-19T18:55:14.728987
txn_05536,user_344,12.35,USD,Spotify,IN,2025-12-02T00:55:14.728991
txn_05537,user_480,60.47,USD,Starbucks,US,2025-11-13T06:55:14.728994
txn_05538,user_063,23.02,USD,Electronics Hub,US,2025-11-26T16:55:14.728998
txn_05539,user_189,11.25,USD,Spotify,US,2025-12-02T12:55:14.729001
txn_05540,user_303,50.53,USD,Spotify,GB,2025-12-17T11:55:14.729005
txn_05541,user_152,73.05,USD,Amazon,US,2025-10-24T10:55:14.729009
txn_05542,user_165,6.28,USD,McDonalds,GB,2025-11-19T04:55:14.729013
txn_05543,user_310,60.87,USD,Uber,IN,2025-11-25T15:55:14.729017
txn_05544,user_429,34.62,USD,McDonalds,US,2025-10-19T13:55:14.729020
txn_05545,user_332,19.06,USD,McDonalds,GB,2025-11-25T21:55:14.729024
txn_05546,user_331,44.95,USD,TravelHub,GB,2025-12-30T13:55:14.729027
txn_05547,user_207,65.49,USD,Netflix,IN,2025-10-20T10:55:14.729030
txn_05548,user_211,97.59,USD,Starbucks,GB,2025-11-08T09:55:14.729034
txn_05549,user_187,83.29,USD,Netflix,US,2025-11-19T16:55:14.729038
txn_05550,user_120,19.84,USD,Local Grocery,US,2025-12-09T12:55:14.729041
txn_05551,user_442,94.99,USD,Uber,US,2025-10-18T21:55:14.729046
txn_05552,user_460,12.47,USD,McDonalds,US,2025-11-07T12:55:14.729050
txn_05553,user_109,63.13,USD,Amazon,GB,2025-11-28T16:55:14.729054
txn_05554,user_150,98.22,USD,McDonalds,GB,2025-12-16T03:55:14.729057
txn_05555,user_275,15.29,USD,Software Store,IN,2025-11-13T21:55:14.729061
txn_05556,user_241,8.64,USD,Spotify,IN,2025-11-13T22:55:14.729065
txn_05557,user_012,12.54,USD,Software Store,GB,2025-12-11T06:55:14.729070
txn_05558,user_174,51.77,USD,Uber,US,2025-11-24T12:55:14.729073
txn_05559,user_096,25.47,USD,Software Store,GB,2025-12-18T16:55:14.729077
txn_05560,user_497,23.92,USD,Amazon,US,2025-11-02T03:55:14.729080
txn_05561,user_222,93.92,USD,Electronics Hub,US,2025-12-26T23:55:14.729084
txn_05562,user_326,34.67,USD,Local Grocery,GB,2025-11-25T06:55:14.729087
txn_05563,user_044,3880.24,USD,LuxuryStore,RU,2026-01-04T01:55:14.729091
txn_05564,user_155,3912.14,USD,Exotic Jewelry,CN,2026-01-03T23:55:14.729094
txn_05565,user_075,40.19,USD,Local Grocery,US,2025-10-07T06:55:14.729098
txn_05566,user_091,29.42,USD,Software Store,IN,2025-11-05T04:55:14.729102
txn_05567,user_275,53.5,USD,TravelHub,IN,2025-12-19T04:55:14.729105
txn_05568,user_381,81.56,USD,Electronics Hub,IN,2025-12-10T06:55:14.729109
txn_05569,user_007,2860.64,USD,AdultWorld,RU,2026-01-03T20:55:14.729112
txn_05570,user_204,31.25,USD,Spotify,US,2025-12-23T07:55:14.729116
txn_05571,user_448,45.72,USD,Netflix,US,2025-11-30T09:55:14.729120
txn_05572,user_374,4484.93,USD,QuickLoans,NG,2026-01-03T12:55:14.729127
txn_05573,user_061,60.54,USD,Spotify,US,2025-12-10T03:55:14.729131
txn_05574,user_176,3517.94,USD,Online Gaming Co,NG,2026-01-03T22:55:14.729134
txn_05575,user_328,1125.88,USD,Exotic Jewelry,BR,2026-01-04T01:55:14.729137
txn_05576,user_107,23.02,USD,Uber,IN,2025-11-17T15:55:14.729141
txn_05577,user_324,35.01,USD,McDonalds,US,2025-12-10T08:55:14.729144
txn_05578,user_157,78.72,USD,Amazon,IN,2025-12-31T02:55:14.729148
txn_05579,user_305,49.54,USD,Software Store,US,2025-11-25T00:55:14.729152
txn_05580,user_266,30.19,USD,Electronics Hub,US,2025-12-04T18:55:14.729155
txn_05581,user_312,35.61,USD,Software Store,US,2025-11-08T10:55:14.729159
txn_05582,user_424,88.3,USD,Electronics Hub,GB,2025-11-06T03:55:14.729162
txn_05583,user_365,67.31,USD,Electronics Hub,IN,2025-12-21T11:55:14.729165
txn_05584,user_365,41.06,USD,McDonalds,IN,2025-12-24T21:55:14.729169
txn_05585,user_224,55.99,USD,Netflix,GB,2025-12-01T09:55:14.729173
txn_05586,user_030,41.04,USD,Electronics Hub,IN,2025-10-07T06:55:14.729176
txn_05587,user_063,84.59,USD,Uber,US,2025-12-23T15:55:14.729180
txn_05588,user_065,84.45,USD,Spotify,IN,2025-10-27T22:55:14.729183
txn_05589,user_256,42.62,USD,Software Store,GB,2025-10-20T04:55:14.729188
txn_05590,user_403,29.07,USD,Software Store,US,2025-12-20T13:55:14.729193
txn_05591,user_496,74.03,USD,Netflix,IN,2025-12-26T20:55:14.729197
txn_05592,user_406,27.31,USD,TravelHub,US,2025-12-10T22:55:14.729202
txn_05593,user_204,83.9,USD,Netflix,IN,2025-12-18T01:55:14.729205
txn_05594,user_039,68.05,USD,Software Store,US,2025-12-08T11:55:14.729209
txn_05595,user_023,83.63,USD,Starbucks,IN,2025-10-12T19:55:14.729212
txn_05596,user_466,2027.58,USD,LuxuryStore,RU,2026-01-03T20:55:14.729215
txn_05597,user_167,9.91,USD,Amazon,IN,2025-11-08T12:55:14.729219
txn_05598,user_062,3732.65,USD,Exotic Jewelry,RU,2026-01-04T03:55:14.729222
txn_05599,user_168,2149.07,USD,QuickLoans,RU,2026-01-04T13:55:14.729225
txn_05600,user_280,987.66,USD,LuxuryStore,BR,2026-01-04T16:55:14.729229
txn_05601,user_171,79.65,USD,Software Store,US,2025-12-12T16:55:14.729232
txn_05602,user_168,14.33,USD,Spotify,GB,2025-12-19T18:55:14.729236
txn_05603,user_070,45.64,USD,McDonalds,GB,2025-11-30T12:55:14.729239
txn_05604,user_139,69.96,USD,Netflix,GB,2025-10-31T05:55:14.729243
txn_05605,user_337,607.0,USD,AdultWorld,NG,2026-01-03T23:55:14.729246
txn_05606,user_018,62.14,USD,Netflix,IN,2025-10-17T01:55:14.729250
txn_05607,user_238,80.2,USD,Software Store,IN,2025-12-29T13:55:14.729253
txn_05608,user_306,3051.86,USD,QuickLoans,BR,2026-01-04T04:55:14.729256
txn_05609,user_173,1391.61,USD,Online Gaming Co,NG,2026-01-05T00:55:14.729261
txn_05610,user_091,583.32,USD,Online Gaming Co,CN,2026-01-05T09:55:14.729265
txn_05611,user_144,3766.28,USD,Online Gaming Co,BR,2026-01-04T15:55:14.729268
txn_05612,user_096,31.05,USD,TravelHub,IN,2025-10-24T21:55:14.729271
txn_05613,user_363,43.88,USD,Amazon,IN,2025-10-19T05:55:14.729275
txn_05614,user_233,6.15,USD,Uber,GB,2025-12-01T12:55:14.729278
txn_05615,user_454,17.75,USD,Amazon,GB,2025-11-05T14:55:14.729282
txn_05616,user_033,39.98,USD,McDonalds,US,2025-11-16T23:55:14.729285
txn_05617,user_030,45.33,USD,Software Store,GB,2025-11-23T05:55:14.729290
txn_05618,user_485,9.0,USD,TravelHub,IN,2025-11-02T18:55:14.729293
txn_05619,user_147,84.52,USD,Starbucks,US,2025-12-23T13:55:14.729297
txn_05620,user_043,54.45,USD,TravelHub,IN,2025-11-29T18:55:14.729300
txn_05621,user_494,16.92,USD,Netflix,GB,2025-11-13T06:55:14.729305
txn_05622,user_214,75.97,USD,Spotify,IN,2025-10-09T05:55:14.729309
txn_05623,user_398,22.13,USD,Uber,US,2025-10-25T20:55:14.729313
txn_05624,user_204,61.4,USD,Starbucks,IN,2025-12-17T04:55:14.729316
txn_05625,user_307,58.76,USD,Local Grocery,IN,2025-12-24T17:55:14.729320
txn_05626,user_290,27.64,USD,Uber,US,2025-12-25T08:55:14.729323
txn_05627,user_087,22.24,USD,Starbucks,IN,2025-12-31T14:55:14.729327
txn_05628,user_072,1861.84,USD,QuickLoans,NG,2026-01-05T09:55:14.729330
txn_05629,user_468,73.32,USD,Starbucks,US,2025-12-21T01:55:14.729335
txn_05630,user_314,5.52,USD,McDonalds,IN,2025-12-11T17:55:14.729339
txn_05631,user_259,62.64,USD,Local Grocery,US,2025-10-21T14:55:14.729343
txn_05632,user_264,1644.12,USD,QuickLoans,BR,2026-01-04T13:55:14.729346
txn_05633,user_018,14.04,USD,Software Store,GB,2025-11-18T09:55:14.729350
txn_05634,user_112,3799.13,USD,Online Gaming Co,BR,2026-01-03T16:55:14.729353
txn_05635,user_086,83.36,USD,Starbucks,US,2025-10-28T10:55:14.729357
txn_05636,user_154,48.73,USD,TravelHub,IN,2025-10-10T15:55:14.729360
txn_05637,user_177,3837.58,USD,AdultWorld,BR,2026-01-03T15:55:14.729364
txn_05638,user_267,12.73,USD,McDonalds,GB,2025-10-18T20:55:14.729367
txn_05639,user_291,72.38,USD,Starbucks,IN,2025-11-18T14:55:14.729371
txn_05640,user_485,42.58,USD,McDonalds,US,2025-10-30T15:55:14.729374
txn_05641,user_206,8.25,USD,Software Store,IN,2025-10-07T22:55:14.729378
txn_05642,user_419,4277.64,USD,LuxuryStore,RU,2026-01-03T15:55:14.729381
txn_05643,user_289,18.97,USD,McDonalds,GB,2025-11-21T07:55:14.729385
txn_05644,user_324,78.33,USD,Netflix,IN,2025-10-13T02:55:14.729390
txn_05645,user_048,79.57,USD,Spotify,US,2025-10-31T02:55:14.729394
txn_05646,user_250,7.11,USD,TravelHub,US,2025-11-19T12:55:14.729398
txn_05647,user_459,28.42,USD,Spotify,GB,2025-10-24T08:55:14.729401
txn_05648,user_143,3360.81,USD,QuickLoans,NG,2026-01-03T23:55:14.729406
txn_05649,user_332,14.82,USD,Starbucks,GB,2025-12-08T10:55:14.729409
txn_05650,user_202,19.84,USD,Amazon,US,2026-01-01T17:55:14.729413
txn_05651,user_141,59.07,USD,Spotify,GB,2025-10-12T04:55:14.729416
txn_05652,user_367,80.55,USD,Spotify,GB,2025-10-21T00:55:14.729420
txn_05653,user_457,4381.89,USD,LuxuryStore,CN,2026-01-04T06:55:14.729425
txn_05654,user_338,52.91,USD,Software Store,IN,2025-11-28T07:55:14.729428
txn_05655,user_203,63.72,USD,TravelHub,GB,2025-12-02T15:55:14.729432
txn_05656,user_370,91.56,USD,Spotify,GB,2025-11-08T14:55:14.729436
txn_05657,user_111,4971.88,USD,Online Gaming Co,BR,2026-01-05T07:55:14.729439
txn_05658,user_136,99.5,USD,Uber,IN,2025-10-24T19:55:14.729442
txn_05659,user_289,68.92,USD,Electronics Hub,IN,2025-12-11T02:55:14.729446
txn_05660,user_100,41.1,USD,McDonalds,US,2025-11-11T09:55:14.729450
txn_05661,user_451,18.19,USD,Local Grocery,IN,2025-11-08T09:55:14.729453
txn_05662,user_184,27.23,USD,Software Store,IN,2025-12-07T13:55:14.729457
txn_05663,user_382,98.38,USD,McDonalds,GB,2025-12-15T09:55:14.729460
txn_05664,user_363,6.6,USD,Starbucks,IN,2025-12-14T20:55:14.729464
txn_05665,user_209,33.75,USD,McDonalds,US,2025-10-09T13:55:14.729468
txn_05666,user_176,76.39,USD,Uber,US,2025-10-18T17:55:14.729471
txn_05667,user_028,11.77,USD,Software Store,IN,2025-11-08T23:55:14.729475
txn_05668,user_261,79.77,USD,Amazon,IN,2026-01-02T12:55:14.729480
txn_05669,user_402,69.74,USD,Starbucks,IN,2025-10-26T05:55:14.729483
txn_05670,user_048,10.01,USD,McDonalds,US,2025-11-15T01:55:14.729487
txn_05671,user_430,36.81,USD,Amazon,GB,2025-12-12T23:55:14.729490
txn_05672,user_326,1787.59,USD,LuxuryStore,RU,2026-01-05T05:55:14.729494
txn_05673,user_291,16.31,USD,Netflix,US,2025-10-11T01:55:14.729497
txn_05674,user_302,50.51,USD,Local Grocery,US,2025-11-01T05:55:14.729501
txn_05675,user_217,32.82,USD,Software Store,GB,2025-12-25T09:55:14.729504
txn_05676,user_139,13.63,USD,TravelHub,IN,2025-11-05T00:55:14.729508
txn_05677,user_294,27.82,USD,TravelHub,GB,2025-10-30T18:55:14.729511
txn_05678,user_265,41.17,USD,McDonalds,US,2026-01-01T21:55:14.729515
txn_05679,user_077,26.94,USD,Software Store,IN,2025-11-27T07:55:14.729518
txn_05680,user_266,14.0,USD,TravelHub,GB,2025-10-08T09:55:14.729522
txn_05681,user_072,6.96,USD,Starbucks,IN,2025-12-14T23:55:14.729525
txn_05682,user_357,89.76,USD,McDonalds,US,2026-01-01T21:55:14.729529
txn_05683,user_288,34.01,USD,McDonalds,US,2025-12-17T14:55:14.729533
txn_05684,user_082,48.2,USD,Local Grocery,US,2025-12-17T15:55:14.729536
txn_05685,user_254,85.91,USD,Local Grocery,US,2025-12-25T00:55:14.729541
txn_05686,user_414,95.6,USD,Netflix,US,2025-11-19T10:55:14.729545
txn_05687,user_056,31.41,USD,Spotify,IN,2025-10-09T20:55:14.729550
txn_05688,user_340,14.35,USD,TravelHub,GB,2025-12-18T22:55:14.729553
txn_05689,user_492,68.19,USD,McDonalds,US,2025-12-25T19:55:14.729557
txn_05690,user_171,19.67,USD,McDonalds,US,2025-10-21T10:55:14.729561
txn_05691,user_458,83.87,USD,Electronics Hub,US,2025-10-29T09:55:14.729564
txn_05692,user_035,56.77,USD,Local Grocery,US,2026-01-01T17:55:14.729570
txn_05693,user_452,8.24,USD,Local Grocery,GB,2025-12-30T04:55:14.729574
txn_05694,user_075,2506.02,USD,LuxuryStore,BR,2026-01-04T02:55:14.729577
txn_05695,user_485,53.08,USD,Uber,US,2025-10-16T21:55:14.729582
txn_05696,user_355,41.2,USD,Software Store,GB,2025-10-28T15:55:14.729586
txn_05697,user_114,43.47,USD,Electronics Hub,GB,2026-01-01T20:55:14.729590
txn_05698,user_339,22.78,USD,Netflix,US,2025-11-22T00:55:14.729593
txn_05699,user_272,1221.74,USD,Online Gaming Co,NG,2026-01-04T00:55:14.729598
txn_05700,user_315,51.91,USD,Spotify,GB,2025-11-22T19:55:14.729602
txn_05701,user_270,69.9,USD,Software Store,US,2025-12-01T15:55:14.729605
txn_05702,user_391,28.72,USD,TravelHub,GB,2025-11-06T05:55:14.729609
txn_05703,user_073,44.8,USD,Spotify,GB,2025-10-12T04:55:14.729613
txn_05704,user_390,16.68,USD,Spotify,IN,2025-10-13T15:55:14.729616
txn_05705,user_059,35.3,USD,McDonalds,IN,2025-12-12T15:55:14.729620
txn_05706,user_438,88.87,USD,Amazon,IN,2025-12-11T15:55:14.729623
txn_05707,user_375,2696.37,USD,AdultWorld,RU,2026-01-04T02:55:14.729628
txn_05708,user_049,23.44,USD,Spotify,US,2025-11-28T09:55:14.729632
txn_05709,user_050,25.84,USD,Local Grocery,GB,2025-10-15T22:55:14.729635
txn_05710,user_135,19.19,USD,Software Store,US,2025-11-25T06:55:14.729639
txn_05711,user_056,98.36,USD,Starbucks,US,2025-10-13T00:55:14.729642
txn_05712,user_435,51.76,USD,Uber,US,2025-10-18T00:55:14.729645
txn_05713,user_309,52.53,USD,Netflix,US,2025-11-28T19:55:14.729649
txn_05714,user_384,46.55,USD,McDonalds,US,2025-12-04T20:55:14.729652
txn_05715,user_233,13.8,USD,Starbucks,GB,2025-10-16T11:55:14.729656
txn_05716,user_167,19.51,USD,Starbucks,IN,2025-11-28T20:55:14.729659
txn_05717,user_008,86.08,USD,TravelHub,GB,2025-10-22T20:55:14.729664
txn_05718,user_387,34.88,USD,Starbucks,GB,2025-10-24T22:55:14.729668
txn_05719,user_472,79.78,USD,Local Grocery,GB,2025-10-25T12:55:14.729672
txn_05720,user_489,16.37,USD,Amazon,GB,2025-11-07T07:55:14.729675
txn_05721,user_050,8.43,USD,TravelHub,US,2025-12-18T02:55:14.729679
txn_05722,user_140,99.55,USD,Software Store,US,2025-10-11T12:55:14.729682
txn_05723,user_282,62.51,USD,Amazon,IN,2025-11-30T20:55:14.729685
txn_05724,user_254,16.76,USD,TravelHub,GB,2025-11-21T08:55:14.729689
txn_05725,user_137,11.36,USD,Uber,IN,2025-12-07T10:55:14.729692
txn_05726,user_048,1337.13,USD,AdultWorld,RU,2026-01-04T13:55:14.729697
txn_05727,user_097,85.42,USD,McDonalds,IN,2025-10-26T11:55:14.729701
txn_05728,user_388,11.76,USD,TravelHub,US,2025-12-30T06:55:14.729704
txn_05729,user_245,84.7,USD,Local Grocery,US,2025-10-25T08:55:14.729708
txn_05730,user_391,645.27,USD,Online Gaming Co,BR,2026-01-04T20:55:14.729711
txn_05731,user_404,54.17,USD,Starbucks,GB,2025-11-19T06:55:14.729714
txn_05732,user_074,47.83,USD,Local Grocery,IN,2025-10-19T04:55:14.729718
txn_05733,user_073,81.89,USD,Local Grocery,IN,2025-11-25T06:55:14.729721
txn_05734,user_008,61.32,USD,Local Grocery,GB,2025-11-15T03:55:14.729725
txn_05735,user_054,86.69,USD,Electronics Hub,IN,2025-11-13T02:55:14.729728
txn_05736,user_494,62.96,USD,Uber,IN,2025-11-14T03:55:14.729732
txn_05737,user_278,75.02,USD,Electronics Hub,GB,2025-10-27T19:55:14.729735
txn_05738,user_466,83.75,USD,Netflix,GB,2025-10-11T01:55:14.729739
txn_05739,user_399,78.64,USD,Starbucks,IN,2025-10-14T06:55:14.729743
txn_05740,user_084,28.49,USD,Software Store,US,2025-12-18T09:55:14.729746
txn_05741,user_221,58.37,USD,Spotify,GB,2025-12-12T05:55:14.729750
txn_05742,user_449,60.2,USD,Electronics Hub,GB,2025-12-26T16:55:14.729753
txn_05743,user_156,2453.93,USD,Exotic Jewelry,BR,2026-01-05T02:55:14.729756
txn_05744,user_367,63.76,USD,Amazon,US,2025-12-26T21:55:14.729760
txn_05745,user_028,75.37,USD,Software Store,GB,2025-10-28T08:55:14.729765
txn_05746,user_353,19.51,USD,Software Store,GB,2025-10-23T04:55:14.729770
txn_05747,user_364,65.64,USD,Starbucks,US,2025-10-12T22:55:14.729774
txn_05748,user_157,91.1,USD,Uber,US,2026-01-03T10:55:14.729779
txn_05749,user_118,86.14,USD,Amazon,US,2025-10-31T18:55:14.729782
txn_05750,user_402,7.44,USD,McDonalds,US,2025-12-07T23:55:14.729786
txn_05751,user_298,27.91,USD,Local Grocery,GB,2025-10-27T08:55:14.729790
txn_05752,user_061,68.83,USD,Starbucks,IN,2025-10-15T09:55:14.729793
txn_05753,user_466,80.78,USD,Starbucks,US,2025-12-22T20:55:14.729797
txn_05754,user_014,83.84,USD,Amazon,IN,2025-10-14T04:55:14.729800
txn_05755,user_322,26.43,USD,Starbucks,GB,2025-11-12T09:55:14.729804
txn_05756,user_238,78.46,USD,Starbucks,GB,2025-11-11T15:55:14.729807
txn_05757,user_135,80.18,USD,TravelHub,GB,2025-12-02T08:55:14.729811
txn_05758,user_049,51.28,USD,McDonalds,IN,2025-12-22T10:55:14.729814
txn_05759,user_084,85.67,USD,Netflix,GB,2025-10-24T04:55:14.729818
txn_05760,user_435,77.87,USD,Spotify,US,2025-12-25T21:55:14.729822
txn_05761,user_032,73.67,USD,Spotify,US,2025-10-30T16:55:14.729825
txn_05762,user_190,7.24,USD,Netflix,GB,2025-11-23T21:55:14.729828
txn_05763,user_035,89.45,USD,Software Store,US,2025-10-13T00:55:14.729832
txn_05764,user_204,2359.56,USD,Exotic Jewelry,BR,2026-01-04T17:55:14.729835
txn_05765,user_431,35.29,USD,McDonalds,IN,2025-11-12T22:55:14.729840
txn_05766,user_015,3286.84,USD,QuickLoans,CN,2026-01-04T01:55:14.729843
txn_05767,user_006,91.51,USD,Starbucks,US,2025-12-20T22:55:14.729847
txn_05768,user_354,5.95,USD,Electronics Hub,US,2025-12-15T17:55:14.729851
txn_05769,user_258,83.45,USD,Uber,US,2025-10-27T08:55:14.729854
txn_05770,user_337,26.06,USD,Netflix,GB,2025-12-19T14:55:14.729858
txn_05771,user_307,98.6,USD,Uber,GB,2025-12-17T18:55:14.729861
txn_05772,user_115,99.46,USD,TravelHub,GB,2025-11-24T19:55:14.729865
txn_05773,user_419,99.49,USD,TravelHub,GB,2025-12-26T21:55:14.729868
txn_05774,user_384,1516.54,USD,Online Gaming Co,CN,2026-01-05T06:55:14.729871
txn_05775,user_382,67.86,USD,TravelHub,US,2025-11-02T03:55:14.729875
txn_05776,user_396,96.35,USD,Amazon,US,2025-10-21T17:55:14.729879
txn_05777,user_500,52.2,USD,Uber,IN,2025-11-28T03:55:14.729882
txn_05778,user_460,65.74,USD,Local Grocery,US,2025-11-14T16:55:14.729886
txn_05779,user_014,82.85,USD,Spotify,US,2025-11-10T22:55:14.729889
txn_05780,user_036,20.28,USD,Amazon,GB,2025-10-24T00:55:14.729894
txn_05781,user_498,90.99,USD,Amazon,GB,2025-12-18T14:55:14.729897
txn_05782,user_237,69.91,USD,McDonalds,IN,2025-11-12T19:55:14.729901
txn_05783,user_415,71.83,USD,Software Store,US,2025-10-10T10:55:14.729904
txn_05784,user_459,83.75,USD,Uber,US,2025-10-19T10:55:14.729908
txn_05785,user_430,63.01,USD,Netflix,IN,2025-12-28T06:55:14.729913
txn_05786,user_174,34.03,USD,McDonalds,IN,2025-11-30T20:55:14.729916
txn_05787,user_122,23.44,USD,Netflix,IN,2025-12-13T20:55:14.729920
txn_05788,user_423,4335.74,USD,QuickLoans,NG,2026-01-04T22:55:14.729923
txn_05789,user_133,33.19,USD,TravelHub,US,2025-12-23T12:55:14.729926
txn_05790,user_432,55.39,USD,TravelHub,GB,2025-10-20T12:55:14.729930
txn_05791,user_331,52.4,USD,TravelHub,IN,2025-11-06T09:55:14.729933
txn_05792,user_087,85.14,USD,McDonalds,US,2025-12-12T08:55:14.729937
txn_05793,user_477,67.52,USD,Electronics Hub,US,2025-10-09T03:55:14.729940
txn_05794,user_084,19.64,USD,Electronics Hub,GB,2025-11-08T07:55:14.729944
txn_05795,user_481,22.22,USD,Netflix,GB,2025-11-15T17:55:14.729947
txn_05796,user_326,72.88,USD,Electronics Hub,GB,2025-12-02T14:55:14.729952
txn_05797,user_097,60.51,USD,Spotify,US,2025-11-05T08:55:14.729956
txn_05798,user_418,68.39,USD,Electronics Hub,US,2025-11-10T14:55:14.729960
txn_05799,user_446,51.85,USD,TravelHub,IN,2025-10-17T11:55:14.729963
txn_05800,user_432,86.63,USD,Amazon,US,2025-11-08T03:55:14.729967
txn_05801,user_026,44.67,USD,McDonalds,GB,2025-12-13T06:55:14.729970
txn_05802,user_221,58.74,USD,McDonalds,IN,2025-11-03T20:55:14.729974
txn_05803,user_328,37.8,USD,TravelHub,US,2025-12-19T13:55:14.729978
txn_05804,user_170,58.03,USD,Netflix,IN,2025-12-29T04:55:14.729983
txn_05805,user_314,5.02,USD,Local Grocery,IN,2025-11-16T03:55:14.729987
txn_05806,user_129,84.1,USD,Netflix,IN,2025-11-30T13:55:14.729990
txn_05807,user_357,90.12,USD,Amazon,IN,2025-12-01T23:55:14.729994
txn_05808,user_117,40.32,USD,Netflix,GB,2026-01-04T19:55:14.729998
txn_05809,user_461,89.73,USD,Uber,US,2025-12-13T05:55:14.730001
txn_05810,user_455,990.59,USD,QuickLoans,CN,2026-01-04T23:55:14.730004
txn_05811,user_158,84.27,USD,Electronics Hub,GB,2025-12-25T03:55:14.730008
txn_05812,user_176,50.59,USD,Software Store,US,2025-10-11T17:55:14.730013
txn_05813,user_090,1674.25,USD,AdultWorld,RU,2026-01-04T15:55:14.730016
txn_05814,user_341,4245.66,USD,LuxuryStore,NG,2026-01-03T19:55:14.730020
txn_05815,user_034,98.04,USD,Amazon,IN,2025-10-29T11:55:14.730023
txn_05816,user_303,2463.37,USD,LuxuryStore,BR,2026-01-04T21:55:14.730026
txn_05817,user_117,28.96,USD,Electronics Hub,IN,2025-12-09T16:55:14.730030
txn_05818,user_075,98.55,USD,Amazon,IN,2025-10-30T11:55:14.730033
txn_05819,user_106,72.89,USD,Software Store,US,2025-11-20T18:55:14.730037
txn_05820,user_334,92.65,USD,McDonalds,US,2025-11-03T11:55:14.730040
txn_05821,user_404,15.89,USD,Local Grocery,GB,2025-10-18T20:55:14.730044
txn_05822,user_296,2527.74,USD,AdultWorld,RU,2026-01-04T07:55:14.730047
txn_05823,user_226,34.87,USD,McDonalds,IN,2026-01-02T07:55:14.730051
txn_05824,user_398,75.96,USD,Uber,IN,2025-10-15T22:55:14.730056
txn_05825,user_297,1404.96,USD,QuickLoans,BR,2026-01-04T05:55:14.730059
txn_05826,user_275,24.66,USD,Spotify,US,2025-11-22T19:55:14.730063
txn_05827,user_041,30.96,USD,Netflix,IN,2025-11-16T11:55:14.730067
txn_05828,user_434,70.01,USD,Local Grocery,US,2025-12-01T11:55:14.730071
txn_05829,user_293,94.41,USD,Local Grocery,IN,2025-12-06T05:55:14.730075
txn_05830,user_263,68.1,USD,Netflix,US,2025-11-09T00:55:14.730079
txn_05831,user_180,66.78,USD,Electronics Hub,IN,2025-12-14T13:55:14.730082
txn_05832,user_498,98.43,USD,Spotify,IN,2025-11-26T00:55:14.730086
txn_05833,user_228,1273.03,USD,AdultWorld,CN,2026-01-04T11:55:14.730089
txn_05834,user_162,57.8,USD,Spotify,IN,2025-10-20T18:55:14.730093
txn_05835,user_128,907.13,USD,Online Gaming Co,RU,2026-01-04T09:55:14.730096
txn_05836,user_246,1078.06,USD,Exotic Jewelry,RU,2026-01-04T01:55:14.730099
txn_05837,user_089,72.98,USD,Local Grocery,GB,2026-01-04T23:55:14.730103
txn_05838,user_250,44.59,USD,Electronics Hub,GB,2025-11-05T13:55:14.730106
txn_05839,user_332,87.25,USD,Local Grocery,US,2025-11-04T02:55:14.730110
txn_05840,user_281,25.34,USD,Spotify,US,2025-11-21T12:55:14.730114
txn_05841,user_398,46.22,USD,Amazon,GB,2025-11-29T23:55:14.730118
txn_05842,user_304,2275.74,USD,QuickLoans,RU,2026-01-03T22:55:14.730121
txn_05843,user_052,12.0,USD,Electronics Hub,US,2025-12-01T14:55:14.730126
txn_05844,user_078,71.6,USD,McDonalds,US,2025-10-08T15:55:14.730131
txn_05845,user_145,80.89,USD,Local Grocery,IN,2025-12-08T15:55:14.730135
txn_05846,user_020,25.25,USD,Uber,GB,2025-10-26T18:55:14.730138
txn_05847,user_472,94.67,USD,Netflix,IN,2025-11-08T10:55:14.730142
txn_05848,user_150,20.52,USD,Local Grocery,IN,2025-12-12T00:55:14.730148
txn_05849,user_011,52.68,USD,Software Store,GB,2025-11-10T09:55:14.730152
txn_05850,user_066,84.77,USD,McDonalds,IN,2025-12-12T07:55:14.730156
txn_05851,user_419,82.35,USD,Local Grocery,US,2025-10-06T11:55:14.730160
txn_05852,user_098,16.3,USD,Spotify,US,2025-12-14T06:55:14.730163
txn_05853,user_017,24.05,USD,Starbucks,IN,2025-11-22T19:55:14.730167
txn_05854,user_170,48.39,USD,Starbucks,IN,2025-11-29T20:55:14.730171
txn_05855,user_384,37.91,USD,TravelHub,US,2025-10-21T22:55:14.730175
txn_05856,user_070,6.62,USD,Spotify,US,2026-01-04T17:55:14.730178
txn_05857,user_065,98.59,USD,McDonalds,IN,2026-01-03T04:55:14.730182
txn_05858,user_132,51.88,USD,Spotify,GB,2025-10-07T21:55:14.730186
txn_05859,user_354,2024.13,USD,Exotic Jewelry,RU,2026-01-04T15:55:14.730189
txn_05860,user_500,12.88,USD,Electronics Hub,GB,2025-12-07T20:55:14.730193
txn_05861,user_301,3723.01,USD,Exotic Jewelry,RU,2026-01-04T04:55:14.730197
txn_05862,user_182,1166.75,USD,AdultWorld,BR,2026-01-04T10:55:14.730200
txn_05863,user_225,33.13,USD,Spotify,IN,2025-10-12T22:55:14.730205
txn_05864,user_367,39.78,USD,Software Store,US,2025-11-24T07:55:14.730209
txn_05865,user_272,77.28,USD,Spotify,GB,2025-12-25T23:55:14.730213
txn_05866,user_296,34.32,USD,Software Store,US,2026-01-02T03:55:14.730216
txn_05867,user_392,2805.89,USD,Exotic Jewelry,BR,2026-01-04T03:55:14.730220
txn_05868,user_204,55.94,USD,Electronics Hub,IN,2025-10-30T12:55:14.730223
txn_05869,user_030,23.29,USD,Electronics Hub,GB,2025-11-09T00:55:14.730227
txn_05870,user_338,7.81,USD,Software Store,IN,2025-11-16T01:55:14.730231
txn_05871,user_454,77.02,USD,Software Store,US,2025-11-19T12:55:14.730234
txn_05872,user_167,66.32,USD,Software Store,GB,2025-11-24T12:55:14.730238
txn_05873,user_174,1874.65,USD,AdultWorld,CN,2026-01-05T05:55:14.730242
txn_05874,user_144,18.28,USD,Amazon,GB,2025-10-24T09:55:14.730245
txn_05875,user_054,54.04,USD,Spotify,GB,2025-11-18T10:55:14.730249
txn_05876,user_326,97.54,USD,Spotify,IN,2025-12-23T13:55:14.730254
txn_05877,user_445,4226.38,USD,AdultWorld,RU,2026-01-04T13:55:14.730257
txn_05878,user_188,79.39,USD,Starbucks,IN,2025-10-21T08:55:14.730261
txn_05879,user_076,45.61,USD,Netflix,GB,2025-12-19T10:55:14.730265
txn_05880,user_137,51.68,USD,TravelHub,GB,2025-11-15T12:55:14.730268
txn_05881,user_049,57.98,USD,Uber,US,2025-11-23T10:55:14.730272
txn_05882,user_317,74.19,USD,Software Store,IN,2026-01-01T16:55:14.730277
txn_05883,user_210,19.63,USD,Electronics Hub,GB,2025-11-22T22:55:14.730280
txn_05884,user_098,67.66,USD,Uber,GB,2025-10-18T15:55:14.730284
txn_05885,user_495,25.75,USD,Netflix,GB,2025-10-12T02:55:14.730287
txn_05886,user_212,91.05,USD,McDonalds,US,2025-12-23T16:55:14.730291
txn_05887,user_043,85.2,USD,Starbucks,IN,2025-11-01T11:55:14.730295
txn_05888,user_095,14.07,USD,Electronics Hub,US,2025-12-31T02:55:14.730298
txn_05889,user_208,6.36,USD,Local Grocery,IN,2025-10-17T23:55:14.730302
txn_05890,user_451,11.87,USD,Starbucks,US,2025-12-10T21:55:14.730307
txn_05891,user_453,24.39,USD,Electronics Hub,US,2025-12-23T09:55:14.730311
txn_05892,user_265,29.52,USD,Uber,US,2025-10-29T06:55:14.730314
txn_05893,user_402,41.57,USD,Electronics Hub,US,2025-12-08T19:55:14.730318
txn_05894,user_090,4001.38,USD,AdultWorld,NG,2026-01-05T06:55:14.730321
txn_05895,user_129,99.01,USD,McDonalds,IN,2025-12-16T05:55:14.730325
txn_05896,user_036,1768.75,USD,Online Gaming Co,NG,2026-01-05T05:55:14.730328
txn_05897,user_048,97.04,USD,Netflix,IN,2025-12-31T20:55:14.730331
txn_05898,user_013,33.31,USD,Software Store,US,2025-10-17T01:55:14.730336
txn_05899,user_397,75.18,USD,Software Store,IN,2025-11-06T02:55:14.730340
txn_05900,user_177,1091.08,USD,Exotic Jewelry,RU,2026-01-03T09:55:14.730343
txn_05901,user_240,71.8,USD,Starbucks,GB,2025-12-25T08:55:14.730347
txn_05902,user_230,55.45,USD,Spotify,US,2025-12-04T06:55:14.730352
txn_05903,user_233,20.55,USD,Netflix,GB,2025-11-10T13:55:14.730355
txn_05904,user_442,11.62,USD,Netflix,US,2025-10-24T06:55:14.730359
txn_05905,user_193,73.22,USD,Electronics Hub,US,2025-10-18T03:55:14.730362
txn_05906,user_006,56.78,USD,Uber,US,2025-12-20T01:55:14.730366
txn_05907,user_005,93.19,USD,Uber,US,2025-11-28T17:55:14.730369
txn_05908,user_303,74.79,USD,Local Grocery,US,2025-12-10T01:55:14.730374
txn_05909,user_031,54.19,USD,Netflix,IN,2026-01-03T22:55:14.730378
txn_05910,user_396,2831.01,USD,Exotic Jewelry,BR,2026-01-03T10:55:14.730381
txn_05911,user_485,63.53,USD,Electronics Hub,US,2026-01-04T11:55:14.730385
txn_05912,user_009,71.03,USD,Starbucks,US,2025-11-13T22:55:14.730389
txn_05913,user_210,22.5,USD,Local Grocery,IN,2025-12-02T11:55:14.730393
txn_05914,user_012,1471.84,USD,Online Gaming Co,RU,2026-01-04T09:55:14.730396
txn_05915,user_170,59.35,USD,Local Grocery,US,2025-12-14T18:55:14.730400
txn_05916,user_267,3228.49,USD,QuickLoans,RU,2026-01-05T09:55:14.730403
txn_05917,user_390,98.32,USD,Amazon,GB,2025-10-26T18:55:14.730407
txn_05918,user_055,2111.67,USD,AdultWorld,BR,2026-01-05T09:55:14.730410
txn_05919,user_230,14.44,USD,Software Store,GB,2025-10-18T04:55:14.730413
txn_05920,user_405,17.32,USD,Amazon,GB,2025-11-14T21:55:14.730417
txn_05921,user_179,47.24,USD,Starbucks,GB,2025-11-23T23:55:14.730422
txn_05922,user_390,83.02,USD,Spotify,IN,2025-12-25T12:55:14.730426
txn_05923,user_491,57.71,USD,Local Grocery,GB,2025-10-18T17:55:14.730429
txn_05924,user_494,86.38,USD,Spotify,IN,2025-11-30T07:55:14.730433
txn_05925,user_107,15.74,USD,Local Grocery,GB,2025-12-26T00:55:14.730437
txn_05926,user_325,51.8,USD,Starbucks,GB,2026-01-05T01:55:14.730440
txn_05927,user_255,85.61,USD,McDonalds,IN,2025-10-12T09:55:14.730444
txn_05928,user_269,1194.15,USD,QuickLoans,CN,2026-01-05T04:55:14.730448
txn_05929,user_284,45.21,USD,Amazon,GB,2025-10-18T00:55:14.730451
txn_05930,user_027,17.75,USD,Amazon,IN,2025-11-02T17:55:14.730456
txn_05931,user_389,27.23,USD,McDonalds,US,2025-11-05T11:55:14.730460
txn_05932,user_238,79.21,USD,Electronics Hub,GB,2025-11-12T06:55:14.730463
txn_05933,user_332,13.17,USD,McDonalds,US,2025-10-23T06:55:14.730467
txn_05934,user_285,38.73,USD,Starbucks,IN,2025-11-27T08:55:14.730470
txn_05935,user_421,46.1,USD,Amazon,US,2025-11-09T17:55:14.730474
txn_05936,user_070,1106.96,USD,QuickLoans,RU,2026-01-03T15:55:14.730477
txn_05937,user_316,85.95,USD,Netflix,US,2025-12-13T14:55:14.730480
txn_05938,user_026,34.84,USD,Software Store,GB,2025-12-06T12:55:14.730484
txn_05939,user_106,43.59,USD,Software Store,IN,2025-10-08T17:55:14.730487
txn_05940,user_115,90.84,USD,Amazon,GB,2025-10-21T07:55:14.730492
txn_05941,user_339,92.5,USD,Local Grocery,US,2025-11-21T07:55:14.730497
txn_05942,user_331,91.69,USD,Software Store,IN,2025-12-01T03:55:14.730501
txn_05943,user_385,30.37,USD,Amazon,IN,2025-12-08T20:55:14.730505
txn_05944,user_344,34.46,USD,Amazon,US,2025-12-22T08:55:14.730509
txn_05945,user_193,86.46,USD,Uber,US,2025-12-05T22:55:14.730512
txn_05946,user_378,85.89,USD,Starbucks,US,2025-10-15T02:55:14.730516
txn_05947,user_243,84.82,USD,Uber,US,2025-12-13T21:55:14.730519
txn_05948,user_394,1982.18,USD,Online Gaming Co,CN,2026-01-04T10:55:14.730523
txn_05949,user_013,4633.57,USD,QuickLoans,CN,2026-01-04T19:55:14.730526
txn_05950,user_288,4803.95,USD,Exotic Jewelry,CN,2026-01-04T23:55:14.730531
txn_05951,user_328,95.3,USD,Uber,GB,2025-10-11T15:55:14.730534
txn_05952,user_237,20.53,USD,Netflix,US,2025-10-10T03:55:14.730538
txn_05953,user_161,87.43,USD,Software Store,IN,2025-11-04T08:55:14.730543
txn_05954,user_447,50.4,USD,McDonalds,US,2025-12-01T21:55:14.730546
txn_05955,user_078,87.85,USD,Local Grocery,GB,2025-11-20T17:55:14.730550
txn_05956,user_186,22.16,USD,Spotify,IN,2026-01-01T16:55:14.730553
txn_05957,user_381,23.41,USD,Software Store,US,2025-11-04T00:55:14.730557
txn_05958,user_100,42.7,USD,Local Grocery,US,2025-11-26T15:55:14.730560
txn_05959,user_085,2178.0,USD,LuxuryStore,NG,2026-01-03T15:55:14.730564
txn_05960,user_033,83.54,USD,Electronics Hub,US,2025-11-02T06:55:14.730572
txn_05961,user_467,10.03,USD,Amazon,US,2025-10-08T00:55:14.730575
txn_05962,user_348,25.79,USD,Netflix,IN,2025-11-18T09:55:14.730579
txn_05963,user_097,80.33,USD,Spotify,US,2025-12-24T20:55:14.730583
txn_05964,user_069,4126.71,USD,Exotic Jewelry,RU,2026-01-05T01:55:14.730586
txn_05965,user_107,66.84,USD,McDonalds,IN,2025-10-30T23:55:14.730589
txn_05966,user_025,1835.91,USD,LuxuryStore,NG,2026-01-04T15:55:14.730593
txn_05967,user_070,4805.63,USD,Online Gaming Co,CN,2026-01-03T10:55:14.730596
txn_05968,user_491,84.95,USD,Software Store,IN,2025-12-08T11:55:14.730600
txn_05969,user_464,72.28,USD,Electronics Hub,IN,2025-11-28T07:55:14.730604
txn_05970,user_043,47.92,USD,Amazon,GB,2025-10-15T03:55:14.730607
txn_05971,user_268,4626.03,USD,LuxuryStore,BR,2026-01-04T08:55:14.730611
txn_05972,user_331,62.05,USD,Amazon,IN,2025-12-23T07:55:14.730616
txn_05973,user_223,46.17,USD,Electronics Hub,IN,2025-11-01T08:55:14.730619
txn_05974,user_072,98.9,USD,McDonalds,GB,2025-11-17T13:55:14.730623
txn_05975,user_386,1783.89,USD,Online Gaming Co,CN,2026-01-04T00:55:14.730626
txn_05976,user_103,68.24,USD,Amazon,US,2025-11-20T09:55:14.730630
txn_05977,user_487,35.31,USD,Netflix,US,2025-11-07T04:55:14.730633
txn_05978,user_130,91.71,USD,Starbucks,US,2025-12-13T04:55:14.730637
txn_05979,user_443,85.72,USD,Netflix,IN,2025-12-07T18:55:14.730640
txn_05980,user_409,99.39,USD,Starbucks,GB,2025-12-29T16:55:14.730645
txn_05981,user_387,27.91,USD,Spotify,US,2025-12-17T19:55:14.730649
txn_05982,user_425,14.14,USD,Netflix,IN,2025-12-29T21:55:14.730653
txn_05983,user_050,23.53,USD,Uber,US,2025-11-24T11:55:14.730656
txn_05984,user_260,85.7,USD,Uber,IN,2025-10-28T14:55:14.730660
txn_05985,user_147,64.57,USD,TravelHub,US,2025-12-25T01:55:14.730663
txn_05986,user_352,64.37,USD,Spotify,IN,2025-12-07T04:55:14.730667
txn_05987,user_346,17.01,USD,Uber,IN,2025-10-12T21:55:14.730671
txn_05988,user_083,26.84,USD,Electronics Hub,IN,2025-11-04T16:55:14.730674
txn_05989,user_071,3288.74,USD,LuxuryStore,BR,2026-01-05T06:55:14.730677
txn_05990,user_204,11.98,USD,Electronics Hub,GB,2025-11-19T14:55:14.730681
txn_05991,user_308,67.7,USD,Amazon,IN,2025-11-22T10:55:14.730685
txn_05992,user_210,8.34,USD,Software Store,US,2025-11-18T09:55:14.730688
txn_05993,user_249,804.96,USD,QuickLoans,RU,2026-01-04T07:55:14.730691
txn_05994,user_266,22.05,USD,TravelHub,GB,2025-12-27T11:55:14.730695
txn_05995,user_460,76.56,USD,Local Grocery,US,2025-10-13T03:55:14.730698
txn_05996,user_486,4921.06,USD,QuickLoans,NG,2026-01-04T14:55:14.730701
txn_05997,user_487,34.4,USD,McDonalds,US,2025-12-30T12:55:14.730705
txn_05998,user_375,91.55,USD,Local Grocery,GB,2025-12-29T18:55:14.730708
txn_05999,user_426,3793.14,USD,Online Gaming Co,BR,2026-01-03T21:55:14.730713
txn_06000,user_384,15.35,USD,TravelHub,US,2025-11-19T17:55:14.730717
txn_06001,user_418,40.81,USD,Local Grocery,GB,2025-11-21T19:55:14.730721
txn_06002,user_378,1340.45,USD,Online Gaming Co,RU,2026-01-05T03:55:14.730724
txn_06003,user_468,85.15,USD,Local Grocery,US,2025-10-06T17:55:14.730729
txn_06004,user_370,21.93,USD,McDonalds,IN,2025-11-20T13:55:14.730733
txn_06005,user_422,50.3,USD,TravelHub,IN,2025-12-23T09:55:14.730737
txn_06006,user_057,1344.16,USD,Exotic Jewelry,RU,2026-01-04T15:55:14.730740
txn_06007,user_418,87.27,USD,TravelHub,US,2025-12-11T12:55:14.730743
txn_06008,user_184,37.33,USD,Uber,GB,2025-11-02T00:55:14.730747
txn_06009,user_439,18.99,USD,TravelHub,IN,2025-11-27T19:55:14.730750
txn_06010,user_294,39.62,USD,Electronics Hub,GB,2025-10-13T18:55:14.730754
txn_06011,user_297,86.59,USD,Amazon,US,2025-10-30T04:55:14.730758
txn_06012,user_020,16.32,USD,Uber,US,2025-11-07T04:55:14.730761
txn_06013,user_354,73.12,USD,Electronics Hub,US,2025-12-22T04:55:14.730765
txn_06014,user_027,16.79,USD,Local Grocery,US,2025-12-29T21:55:14.730768
txn_06015,user_142,92.54,USD,McDonalds,US,2025-11-16T17:55:14.730772
txn_06016,user_111,59.8,USD,Software Store,IN,2025-10-15T22:55:14.730776
txn_06017,user_086,54.28,USD,Amazon,IN,2025-12-24T17:55:14.730779
txn_06018,user_303,18.06,USD,Starbucks,US,2025-11-03T04:55:14.730783
txn_06019,user_279,84.84,USD,Electronics Hub,IN,2025-12-07T14:55:14.730788
txn_06020,user_362,86.67,USD,Amazon,IN,2025-12-04T20:55:14.730791
txn_06021,user_418,85.71,USD,Amazon,GB,2025-10-22T11:55:14.730795
txn_06022,user_254,93.91,USD,TravelHub,IN,2025-12-24T23:55:14.730798
txn_06023,user_239,96.79,USD,Spotify,IN,2025-12-15T19:55:14.730802
txn_06024,user_197,47.51,USD,Amazon,GB,2026-01-03T21:55:14.730806
txn_06025,user_180,48.87,USD,Local Grocery,IN,2025-11-21T01:55:14.730809
txn_06026,user_401,72.76,USD,Electronics Hub,IN,2025-11-07T09:55:14.730813
txn_06027,user_053,44.27,USD,Electronics Hub,IN,2025-11-21T08:55:14.730817
txn_06028,user_498,61.59,USD,Amazon,IN,2025-10-12T10:55:14.730821
txn_06029,user_159,14.28,USD,Uber,IN,2025-12-11T03:55:14.730824
txn_06030,user_417,89.02,USD,McDonalds,IN,2025-12-05T20:55:14.730828
txn_06031,user_389,20.66,USD,McDonalds,GB,2026-01-04T20:55:14.730832
txn_06032,user_052,73.13,USD,TravelHub,US,2025-10-12T16:55:14.730836
txn_06033,user_140,2974.07,USD,QuickLoans,RU,2026-01-04T15:55:14.730839
txn_06034,user_398,97.14,USD,Netflix,GB,2025-11-18T00:55:14.730843
txn_06035,user_298,3119.76,USD,LuxuryStore,NG,2026-01-03T22:55:14.730848
txn_06036,user_234,1075.9,USD,QuickLoans,RU,2026-01-05T04:55:14.730851
txn_06037,user_078,27.98,USD,McDonalds,US,2025-12-23T03:55:14.730855
txn_06038,user_210,97.83,USD,Starbucks,US,2025-12-04T18:55:14.730860
txn_06039,user_241,17.07,USD,Spotify,US,2025-11-26T14:55:14.730863
txn_06040,user_226,81.39,USD,TravelHub,US,2025-10-13T06:55:14.730867
txn_06041,user_430,29.93,USD,Amazon,IN,2025-11-27T09:55:14.730871
txn_06042,user_411,46.77,USD,Starbucks,GB,2025-11-09T16:55:14.730874
txn_06043,user_304,2702.16,USD,LuxuryStore,BR,2026-01-04T15:55:14.730877
txn_06044,user_164,90.49,USD,Starbucks,IN,2025-12-24T11:55:14.730881
txn_06045,user_275,62.26,USD,TravelHub,US,2025-10-21T00:55:14.730885
txn_06046,user_396,83.27,USD,Software Store,IN,2025-10-27T11:55:14.730888
txn_06047,user_185,3618.25,USD,Exotic Jewelry,CN,2026-01-03T16:55:14.730891
txn_06048,user_089,60.85,USD,Amazon,GB,2025-12-17T13:55:14.730895
txn_06049,user_079,61.43,USD,Spotify,IN,2025-12-09T02:55:14.730898
txn_06050,user_250,62.1,USD,Uber,IN,2025-11-28T07:55:14.730902
txn_06051,user_085,25.75,USD,TravelHub,GB,2025-12-23T14:55:14.730906
txn_06052,user_165,47.87,USD,Amazon,GB,2026-01-01T05:55:14.730911
txn_06053,user_053,66.33,USD,Spotify,US,2025-11-02T03:55:14.730914
txn_06054,user_069,4452.11,USD,LuxuryStore,RU,2026-01-04T13:55:14.730918
txn_06055,user_089,49.32,USD,Netflix,IN,2025-10-13T05:55:14.730921
txn_06056,user_441,67.39,USD,TravelHub,US,2025-10-07T06:55:14.730925
txn_06057,user_387,57.35,USD,Uber,US,2025-10-26T09:55:14.730928
txn_06058,user_225,99.39,USD,Uber,IN,2025-12-20T14:55:14.730933
txn_06059,user_388,3820.3,USD,QuickLoans,CN,2026-01-04T18:55:14.730936
txn_06060,user_358,44.16,USD,Amazon,GB,2025-11-26T23:55:14.730940
txn_06061,user_338,29.16,USD,TravelHub,US,2026-01-03T14:55:14.730944
txn_06062,user_071,46.76,USD,TravelHub,GB,2025-12-01T06:55:14.730947
txn_06063,user_275,1022.26,USD,Online Gaming Co,RU,2026-01-04T09:55:14.730951
txn_06064,user_263,57.97,USD,Software Store,IN,2025-11-19T07:55:14.730954
txn_06065,user_435,79.67,USD,Starbucks,GB,2025-12-13T01:55:14.730958
txn_06066,user_076,94.19,USD,TravelHub,US,2025-11-23T02:55:14.730961
txn_06067,user_115,59.78,USD,TravelHub,IN,2025-11-15T11:55:14.730966
txn_06068,user_177,9.51,USD,Amazon,IN,2025-12-06T20:55:14.730970
txn_06069,user_438,2861.04,USD,LuxuryStore,CN,2026-01-03T14:55:14.730973
txn_06070,user_255,39.34,USD,Local Grocery,IN,2025-12-02T06:55:14.730977
txn_06071,user_325,84.22,USD,Uber,GB,2025-10-12T00:55:14.730981
txn_06072,user_157,6.69,USD,Software Store,IN,2025-10-11T20:55:14.730984
txn_06073,user_133,46.11,USD,Spotify,US,2025-11-28T01:55:14.730988
txn_06074,user_290,84.32,USD,Electronics Hub,IN,2025-11-20T02:55:14.730991
txn_06075,user_088,56.04,USD,Software Store,GB,2025-12-10T17:55:14.730995
txn_06076,user_336,44.5,USD,Uber,IN,2025-11-18T21:55:14.730998
txn_06077,user_391,25.89,USD,Amazon,GB,2025-11-15T17:55:14.731003
txn_06078,user_417,79.24,USD,TravelHub,US,2025-10-13T08:55:14.731007
txn_06079,user_494,71.2,USD,Starbucks,IN,2025-10-25T15:55:14.731010
txn_06080,user_153,6.92,USD,Local Grocery,GB,2025-12-09T11:55:14.731014
txn_06081,user_369,83.53,USD,Starbucks,GB,2025-12-16T18:55:14.731019
txn_06082,user_493,59.68,USD,Netflix,IN,2025-10-21T12:55:14.731023
txn_06083,user_337,2694.21,USD,Exotic Jewelry,RU,2026-01-04T23:55:14.731026
txn_06084,user_370,95.67,USD,TravelHub,IN,2025-11-24T09:55:14.731030
txn_06085,user_204,46.95,USD,Starbucks,IN,2025-11-08T20:55:14.731034
txn_06086,user_400,2478.35,USD,Online Gaming Co,RU,2026-01-04T21:55:14.731037
txn_06087,user_136,86.87,USD,Uber,US,2025-12-08T02:55:14.731041
txn_06088,user_070,26.45,USD,Amazon,IN,2025-11-10T06:55:14.731044
txn_06089,user_150,86.28,USD,Uber,IN,2025-10-19T17:55:14.731048
txn_06090,user_065,89.55,USD,Amazon,IN,2025-10-11T04:55:14.731052
txn_06091,user_029,8.18,USD,Starbucks,US,2025-10-18T11:55:14.731055
txn_06092,user_488,1819.1,USD,Exotic Jewelry,CN,2026-01-03T17:55:14.731059
txn_06093,user_343,3922.8,USD,QuickLoans,BR,2026-01-04T04:55:14.731062
txn_06094,user_211,27.47,USD,Uber,US,2025-10-30T12:55:14.731066
txn_06095,user_330,54.93,USD,Uber,IN,2025-10-16T21:55:14.731070
txn_06096,user_077,26.26,USD,Amazon,US,2025-10-06T14:55:14.731073
txn_06097,user_251,2227.27,USD,QuickLoans,NG,2026-01-04T04:55:14.731078
txn_06098,user_117,69.26,USD,Software Store,IN,2025-11-01T20:55:14.731082
txn_06099,user_146,896.17,USD,LuxuryStore,BR,2026-01-04T13:55:14.731086
txn_06100,user_405,55.33,USD,Starbucks,GB,2025-10-19T16:55:14.731090
txn_06101,user_044,64.47,USD,Local Grocery,GB,2025-10-15T04:55:14.731094
txn_06102,user_308,3460.85,USD,LuxuryStore,NG,2026-01-04T20:55:14.731097
txn_06103,user_411,98.83,USD,Spotify,GB,2025-12-15T14:55:14.731102
txn_06104,user_211,33.85,USD,McDonalds,IN,2025-10-12T15:55:14.731106
txn_06105,user_044,22.16,USD,Starbucks,GB,2025-11-06T16:55:14.731109
txn_06106,user_245,15.23,USD,Software Store,GB,2025-10-28T00:55:14.731113
txn_06107,user_424,3263.09,USD,Exotic Jewelry,NG,2026-01-03T19:55:14.731117
txn_06108,user_004,97.65,USD,Spotify,US,2025-10-07T12:55:14.731120
txn_06109,user_401,35.82,USD,Starbucks,IN,2025-10-22T16:55:14.731124
txn_06110,user_373,23.99,USD,TravelHub,US,2025-12-26T05:55:14.731127
txn_06111,user_247,4999.8,USD,QuickLoans,RU,2026-01-03T18:55:14.731130
txn_06112,user_187,3218.26,USD,LuxuryStore,NG,2026-01-04T02:55:14.731134
txn_06113,user_416,2643.7,USD,AdultWorld,BR,2026-01-04T10:55:14.731137
txn_06114,user_326,3797.96,USD,QuickLoans,RU,2026-01-05T03:55:14.731141
txn_06115,user_376,95.1,USD,TravelHub,GB,2025-11-01T15:55:14.731144
txn_06116,user_332,76.03,USD,Uber,IN,2025-10-22T20:55:14.731149
txn_06117,user_476,34.26,USD,TravelHub,IN,2025-10-10T11:55:14.731153
txn_06118,user_073,2285.52,USD,Online Gaming Co,RU,2026-01-05T08:55:14.731156
txn_06119,user_091,984.41,USD,QuickLoans,RU,2026-01-04T03:55:14.731159
txn_06120,user_187,81.59,USD,TravelHub,IN,2025-12-27T03:55:14.731163
txn_06121,user_238,58.62,USD,McDonalds,US,2026-01-03T03:55:14.731167
txn_06122,user_450,87.73,USD,Spotify,GB,2026-01-05T02:55:14.731170
txn_06123,user_345,93.48,USD,Software Store,GB,2025-10-14T04:55:14.731174
txn_06124,user_178,1042.56,USD,LuxuryStore,CN,2026-01-03T16:55:14.731177
txn_06125,user_364,6.16,USD,Uber,US,2025-11-20T07:55:14.731181
txn_06126,user_006,17.11,USD,Local Grocery,GB,2025-11-21T01:55:14.731185
txn_06127,user_149,78.86,USD,Starbucks,US,2025-10-17T11:55:14.731188
txn_06128,user_298,41.04,USD,TravelHub,US,2025-10-29T07:55:14.731192
txn_06129,user_383,67.67,USD,Amazon,US,2025-12-22T20:55:14.731195
txn_06130,user_438,55.66,USD,Software Store,IN,2025-12-19T02:55:14.731199
txn_06131,user_325,3765.71,USD,QuickLoans,RU,2026-01-04T00:55:14.731205
txn_06132,user_016,924.26,USD,LuxuryStore,CN,2026-01-04T13:55:14.731209
txn_06133,user_304,72.22,USD,Starbucks,IN,2025-10-20T00:55:14.731213
txn_06134,user_018,21.06,USD,Spotify,GB,2026-01-02T17:55:14.731216
txn_06135,user_105,6.43,USD,Starbucks,IN,2025-10-30T20:55:14.731220
txn_06136,user_468,47.23,USD,Software Store,GB,2025-12-01T18:55:14.731225
txn_06137,user_270,83.9,USD,Local Grocery,GB,2025-10-28T21:55:14.731229
txn_06138,user_188,49.19,USD,Netflix,US,2025-10-10T07:55:14.731233
txn_06139,user_007,96.6,USD,Starbucks,GB,2025-10-19T18:55:14.731236
txn_06140,user_466,94.73,USD,TravelHub,IN,2025-11-14T17:55:14.731240
txn_06141,user_063,35.1,USD,Software Store,IN,2025-11-29T23:55:14.731244
txn_06142,user_100,12.83,USD,Amazon,US,2025-11-18T13:55:14.731247
txn_06143,user_375,4175.93,USD,QuickLoans,RU,2026-01-04T03:55:14.731251
txn_06144,user_462,22.01,USD,Amazon,US,2025-12-21T09:55:14.731255
txn_06145,user_067,23.41,USD,Software Store,US,2025-10-12T22:55:14.731258
txn_06146,user_365,4143.84,USD,Exotic Jewelry,BR,2026-01-04T11:55:14.731261
txn_06147,user_182,7.96,USD,Local Grocery,GB,2025-11-12T11:55:14.731265
txn_06148,user_048,4830.66,USD,Exotic Jewelry,BR,2026-01-04T06:55:14.731268
txn_06149,user_229,69.56,USD,Amazon,IN,2025-11-05T20:55:14.731272
txn_06150,user_023,55.19,USD,Electronics Hub,US,2025-11-05T05:55:14.731276
txn_06151,user_408,93.61,USD,Netflix,GB,2025-11-12T20:55:14.731280
txn_06152,user_131,51.23,USD,Electronics Hub,US,2025-11-12T20:55:14.731283
txn_06153,user_452,3614.41,USD,QuickLoans,NG,2026-01-05T05:55:14.731287
txn_06154,user_205,55.22,USD,Netflix,GB,2025-12-13T14:55:14.731291
txn_06155,user_159,62.23,USD,Local Grocery,US,2025-12-14T14:55:14.731296
txn_06156,user_090,2902.89,USD,AdultWorld,RU,2026-01-04T11:55:14.731300
txn_06157,user_264,86.4,USD,TravelHub,IN,2025-12-02T14:55:14.731304
txn_06158,user_172,86.0,USD,Starbucks,GB,2025-12-16T18:55:14.731307
txn_06159,user_003,55.63,USD,Amazon,US,2025-10-09T11:55:14.731311
txn_06160,user_420,32.79,USD,TravelHub,IN,2025-10-26T21:55:14.731315
txn_06161,user_488,96.31,USD,Spotify,GB,2025-12-25T10:55:14.731318
txn_06162,user_447,95.72,USD,Uber,GB,2025-11-25T16:55:14.731322
txn_06163,user_051,68.58,USD,Spotify,IN,2025-12-05T01:55:14.731326
txn_06164,user_171,87.92,USD,Local Grocery,IN,2025-12-20T01:55:14.731331
txn_06165,user_165,98.16,USD,Amazon,IN,2025-12-30T12:55:14.731334
txn_06166,user_471,90.26,USD,Spotify,US,2026-01-04T18:55:14.731338
txn_06167,user_184,79.29,USD,TravelHub,IN,2025-11-16T10:55:14.731342
txn_06168,user_299,67.46,USD,Starbucks,GB,2025-11-14T17:55:14.731345
txn_06169,user_054,4694.55,USD,Online Gaming Co,CN,2026-01-03T13:55:14.731349
txn_06170,user_003,88.9,USD,Uber,GB,2025-10-09T14:55:14.731352
txn_06171,user_445,42.19,USD,Electronics Hub,US,2025-11-01T01:55:14.731356
txn_06172,user_066,77.08,USD,TravelHub,IN,2025-10-18T11:55:14.731360
txn_06173,user_488,75.93,USD,Netflix,US,2025-12-16T08:55:14.731363
txn_06174,user_365,82.45,USD,Spotify,US,2025-11-21T00:55:14.731367
txn_06175,user_251,11.4,USD,Electronics Hub,GB,2025-11-14T00:55:14.731372
txn_06176,user_021,52.82,USD,Netflix,IN,2025-12-19T10:55:14.731376
txn_06177,user_083,21.35,USD,Electronics Hub,US,2025-12-29T22:55:14.731380
txn_06178,user_162,88.63,USD,Local Grocery,US,2025-12-15T08:55:14.731383
txn_06179,user_231,82.22,USD,Amazon,IN,2025-12-07T08:55:14.731387
txn_06180,user_110,58.96,USD,TravelHub,IN,2025-12-30T05:55:14.731391
txn_06181,user_448,30.43,USD,McDonalds,GB,2025-11-29T09:55:14.731395
txn_06182,user_112,19.32,USD,Amazon,US,2025-10-07T07:55:14.731398
txn_06183,user_100,18.58,USD,Netflix,GB,2025-12-07T02:55:14.731402
txn_06184,user_414,61.44,USD,Local Grocery,US,2025-10-26T19:55:14.731406
txn_06185,user_084,30.46,USD,Uber,US,2025-12-02T15:55:14.731409
txn_06186,user_103,68.62,USD,Amazon,GB,2025-11-29T14:55:14.731413
txn_06187,user_089,35.55,USD,Uber,GB,2025-12-30T19:55:14.731416
txn_06188,user_117,43.72,USD,Netflix,IN,2025-11-14T15:55:14.731420
txn_06189,user_032,40.24,USD,Netflix,IN,2025-12-14T17:55:14.731423
txn_06190,user_479,22.62,USD,Netflix,GB,2025-11-18T23:55:14.731427
txn_06191,user_132,17.78,USD,Software Store,GB,2025-10-17T16:55:14.731430
txn_06192,user_034,83.46,USD,Uber,IN,2025-10-13T21:55:14.731434
txn_06193,user_316,56.84,USD,Electronics Hub,GB,2025-12-07T06:55:14.731438
txn_06194,user_454,45.74,USD,Uber,US,2025-10-14T01:55:14.731442
txn_06195,user_100,81.53,USD,Software Store,GB,2025-10-21T05:55:14.731448
txn_06196,user_258,75.65,USD,TravelHub,IN,2025-12-16T17:55:14.731451
txn_06197,user_433,26.75,USD,Local Grocery,US,2025-12-06T06:55:14.731455
txn_06198,user_201,1926.89,USD,LuxuryStore,NG,2026-01-04T06:55:14.731459
txn_06199,user_108,63.03,USD,Starbucks,IN,2025-12-25T02:55:14.731462
txn_06200,user_026,33.25,USD,Local Grocery,US,2025-11-26T03:55:14.731466
txn_06201,user_103,84.3,USD,Local Grocery,IN,2025-11-01T02:55:14.731470
txn_06202,user_066,4119.37,USD,Online Gaming Co,RU,2026-01-03T15:55:14.731474
txn_06203,user_012,92.26,USD,Local Grocery,GB,2025-12-06T19:55:14.731477
txn_06204,user_131,56.28,USD,Electronics Hub,US,2025-11-04T07:55:14.731482
txn_06205,user_315,25.58,USD,Software Store,GB,2025-12-09T01:55:14.731486
txn_06206,user_005,46.17,USD,Netflix,IN,2025-11-28T05:55:14.731489
txn_06207,user_013,5.61,USD,Amazon,US,2025-10-17T15:55:14.731493
txn_06208,user_447,50.41,USD,Local Grocery,GB,2025-11-12T16:55:14.731497
txn_06209,user_390,22.33,USD,Local Grocery,US,2025-11-05T15:55:14.731502
txn_06210,user_155,13.6,USD,Amazon,US,2025-10-29T04:55:14.731505
txn_06211,user_392,43.03,USD,Local Grocery,GB,2025-10-14T09:55:14.731509
txn_06212,user_027,28.1,USD,Uber,IN,2025-12-09T22:55:14.731513
txn_06213,user_328,40.12,USD,Starbucks,IN,2025-12-26T07:55:14.731517
txn_06214,user_231,33.88,USD,McDonalds,US,2025-10-17T05:55:14.731521
txn_06215,user_212,50.08,USD,McDonalds,US,2025-11-02T13:55:14.731525
txn_06216,user_471,27.8,USD,Netflix,US,2025-11-16T04:55:14.731529
txn_06217,user_426,56.22,USD,Local Grocery,GB,2025-12-17T07:55:14.731533
txn_06218,user_190,94.67,USD,Local Grocery,IN,2025-11-04T08:55:14.731537
txn_06219,user_288,32.62,USD,Electronics Hub,GB,2025-10-17T22:55:14.731540
txn_06220,user_107,84.25,USD,Uber,GB,2025-11-22T00:55:14.731544
txn_06221,user_117,81.36,USD,Netflix,US,2025-11-01T02:55:14.731548
txn_06222,user_095,27.95,USD,Software Store,US,2025-11-04T23:55:14.731551
txn_06223,user_040,4848.54,USD,Online Gaming Co,CN,2026-01-04T20:55:14.731555
txn_06224,user_222,4823.39,USD,Online Gaming Co,BR,2026-01-05T04:55:14.731558
txn_06225,user_101,34.18,USD,Amazon,IN,2025-12-26T06:55:14.731562
txn_06226,user_114,89.77,USD,Software Store,US,2025-11-05T08:55:14.731567
txn_06227,user_150,66.03,USD,Starbucks,GB,2025-11-04T02:55:14.731572
txn_06228,user_268,92.88,USD,McDonalds,GB,2025-11-19T12:55:14.731576
txn_06229,user_451,35.79,USD,Amazon,GB,2025-12-07T15:55:14.731580
txn_06230,user_327,31.63,USD,Local Grocery,US,2025-12-09T00:55:14.731584
txn_06231,user_294,18.67,USD,Electronics Hub,GB,2025-11-20T08:55:14.731588
txn_06232,user_235,65.18,USD,Netflix,GB,2025-11-10T08:55:14.731591
txn_06233,user_063,11.42,USD,Software Store,US,2025-12-06T00:55:14.731596
txn_06234,user_273,62.07,USD,Netflix,US,2025-10-31T08:55:14.731600
txn_06235,user_475,60.97,USD,Spotify,US,2025-11-22T02:55:14.731603
txn_06236,user_239,3953.76,USD,Online Gaming Co,BR,2026-01-04T19:55:14.731607
txn_06237,user_175,68.07,USD,Spotify,IN,2025-12-14T03:55:14.731611
txn_06238,user_209,3618.4,USD,QuickLoans,CN,2026-01-04T20:55:14.731614
txn_06239,user_420,83.32,USD,Software Store,US,2025-12-31T04:55:14.731618
txn_06240,user_303,43.51,USD,Local Grocery,GB,2025-12-18T02:55:14.731621
txn_06241,user_248,63.15,USD,Amazon,IN,2025-10-08T04:55:14.731625
txn_06242,user_417,70.36,USD,Starbucks,GB,2025-10-13T23:55:14.731629
txn_06243,user_298,4211.23,USD,Online Gaming Co,CN,2026-01-05T02:55:14.731632
txn_06244,user_113,84.39,USD,TravelHub,US,2025-12-11T12:55:14.731635
txn_06245,user_227,92.39,USD,Software Store,GB,2025-10-10T09:55:14.731639
txn_06246,user_071,70.6,USD,Netflix,US,2025-12-05T19:55:14.731643
txn_06247,user_159,13.24,USD,Netflix,GB,2025-12-09T14:55:14.731647
txn_06248,user_478,61.93,USD,Electronics Hub,GB,2025-11-07T14:55:14.731650
txn_06249,user_467,3739.22,USD,Online Gaming Co,CN,2026-01-03T13:55:14.731654
txn_06250,user_380,68.08,USD,Netflix,IN,2025-10-22T02:55:14.731657
txn_06251,user_037,14.21,USD,Uber,IN,2025-12-04T16:55:14.731661
txn_06252,user_451,86.65,USD,Software Store,GB,2025-10-19T17:55:14.731664
txn_06253,user_242,23.3,USD,Electronics Hub,GB,2025-12-13T03:55:14.731670
txn_06254,user_430,46.93,USD,Local Grocery,US,2025-11-18T17:55:14.731673
txn_06255,user_325,14.77,USD,Amazon,US,2025-12-05T10:55:14.731677
txn_06256,user_251,99.04,USD,TravelHub,US,2025-10-27T05:55:14.731682
txn_06257,user_372,98.49,USD,TravelHub,GB,2025-12-09T13:55:14.731686
txn_06258,user_027,93.26,USD,Software Store,US,2025-10-10T10:55:14.731691
txn_06259,user_248,36.73,USD,McDonalds,GB,2025-11-15T09:55:14.731695
txn_06260,user_114,8.88,USD,TravelHub,GB,2025-12-19T07:55:14.731698
txn_06261,user_178,21.25,USD,Uber,IN,2025-10-06T10:55:14.731702
txn_06262,user_287,60.79,USD,Electronics Hub,GB,2025-12-30T09:55:14.731705
txn_06263,user_232,30.32,USD,Spotify,GB,2025-11-21T13:55:14.731709
txn_06264,user_130,20.46,USD,Local Grocery,US,2025-12-30T02:55:14.731713
txn_06265,user_343,37.09,USD,Amazon,US,2025-12-19T16:55:14.731716
txn_06266,user_111,78.01,USD,Electronics Hub,IN,2025-11-28T02:55:14.731720
txn_06267,user_333,9.25,USD,Software Store,IN,2025-11-23T18:55:14.731724
txn_06268,user_261,680.01,USD,QuickLoans,CN,2026-01-05T03:55:14.731727
txn_06269,user_066,73.06,USD,Software Store,GB,2025-12-26T19:55:14.731731
txn_06270,user_439,31.36,USD,Netflix,IN,2025-11-02T21:55:14.731735
txn_06271,user_005,69.21,USD,McDonalds,IN,2025-11-05T22:55:14.731738
txn_06272,user_414,54.48,USD,McDonalds,GB,2025-12-10T17:55:14.731743
txn_06273,user_103,17.68,USD,Netflix,GB,2025-11-08T22:55:14.731747
txn_06274,user_320,1479.8,USD,LuxuryStore,BR,2026-01-04T12:55:14.731750
txn_06275,user_418,49.59,USD,Spotify,US,2025-10-25T01:55:14.731754
txn_06276,user_204,71.55,USD,Electronics Hub,GB,2026-01-04T03:55:14.731758
txn_06277,user_426,27.16,USD,Uber,US,2025-10-07T10:55:14.731761
txn_06278,user_473,86.11,USD,Spotify,IN,2025-11-17T04:55:14.731765
txn_06279,user_001,94.07,USD,Software Store,US,2025-11-05T20:55:14.731768
txn_06280,user_037,11.4,USD,Electronics Hub,GB,2025-12-19T02:55:14.731772
txn_06281,user_493,57.49,USD,McDonalds,GB,2025-10-31T12:55:14.731776
txn_06282,user_165,11.69,USD,McDonalds,US,2025-10-23T03:55:14.731780
txn_06283,user_443,15.57,USD,Starbucks,GB,2025-12-26T07:55:14.731783
txn_06284,user_398,86.63,USD,Amazon,US,2025-12-12T03:55:14.731787
txn_06285,user_407,15.48,USD,Starbucks,GB,2025-10-07T20:55:14.731790
txn_06286,user_105,81.66,USD,Starbucks,IN,2025-12-06T17:55:14.731794
txn_06287,user_352,1884.74,USD,QuickLoans,CN,2026-01-05T01:55:14.731797
txn_06288,user_212,45.11,USD,Spotify,US,2025-11-12T02:55:14.731801
txn_06289,user_300,43.41,USD,Uber,GB,2025-12-31T20:55:14.731804
txn_06290,user_130,2126.1,USD,AdultWorld,RU,2026-01-03T09:55:14.731809
txn_06291,user_279,58.66,USD,TravelHub,IN,2025-12-16T08:55:14.731813
txn_06292,user_311,12.2,USD,TravelHub,US,2025-10-17T11:55:14.731817
txn_06293,user_046,20.73,USD,McDonalds,GB,2025-11-27T00:55:14.731821
txn_06294,user_160,30.62,USD,Local Grocery,IN,2025-11-22T13:55:14.731825
txn_06295,user_329,20.66,USD,TravelHub,GB,2025-12-22T07:55:14.731829
txn_06296,user_409,5.16,USD,Spotify,GB,2025-11-11T17:55:14.731832
txn_06297,user_359,18.87,USD,Uber,GB,2025-10-20T22:55:14.731836
txn_06298,user_164,51.44,USD,Spotify,US,2025-12-05T16:55:14.731839
txn_06299,user_109,54.61,USD,Local Grocery,IN,2025-11-18T08:55:14.731843
txn_06300,user_277,55.27,USD,Starbucks,IN,2025-10-12T06:55:14.731847
txn_06301,user_120,32.75,USD,McDonalds,US,2025-12-31T14:55:14.731850
txn_06302,user_275,76.56,USD,Amazon,US,2025-12-31T16:55:14.731854
txn_06303,user_077,1072.19,USD,Online Gaming Co,RU,2026-01-04T00:55:14.731857
txn_06304,user_381,3717.31,USD,Exotic Jewelry,BR,2026-01-03T09:55:14.731860
txn_06305,user_017,48.93,USD,Starbucks,US,2025-11-22T20:55:14.731864
txn_06306,user_229,11.79,USD,McDonalds,IN,2025-10-28T04:55:14.731869
txn_06307,user_304,72.17,USD,Uber,IN,2025-11-16T01:55:14.731872
txn_06308,user_111,29.32,USD,Local Grocery,US,2025-10-22T13:55:14.731876
txn_06309,user_102,94.25,USD,Local Grocery,GB,2025-12-21T13:55:14.731880
txn_06310,user_132,34.43,USD,Software Store,IN,2025-11-29T13:55:14.731883
txn_06311,user_004,86.48,USD,TravelHub,GB,2025-10-21T22:55:14.731888
txn_06312,user_074,25.6,USD,Spotify,US,2025-12-11T03:55:14.731892
txn_06313,user_167,97.86,USD,McDonalds,US,2025-11-26T16:55:14.731895
txn_06314,user_369,1476.33,USD,AdultWorld,RU,2026-01-03T09:55:14.731899
txn_06315,user_041,71.08,USD,TravelHub,US,2025-12-06T03:55:14.731902
txn_06316,user_499,73.67,USD,Uber,US,2025-10-11T04:55:14.731906
txn_06317,user_492,3096.57,USD,Exotic Jewelry,NG,2026-01-04T14:55:14.731909
txn_06318,user_420,1427.0,USD,QuickLoans,CN,2026-01-05T03:55:14.731912
txn_06319,user_414,6.02,USD,Uber,GB,2025-10-28T22:55:14.731916
txn_06320,user_222,29.63,USD,Spotify,IN,2025-11-30T21:55:14.731920
txn_06321,user_006,4804.69,USD,AdultWorld,NG,2026-01-03T11:55:14.731923
txn_06322,user_069,16.76,USD,Starbucks,US,2025-11-03T02:55:14.731928
txn_06323,user_480,45.88,USD,Software Store,IN,2025-11-16T19:55:14.731932
txn_06324,user_453,1732.01,USD,AdultWorld,CN,2026-01-03T13:55:14.731935
txn_06325,user_123,47.15,USD,Netflix,IN,2025-11-24T09:55:14.731939
txn_06326,user_124,25.24,USD,TravelHub,IN,2025-12-17T02:55:14.731942
txn_06327,user_379,68.86,USD,Spotify,IN,2025-11-15T10:55:14.731946
txn_06328,user_390,3339.45,USD,AdultWorld,CN,2026-01-03T16:55:14.731949
txn_06329,user_302,1761.51,USD,QuickLoans,CN,2026-01-04T11:55:14.731953
txn_06330,user_256,49.88,USD,McDonalds,GB,2025-11-08T10:55:14.731956
txn_06331,user_065,77.13,USD,Amazon,GB,2025-12-21T06:55:14.731961
txn_06332,user_383,26.92,USD,Electronics Hub,GB,2025-10-24T14:55:14.731965
txn_06333,user_283,4424.96,USD,Online Gaming Co,RU,2026-01-05T07:55:14.731968
txn_06334,user_390,32.56,USD,Uber,US,2025-12-13T11:55:14.731972
txn_06335,user_348,92.57,USD,Electronics Hub,GB,2025-11-05T04:55:14.731979
txn_06336,user_134,55.86,USD,Amazon,IN,2025-12-17T05:55:14.731983
txn_06337,user_049,24.89,USD,Electronics Hub,GB,2025-12-02T07:55:14.731988
txn_06338,user_118,83.87,USD,Uber,IN,2025-10-13T16:55:14.731992
txn_06339,user_229,23.74,USD,Starbucks,GB,2025-12-09T20:55:14.731996
txn_06340,user_221,82.28,USD,TravelHub,IN,2025-10-29T20:55:14.732000
txn_06341,user_054,13.45,USD,Amazon,US,2025-11-10T12:55:14.732003
txn_06342,user_360,1745.81,USD,Exotic Jewelry,NG,2026-01-03T17:55:14.732006
txn_06343,user_198,84.01,USD,Local Grocery,GB,2025-11-28T03:55:14.732010
txn_06344,user_003,577.28,USD,AdultWorld,CN,2026-01-04T12:55:14.732013
txn_06345,user_245,44.76,USD,TravelHub,GB,2025-12-11T01:55:14.732017
txn_06346,user_051,13.3,USD,Software Store,US,2025-11-26T13:55:14.732021
txn_06347,user_433,64.61,USD,Local Grocery,IN,2025-11-18T16:55:14.732024
txn_06348,user_076,81.02,USD,Local Grocery,GB,2025-10-29T04:55:14.732028
txn_06349,user_028,17.33,USD,Amazon,IN,2025-11-05T01:55:14.732031
txn_06350,user_488,20.77,USD,TravelHub,IN,2025-11-04T15:55:14.732036
txn_06351,user_233,37.16,USD,Uber,IN,2025-10-21T07:55:14.732040
txn_06352,user_017,19.32,USD,Starbucks,US,2025-11-24T11:55:14.732044
txn_06353,user_352,55.81,USD,Amazon,US,2025-11-12T21:55:14.732047
txn_06354,user_377,99.06,USD,Electronics Hub,GB,2025-11-08T19:55:14.732052
txn_06355,user_363,31.08,USD,Spotify,GB,2025-10-09T05:55:14.732056
txn_06356,user_304,36.03,USD,McDonalds,US,2025-12-05T13:55:14.732060
txn_06357,user_284,722.64,USD,LuxuryStore,BR,2026-01-05T00:55:14.732063
txn_06358,user_477,83.68,USD,Spotify,GB,2025-11-08T12:55:14.732068
txn_06359,user_260,14.29,USD,Amazon,GB,2025-12-29T22:55:14.732072
txn_06360,user_137,77.02,USD,Netflix,GB,2025-12-20T15:55:14.732075
txn_06361,user_139,79.1,USD,Electronics Hub,GB,2025-10-12T23:55:14.732079
txn_06362,user_454,2906.24,USD,Online Gaming Co,CN,2026-01-04T18:55:14.732082
txn_06363,user_299,80.0,USD,Software Store,US,2025-12-01T02:55:14.732086
txn_06364,user_305,4615.58,USD,QuickLoans,BR,2026-01-05T07:55:14.732089
txn_06365,user_048,34.04,USD,Uber,GB,2025-10-14T11:55:14.732093
txn_06366,user_416,97.25,USD,Local Grocery,IN,2025-11-07T07:55:14.732097
txn_06367,user_241,2116.2,USD,QuickLoans,BR,2026-01-05T07:55:14.732100
txn_06368,user_461,44.12,USD,Software Store,GB,2025-12-17T20:55:14.732104
txn_06369,user_175,18.96,USD,McDonalds,US,2025-11-17T03:55:14.732108
txn_06370,user_328,74.76,USD,Electronics Hub,US,2025-12-29T02:55:14.732112
txn_06371,user_099,73.6,USD,Uber,GB,2025-12-25T15:55:14.732116
txn_06372,user_372,72.4,USD,Starbucks,IN,2025-12-13T01:55:14.732119
txn_06373,user_293,7.98,USD,Uber,GB,2025-12-31T21:55:14.732123
txn_06374,user_196,2392.45,USD,Exotic Jewelry,CN,2026-01-04T08:55:14.732126
txn_06375,user_472,42.31,USD,Uber,US,2025-11-22T16:55:14.732130
txn_06376,user_352,2526.06,USD,QuickLoans,CN,2026-01-05T04:55:14.732133
txn_06377,user_363,5.54,USD,Uber,GB,2025-11-16T16:55:14.732137
txn_06378,user_409,72.11,USD,Starbucks,IN,2025-12-28T17:55:14.732140
txn_06379,user_124,98.92,USD,TravelHub,GB,2025-10-24T20:55:14.732144
txn_06380,user_260,93.89,USD,Amazon,GB,2025-12-23T20:55:14.732148
txn_06381,user_087,77.08,USD,McDonalds,US,2025-10-14T18:55:14.732151
txn_06382,user_152,2720.01,USD,QuickLoans,NG,2026-01-04T10:55:14.732154
txn_06383,user_357,97.16,USD,Amazon,US,2025-10-11T17:55:14.732161
txn_06384,user_144,46.27,USD,Spotify,GB,2025-10-15T05:55:14.732165
txn_06385,user_186,74.9,USD,Netflix,IN,2025-11-18T17:55:14.732169
txn_06386,user_221,60.84,USD,Local Grocery,IN,2025-11-27T08:55:14.732173
txn_06387,user_192,1487.49,USD,Online Gaming Co,NG,2026-01-03T20:55:14.732177
txn_06388,user_280,1845.86,USD,QuickLoans,CN,2026-01-04T06:55:14.732180
txn_06389,user_072,85.3,USD,Software Store,US,2025-10-14T17:55:14.732185
txn_06390,user_384,7.67,USD,Local Grocery,US,2026-01-03T23:55:14.732189
txn_06391,user_436,85.3,USD,Starbucks,US,2025-12-10T15:55:14.732193
txn_06392,user_093,1654.28,USD,Online Gaming Co,CN,2026-01-05T03:55:14.732196
txn_06393,user_450,95.02,USD,Electronics Hub,US,2025-11-15T01:55:14.732200
txn_06394,user_291,48.39,USD,TravelHub,US,2025-11-11T20:55:14.732204
txn_06395,user_184,70.96,USD,Uber,IN,2025-10-30T10:55:14.732207
txn_06396,user_079,74.29,USD,TravelHub,US,2026-01-01T22:55:14.732211
txn_06397,user_228,93.07,USD,McDonalds,GB,2025-12-17T20:55:14.732214
txn_06398,user_167,49.19,USD,TravelHub,US,2025-10-28T23:55:14.732218
txn_06399,user_284,72.45,USD,Uber,IN,2025-11-28T07:55:14.732221
txn_06400,user_479,14.62,USD,Software Store,GB,2025-11-17T09:55:14.732225
txn_06401,user_129,90.89,USD,TravelHub,IN,2025-12-08T06:55:14.732229
txn_06402,user_500,37.17,USD,Local Grocery,GB,2025-12-14T00:55:14.732233
txn_06403,user_146,91.66,USD,McDonalds,IN,2025-11-08T18:55:14.732236
txn_06404,user_319,64.01,USD,Local Grocery,US,2025-10-11T17:55:14.732240
txn_06405,user_446,4354.83,USD,AdultWorld,CN,2026-01-05T03:55:14.732243
txn_06406,user_187,51.86,USD,Amazon,GB,2025-11-19T01:55:14.732247
txn_06407,user_035,87.12,USD,McDonalds,GB,2025-11-09T10:55:14.732250
txn_06408,user_335,79.61,USD,Netflix,GB,2025-11-24T11:55:14.732255
txn_06409,user_233,57.38,USD,Uber,GB,2025-10-28T14:55:14.732262
txn_06410,user_088,57.97,USD,Starbucks,IN,2025-11-27T18:55:14.732266
txn_06411,user_014,3898.77,USD,Online Gaming Co,RU,2026-01-04T10:55:14.732269
txn_06412,user_201,62.26,USD,Local Grocery,GB,2025-12-26T02:55:14.732273
txn_06413,user_269,40.61,USD,Starbucks,US,2025-12-16T12:55:14.732276
txn_06414,user_067,17.35,USD,Electronics Hub,US,2025-11-08T23:55:14.732280
txn_06415,user_200,58.67,USD,Netflix,US,2025-11-08T00:55:14.732284
txn_06416,user_410,42.99,USD,TravelHub,GB,2025-11-11T06:55:14.732288
txn_06417,user_241,77.53,USD,Starbucks,IN,2025-10-24T11:55:14.732291
txn_06418,user_320,50.59,USD,Starbucks,GB,2025-11-06T22:55:14.732296
txn_06419,user_013,79.48,USD,TravelHub,IN,2025-12-28T19:55:14.732299
txn_06420,user_155,26.59,USD,Starbucks,IN,2025-11-06T21:55:14.732303
txn_06421,user_201,47.64,USD,TravelHub,US,2025-12-20T02:55:14.732307
txn_06422,user_011,18.06,USD,Spotify,GB,2025-11-16T04:55:14.732310
txn_06423,user_343,33.25,USD,McDonalds,GB,2025-11-24T18:55:14.732314
txn_06424,user_135,74.92,USD,Amazon,IN,2025-10-25T11:55:14.732317
txn_06425,user_176,63.28,USD,Electronics Hub,GB,2026-01-04T10:55:14.732321
txn_06426,user_375,39.25,USD,Uber,US,2025-12-21T22:55:14.732324
txn_06427,user_338,91.18,USD,TravelHub,GB,2025-10-23T07:55:14.732328
txn_06428,user_094,8.1,USD,Software Store,IN,2025-12-10T20:55:14.732333
txn_06429,user_246,889.61,USD,Exotic Jewelry,BR,2026-01-03T21:55:14.732336
txn_06430,user_058,49.01,USD,Netflix,IN,2025-10-09T05:55:14.732340
txn_06431,user_394,692.36,USD,QuickLoans,CN,2026-01-04T04:55:14.732344
txn_06432,user_293,94.43,USD,Electronics Hub,US,2025-11-14T15:55:14.732347
txn_06433,user_225,58.4,USD,TravelHub,GB,2025-12-05T23:55:14.732351
txn_06434,user_190,4517.9,USD,AdultWorld,CN,2026-01-03T12:55:14.732354
txn_06435,user_229,78.53,USD,Electronics Hub,IN,2025-12-27T22:55:14.732358
txn_06436,user_200,6.9,USD,Software Store,IN,2025-10-06T19:55:14.732362
txn_06437,user_311,3774.54,USD,AdultWorld,RU,2026-01-05T01:55:14.732365
txn_06438,user_187,6.22,USD,Starbucks,GB,2025-11-01T08:55:14.732369
txn_06439,user_495,4488.9,USD,LuxuryStore,NG,2026-01-03T09:55:14.732372
txn_06440,user_364,31.31,USD,Software Store,IN,2025-10-21T01:55:14.732376
txn_06441,user_173,9.2,USD,Amazon,US,2026-01-03T05:55:14.732379
txn_06442,user_261,72.93,USD,Spotify,IN,2025-12-30T03:55:14.732383
txn_06443,user_474,41.69,USD,TravelHub,US,2025-11-12T08:55:14.732386
txn_06444,user_107,2953.62,USD,Online Gaming Co,BR,2026-01-04T12:55:14.732390
txn_06445,user_052,90.9,USD,Spotify,GB,2025-10-30T14:55:14.732393
txn_06446,user_022,37.61,USD,Netflix,GB,2025-12-19T16:55:14.732397
txn_06447,user_082,96.16,USD,Local Grocery,IN,2025-12-31T00:55:14.732401
txn_06448,user_220,29.63,USD,Electronics Hub,US,2025-12-24T22:55:14.732405
txn_06449,user_309,1227.69,USD,QuickLoans,CN,2026-01-03T21:55:14.732409
txn_06450,user_180,13.68,USD,Software Store,US,2025-10-23T12:55:14.732414
txn_06451,user_220,87.48,USD,McDonalds,GB,2025-12-07T18:55:14.732418
txn_06452,user_175,3348.93,USD,LuxuryStore,CN,2026-01-03T17:55:14.732421
txn_06453,user_083,77.72,USD,Uber,US,2025-11-10T06:55:14.732425
txn_06454,user_116,44.89,USD,Local Grocery,GB,2025-10-12T23:55:14.732428
txn_06455,user_269,69.6,USD,Netflix,IN,2025-11-17T03:55:14.732432
txn_06456,user_016,39.04,USD,TravelHub,IN,2025-11-06T19:55:14.732435
txn_06457,user_408,20.73,USD,Spotify,GB,2025-11-09T05:55:14.732439
txn_06458,user_102,36.3,USD,Spotify,GB,2026-01-04T19:55:14.732443
txn_06459,user_366,8.43,USD,Starbucks,US,2025-11-14T12:55:14.732446
txn_06460,user_007,70.63,USD,Netflix,GB,2025-11-04T08:55:14.732451
txn_06461,user_050,25.1,USD,McDonalds,GB,2025-10-14T07:55:14.732455
txn_06462,user_120,88.19,USD,Electronics Hub,US,2025-10-22T10:55:14.732459
txn_06463,user_229,2596.04,USD,AdultWorld,NG,2026-01-05T07:55:14.732463
txn_06464,user_182,60.36,USD,Uber,GB,2025-11-17T22:55:14.732467
txn_06465,user_459,8.39,USD,Software Store,US,2025-10-14T16:55:14.732471
txn_06466,user_400,29.65,USD,Local Grocery,GB,2025-11-30T05:55:14.732475
txn_06467,user_350,3670.18,USD,Online Gaming Co,NG,2026-01-04T14:55:14.732479
txn_06468,user_231,28.73,USD,Electronics Hub,US,2025-10-16T11:55:14.732483
txn_06469,user_382,26.8,USD,Amazon,US,2026-01-04T03:55:14.732487
txn_06470,user_032,37.55,USD,Amazon,US,2025-10-27T19:55:14.732491
txn_06471,user_216,75.69,USD,Netflix,IN,2025-11-12T22:55:14.732494
txn_06472,user_243,37.47,USD,Netflix,US,2025-12-03T19:55:14.732498
txn_06473,user_291,22.22,USD,Starbucks,GB,2025-11-12T11:55:14.732501
txn_06474,user_273,43.46,USD,Starbucks,US,2025-11-20T08:55:14.732505
txn_06475,user_473,535.21,USD,Exotic Jewelry,BR,2026-01-05T06:55:14.732508
txn_06476,user_250,78.87,USD,TravelHub,GB,2025-11-16T13:55:14.732512
txn_06477,user_446,7.91,USD,Electronics Hub,GB,2025-12-07T11:55:14.732515
txn_06478,user_455,48.55,USD,Starbucks,IN,2025-12-18T00:55:14.732519
txn_06479,user_429,13.77,USD,Local Grocery,GB,2025-11-10T15:55:14.732522
txn_06480,user_016,4646.14,USD,AdultWorld,NG,2026-01-04T07:55:14.732526
txn_06481,user_056,1352.15,USD,LuxuryStore,NG,2026-01-04T22:55:14.732529
txn_06482,user_298,75.73,USD,Local Grocery,IN,2025-10-11T08:55:14.732534
txn_06483,user_493,3840.83,USD,AdultWorld,RU,2026-01-04T04:55:14.732537
txn_06484,user_126,96.31,USD,Software Store,IN,2025-11-07T05:55:14.732541
txn_06485,user_303,28.03,USD,Electronics Hub,IN,2025-10-23T16:55:14.732544
txn_06486,user_023,76.92,USD,McDonalds,IN,2025-12-21T22:55:14.732548
txn_06487,user_203,21.68,USD,Software Store,IN,2025-11-23T20:55:14.732553
txn_06488,user_081,74.66,USD,Starbucks,IN,2026-01-02T23:55:14.732557
txn_06489,user_334,7.66,USD,McDonalds,US,2025-11-22T06:55:14.732561
txn_06490,user_249,51.12,USD,Software Store,US,2025-11-03T13:55:14.732564
txn_06491,user_051,1710.11,USD,AdultWorld,RU,2026-01-04T18:55:14.732572
txn_06492,user_114,811.91,USD,Exotic Jewelry,RU,2026-01-05T03:55:14.732575
txn_06493,user_043,48.25,USD,Spotify,US,2025-10-31T03:55:14.732579
txn_06494,user_183,26.5,USD,McDonalds,GB,2025-10-12T10:55:14.732582
txn_06495,user_271,53.39,USD,Netflix,IN,2025-12-03T09:55:14.732586
txn_06496,user_440,47.02,USD,Spotify,IN,2025-11-21T20:55:14.732590
txn_06497,user_038,40.97,USD,Spotify,GB,2025-10-08T01:55:14.732594
txn_06498,user_236,3233.0,USD,QuickLoans,BR,2026-01-04T14:55:14.732597
txn_06499,user_330,61.78,USD,Starbucks,IN,2025-12-27T18:55:14.732601
txn_06500,user_146,30.83,USD,Netflix,US,2025-11-01T11:55:14.732605
txn_06501,user_304,28.38,USD,TravelHub,GB,2025-11-19T21:55:14.732608
txn_06502,user_387,76.89,USD,Local Grocery,US,2025-12-22T16:55:14.732612
txn_06503,user_240,58.33,USD,Amazon,IN,2025-10-25T23:55:14.732615
txn_06504,user_028,80.8,USD,Amazon,GB,2025-10-07T01:55:14.732620
txn_06505,user_162,31.39,USD,Amazon,IN,2025-11-18T10:55:14.732623
txn_06506,user_357,50.41,USD,TravelHub,GB,2025-10-27T00:55:14.732628
txn_06507,user_433,23.28,USD,TravelHub,US,2025-12-05T10:55:14.732632
txn_06508,user_448,28.41,USD,Electronics Hub,GB,2025-10-24T19:55:14.732635
txn_06509,user_239,12.38,USD,Starbucks,IN,2025-11-06T23:55:14.732639
txn_06510,user_338,39.07,USD,Amazon,GB,2025-12-13T14:55:14.732644
txn_06511,user_071,30.43,USD,McDonalds,US,2025-10-20T00:55:14.732648
txn_06512,user_060,2603.85,USD,Exotic Jewelry,CN,2026-01-05T07:55:14.732651
txn_06513,user_033,92.86,USD,Local Grocery,IN,2025-10-29T11:55:14.732656
txn_06514,user_154,26.74,USD,McDonalds,GB,2025-10-23T18:55:14.732660
txn_06515,user_195,1272.16,USD,AdultWorld,NG,2026-01-03T15:55:14.732663
txn_06516,user_169,19.42,USD,Uber,GB,2025-11-10T13:55:14.732667
txn_06517,user_294,93.52,USD,Spotify,GB,2025-10-26T11:55:14.732671
txn_06518,user_077,99.94,USD,TravelHub,IN,2025-12-05T19:55:14.732675
txn_06519,user_297,22.79,USD,Software Store,GB,2025-11-05T08:55:14.732678
txn_06520,user_230,3227.29,USD,LuxuryStore,CN,2026-01-03T14:55:14.732682
txn_06521,user_253,18.09,USD,Starbucks,GB,2025-10-31T15:55:14.732685
txn_06522,user_294,59.19,USD,Uber,GB,2026-01-03T00:55:14.732689
txn_06523,user_344,46.03,USD,Electronics Hub,IN,2025-12-12T15:55:14.732693
txn_06524,user_288,90.74,USD,McDonalds,GB,2025-11-25T15:55:14.732696
txn_06525,user_122,26.94,USD,Software Store,GB,2025-10-23T03:55:14.732700
txn_06526,user_440,13.83,USD,Uber,GB,2025-10-28T00:55:14.732705
txn_06527,user_110,96.81,USD,Amazon,IN,2025-10-25T04:55:14.732709
txn_06528,user_499,23.23,USD,Netflix,GB,2025-12-05T19:55:14.732712
txn_06529,user_284,62.89,USD,Netflix,IN,2025-11-19T08:55:14.732716
txn_06530,user_206,11.64,USD,Starbucks,GB,2025-11-27T18:55:14.732720
txn_06531,user_423,35.18,USD,Software Store,IN,2025-10-25T20:55:14.732723
txn_06532,user_195,13.22,USD,Netflix,US,2025-10-07T08:55:14.732727
txn_06533,user_236,4231.96,USD,QuickLoans,CN,2026-01-04T12:55:14.732730
txn_06534,user_193,66.84,USD,Uber,GB,2025-12-17T16:55:14.732734
txn_06535,user_147,36.14,USD,Local Grocery,GB,2025-12-24T17:55:14.732737
txn_06536,user_406,95.91,USD,Starbucks,IN,2025-12-01T14:55:14.732741
txn_06537,user_425,40.0,USD,Uber,IN,2025-12-27T10:55:14.732745
txn_06538,user_095,37.05,USD,Local Grocery,IN,2025-12-21T08:55:14.732748
txn_06539,user_183,4315.61,USD,AdultWorld,RU,2026-01-04T00:55:14.732752
txn_06540,user_316,882.26,USD,QuickLoans,BR,2026-01-04T14:55:14.732756
txn_06541,user_485,31.97,USD,Netflix,IN,2026-01-01T07:55:14.732759
txn_06542,user_031,28.97,USD,Uber,US,2025-10-15T01:55:14.732763
txn_06543,user_066,82.24,USD,Electronics Hub,IN,2026-01-05T08:55:14.732766
txn_06544,user_205,97.3,USD,TravelHub,US,2025-12-04T11:55:14.732770
txn_06545,user_298,11.33,USD,Netflix,GB,2025-10-30T22:55:14.732776
txn_06546,user_056,35.2,USD,Netflix,IN,2025-12-04T20:55:14.732780
txn_06547,user_228,82.29,USD,Electronics Hub,US,2025-12-10T06:55:14.732784
txn_06548,user_046,75.85,USD,Local Grocery,GB,2025-11-28T04:55:14.732787
txn_06549,user_200,4028.56,USD,Online Gaming Co,NG,2026-01-04T12:55:14.732791
txn_06550,user_003,73.21,USD,Netflix,IN,2025-11-10T04:55:14.732794
txn_06551,user_383,91.2,USD,McDonalds,GB,2025-11-03T10:55:14.732798
txn_06552,user_116,40.85,USD,Local Grocery,GB,2025-11-10T01:55:14.732802
txn_06553,user_403,87.79,USD,Amazon,US,2025-10-28T15:55:14.732805
txn_06554,user_269,2645.69,USD,LuxuryStore,BR,2026-01-04T21:55:14.732809
txn_06555,user_019,15.82,USD,Local Grocery,US,2025-10-24T13:55:14.732812
txn_06556,user_445,24.12,USD,Software Store,GB,2025-12-28T13:55:14.732816
txn_06557,user_332,27.0,USD,Electronics Hub,IN,2025-12-18T03:55:14.732820
txn_06558,user_113,79.64,USD,Spotify,GB,2025-10-27T04:55:14.732824
txn_06559,user_069,16.65,USD,McDonalds,GB,2026-01-03T21:55:14.732827
txn_06560,user_035,30.11,USD,McDonalds,IN,2025-11-14T05:55:14.732831
txn_06561,user_134,90.45,USD,TravelHub,GB,2025-10-17T17:55:14.732836
txn_06562,user_460,9.28,USD,Software Store,IN,2025-10-21T00:55:14.732840
txn_06563,user_399,1986.32,USD,Exotic Jewelry,RU,2026-01-04T15:55:14.732844
txn_06564,user_288,73.92,USD,Starbucks,US,2025-11-10T16:55:14.732847
txn_06565,user_236,64.34,USD,Local Grocery,IN,2025-12-15T00:55:14.732852
txn_06566,user_334,36.25,USD,Spotify,US,2025-11-09T10:55:14.732856
txn_06567,user_068,38.41,USD,Uber,IN,2025-11-26T20:55:14.732860
txn_06568,user_101,52.3,USD,Local Grocery,GB,2025-11-23T03:55:14.732863
txn_06569,user_083,82.66,USD,Starbucks,GB,2025-10-07T08:55:14.732867
txn_06570,user_201,38.17,USD,Amazon,GB,2025-11-17T00:55:14.732870
txn_06571,user_091,3382.31,USD,Online Gaming Co,NG,2026-01-04T13:55:14.732874
txn_06572,user_359,49.72,USD,Local Grocery,GB,2025-11-23T13:55:14.732877
txn_06573,user_331,22.28,USD,Uber,GB,2025-10-26T23:55:14.732881
txn_06574,user_230,11.21,USD,Uber,IN,2025-12-02T03:55:14.732885
txn_06575,user_393,4055.81,USD,AdultWorld,CN,2026-01-04T17:55:14.732888
txn_06576,user_448,57.27,USD,Local Grocery,GB,2025-12-23T02:55:14.732894
txn_06577,user_421,2283.28,USD,LuxuryStore,RU,2026-01-03T20:55:14.732900
txn_06578,user_321,19.97,USD,Uber,GB,2025-11-12T11:55:14.732904
txn_06579,user_048,73.25,USD,TravelHub,GB,2025-12-10T23:55:14.732908
txn_06580,user_068,57.48,USD,Amazon,IN,2025-11-15T04:55:14.732912
txn_06581,user_046,28.7,USD,Amazon,IN,2026-01-02T06:55:14.732915
txn_06582,user_347,68.88,USD,Netflix,IN,2025-12-23T19:55:14.732919
txn_06583,user_293,29.76,USD,Software Store,IN,2025-10-26T12:55:14.732922
txn_06584,user_391,61.8,USD,Software Store,GB,2025-10-17T17:55:14.732927
txn_06585,user_493,18.1,USD,Local Grocery,GB,2025-12-25T11:55:14.732931
txn_06586,user_306,49.23,USD,Amazon,GB,2025-10-27T12:55:14.732935
txn_06587,user_199,87.81,USD,TravelHub,US,2025-12-10T23:55:14.732939
txn_06588,user_454,38.99,USD,Local Grocery,GB,2025-12-15T12:55:14.732942
txn_06589,user_162,4455.72,USD,QuickLoans,BR,2026-01-05T01:55:14.732946
txn_06590,user_143,67.5,USD,Software Store,US,2025-11-21T02:55:14.732949
txn_06591,user_178,75.6,USD,Starbucks,GB,2025-12-20T09:55:14.732953
txn_06592,user_054,3562.14,USD,LuxuryStore,CN,2026-01-03T23:55:14.732957
txn_06593,user_403,3957.81,USD,Online Gaming Co,BR,2026-01-03T10:55:14.732961
txn_06594,user_379,45.5,USD,Uber,US,2025-11-06T19:55:14.732964
txn_06595,user_146,96.72,USD,Netflix,IN,2025-11-05T21:55:14.732968
txn_06596,user_499,19.3,USD,McDonalds,US,2025-10-31T11:55:14.732971
txn_06597,user_471,69.34,USD,McDonalds,IN,2026-01-04T06:55:14.732975
txn_06598,user_090,92.51,USD,McDonalds,GB,2025-10-11T22:55:14.732979
txn_06599,user_088,65.1,USD,Uber,GB,2025-11-08T01:55:14.732982
txn_06600,user_226,90.2,USD,Uber,US,2025-11-22T09:55:14.732986
txn_06601,user_212,5.19,USD,Uber,IN,2025-11-24T08:55:14.732990
txn_06602,user_250,35.14,USD,TravelHub,IN,2025-11-30T23:55:14.732993
txn_06603,user_123,17.76,USD,Netflix,US,2025-10-25T15:55:14.732997
txn_06604,user_408,23.75,USD,Netflix,US,2025-11-17T09:55:14.733002
txn_06605,user_026,85.63,USD,Starbucks,GB,2025-10-24T01:55:14.733005
txn_06606,user_147,18.52,USD,Amazon,GB,2025-12-01T11:55:14.733009
txn_06607,user_088,21.38,USD,Local Grocery,GB,2025-11-10T16:55:14.733013
txn_06608,user_097,6.42,USD,Spotify,IN,2025-12-18T09:55:14.733016
txn_06609,user_321,32.66,USD,Uber,GB,2026-01-03T01:55:14.733021
txn_06610,user_360,1572.83,USD,Online Gaming Co,BR,2026-01-04T16:55:14.733025
txn_06611,user_322,25.25,USD,McDonalds,IN,2025-12-10T23:55:14.733028
txn_06612,user_299,57.62,USD,Electronics Hub,IN,2025-10-17T12:55:14.733033
txn_06613,user_448,19.22,USD,Software Store,GB,2025-11-27T07:55:14.733037
txn_06614,user_165,81.7,USD,Netflix,IN,2025-11-26T07:55:14.733041
txn_06615,user_307,94.9,USD,Starbucks,IN,2025-11-04T04:55:14.733044
txn_06616,user_421,9.24,USD,Netflix,IN,2025-12-17T06:55:14.733048
txn_06617,user_265,62.55,USD,Netflix,IN,2025-12-21T17:55:14.733052
txn_06618,user_477,1058.73,USD,AdultWorld,CN,2026-01-04T05:55:14.733055
txn_06619,user_417,99.2,USD,Local Grocery,US,2025-12-14T02:55:14.733059
txn_06620,user_300,37.61,USD,Software Store,GB,2025-11-29T04:55:14.733063
txn_06621,user_477,55.69,USD,Netflix,IN,2025-11-28T21:55:14.733066
txn_06622,user_246,26.58,USD,Software Store,IN,2025-11-29T19:55:14.733070
txn_06623,user_140,58.98,USD,TravelHub,IN,2025-10-15T06:55:14.733075
txn_06624,user_047,56.06,USD,Spotify,US,2025-12-23T00:55:14.733081
txn_06625,user_477,79.0,USD,Electronics Hub,US,2025-12-26T14:55:14.733086
txn_06626,user_050,38.08,USD,Uber,US,2025-10-20T00:55:14.733090
txn_06627,user_058,74.12,USD,Local Grocery,US,2025-12-20T23:55:14.733094
txn_06628,user_122,33.48,USD,McDonalds,GB,2025-10-24T19:55:14.733098
txn_06629,user_412,9.74,USD,Starbucks,IN,2025-11-21T00:55:14.733102
txn_06630,user_042,91.43,USD,Uber,US,2025-11-06T22:55:14.733107
txn_06631,user_251,14.59,USD,Starbucks,GB,2025-11-25T22:55:14.733111
txn_06632,user_394,86.98,USD,Software Store,GB,2025-11-08T03:55:14.733115
txn_06633,user_465,53.72,USD,TravelHub,IN,2025-11-22T08:55:14.733118
txn_06634,user_450,19.55,USD,Spotify,GB,2025-11-03T02:55:14.733122
txn_06635,user_124,90.33,USD,Spotify,IN,2025-12-20T02:55:14.733126
txn_06636,user_287,83.46,USD,Uber,GB,2025-10-15T09:55:14.733129
txn_06637,user_264,2251.65,USD,Exotic Jewelry,CN,2026-01-05T02:55:14.733133
txn_06638,user_137,43.86,USD,Starbucks,IN,2025-11-24T10:55:14.733136
txn_06639,user_489,74.84,USD,TravelHub,GB,2025-11-30T20:55:14.733140
txn_06640,user_484,5.67,USD,Spotify,GB,2025-10-15T02:55:14.733143
txn_06641,user_483,8.14,USD,Netflix,US,2025-11-21T20:55:14.733148
txn_06642,user_491,39.97,USD,Amazon,US,2025-12-05T16:55:14.733152
txn_06643,user_353,81.47,USD,Spotify,US,2025-12-18T08:55:14.733157
txn_06644,user_205,50.09,USD,McDonalds,IN,2025-12-17T00:55:14.733161
txn_06645,user_241,71.02,USD,TravelHub,GB,2025-11-06T15:55:14.733164
txn_06646,user_051,21.38,USD,McDonalds,US,2025-12-08T08:55:14.733168
txn_06647,user_445,77.24,USD,Electronics Hub,US,2025-11-16T09:55:14.733171
txn_06648,user_339,17.35,USD,Electronics Hub,GB,2025-12-06T06:55:14.733175
txn_06649,user_027,23.23,USD,Spotify,US,2025-10-17T16:55:14.733178
txn_06650,user_435,60.08,USD,McDonalds,GB,2025-12-01T22:55:14.733182
txn_06651,user_351,4602.72,USD,LuxuryStore,CN,2026-01-04T10:55:14.733185
txn_06652,user_130,35.34,USD,Uber,US,2025-12-01T16:55:14.733189
txn_06653,user_054,14.58,USD,Spotify,IN,2025-12-01T20:55:14.733192
txn_06654,user_095,59.92,USD,Amazon,US,2025-12-18T15:55:14.733196
txn_06655,user_395,19.13,USD,Software Store,IN,2025-12-02T03:55:14.733200
txn_06656,user_236,69.98,USD,Uber,IN,2025-11-30T18:55:14.733203
txn_06657,user_398,2132.68,USD,Exotic Jewelry,NG,2026-01-05T06:55:14.733207
txn_06658,user_006,29.25,USD,Netflix,GB,2025-12-13T23:55:14.733210
txn_06659,user_092,4927.87,USD,LuxuryStore,NG,2026-01-04T06:55:14.733214
txn_06660,user_228,52.8,USD,Netflix,GB,2025-10-08T10:55:14.733217
txn_06661,user_369,69.0,USD,TravelHub,GB,2026-01-03T03:55:14.733221
txn_06662,user_136,5.84,USD,Electronics Hub,IN,2025-11-10T03:55:14.733226
txn_06663,user_229,58.1,USD,Local Grocery,US,2025-10-23T12:55:14.733229
txn_06664,user_196,50.81,USD,Amazon,US,2025-11-10T13:55:14.733235
txn_06665,user_187,2444.14,USD,AdultWorld,NG,2026-01-05T09:55:14.733238
txn_06666,user_207,19.37,USD,Electronics Hub,GB,2025-12-16T20:55:14.733242
txn_06667,user_420,43.35,USD,McDonalds,IN,2025-10-28T08:55:14.733246
txn_06668,user_041,51.87,USD,Starbucks,US,2025-12-20T11:55:14.733250
txn_06669,user_312,81.75,USD,Electronics Hub,IN,2025-11-16T15:55:14.733254
txn_06670,user_145,2766.67,USD,Exotic Jewelry,BR,2026-01-03T10:55:14.733257
txn_06671,user_293,26.62,USD,Amazon,US,2025-11-29T02:55:14.733261
txn_06672,user_033,92.47,USD,Local Grocery,IN,2025-10-18T13:55:14.733264
txn_06673,user_076,70.28,USD,McDonalds,US,2025-12-27T05:55:14.733269
txn_06674,user_194,1275.51,USD,LuxuryStore,CN,2026-01-03T23:55:14.733272
txn_06675,user_328,25.46,USD,TravelHub,GB,2025-12-22T04:55:14.733276
txn_06676,user_063,65.76,USD,McDonalds,GB,2025-11-23T00:55:14.733280
txn_06677,user_476,77.7,USD,Starbucks,GB,2025-12-06T09:55:14.733283
txn_06678,user_343,13.91,USD,Uber,IN,2025-10-06T21:55:14.733288
txn_06679,user_241,85.98,USD,McDonalds,US,2025-11-30T00:55:14.733294
txn_06680,user_236,30.83,USD,Uber,IN,2025-11-07T10:55:14.733299
txn_06681,user_476,75.09,USD,Local Grocery,IN,2025-12-09T22:55:14.733303
txn_06682,user_490,67.44,USD,Electronics Hub,GB,2025-10-29T03:55:14.733310
txn_06683,user_368,31.45,USD,Starbucks,GB,2025-12-10T18:55:14.733313
txn_06684,user_023,46.57,USD,Software Store,IN,2025-11-06T17:55:14.733317
txn_06685,user_164,75.49,USD,TravelHub,IN,2025-12-08T07:55:14.733320
txn_06686,user_194,95.51,USD,Spotify,IN,2025-10-16T00:55:14.733324
txn_06687,user_309,21.91,USD,TravelHub,IN,2025-11-10T01:55:14.733327
txn_06688,user_181,92.56,USD,Local Grocery,IN,2025-10-31T13:55:14.733331
txn_06689,user_300,66.52,USD,Netflix,US,2025-11-11T19:55:14.733334
txn_06690,user_210,23.09,USD,Local Grocery,GB,2025-11-18T09:55:14.733338
txn_06691,user_294,40.95,USD,Spotify,GB,2025-11-05T03:55:14.733341
txn_06692,user_151,81.13,USD,McDonalds,US,2025-11-03T14:55:14.733345
txn_06693,user_262,38.64,USD,Spotify,GB,2025-12-06T15:55:14.733348
txn_06694,user_022,12.53,USD,Electronics Hub,IN,2025-11-19T06:55:14.733352
txn_06695,user_497,10.59,USD,McDonalds,IN,2025-11-20T14:55:14.733355
txn_06696,user_313,58.49,USD,TravelHub,IN,2025-10-15T09:55:14.733359
txn_06697,user_048,23.29,USD,Local Grocery,IN,2025-11-28T15:55:14.733362
txn_06698,user_141,36.92,USD,Netflix,US,2025-11-11T21:55:14.733366
txn_06699,user_366,85.58,USD,Amazon,IN,2026-01-04T10:55:14.733369
txn_06700,user_056,69.19,USD,Starbucks,GB,2025-11-20T08:55:14.733373
txn_06701,user_055,4423.66,USD,Online Gaming Co,CN,2026-01-04T14:55:14.733377
txn_06702,user_167,73.96,USD,McDonalds,GB,2025-12-16T00:55:14.733381
txn_06703,user_371,42.49,USD,Netflix,IN,2025-10-11T03:55:14.733384
txn_06704,user_364,36.92,USD,Amazon,GB,2025-10-23T05:55:14.733388
txn_06705,user_358,8.01,USD,Amazon,IN,2025-12-29T15:55:14.733393
txn_06706,user_045,5.2,USD,Local Grocery,US,2025-10-24T23:55:14.733396
txn_06707,user_417,60.74,USD,Starbucks,IN,2025-12-12T07:55:14.733400
txn_06708,user_340,3809.0,USD,QuickLoans,CN,2026-01-05T07:55:14.733404
txn_06709,user_462,93.43,USD,Netflix,IN,2025-11-17T12:55:14.733407
txn_06710,user_454,59.53,USD,Software Store,US,2026-01-02T18:55:14.733411
txn_06711,user_401,63.71,USD,Amazon,IN,2025-11-10T19:55:14.733414
txn_06712,user_411,61.11,USD,Uber,IN,2025-12-02T23:55:14.733418
txn_06713,user_021,14.22,USD,Netflix,IN,2026-01-02T17:55:14.733421
txn_06714,user_006,84.16,USD,Uber,US,2025-12-19T07:55:14.733426
txn_06715,user_042,34.41,USD,Amazon,GB,2025-10-28T23:55:14.733430
txn_06716,user_186,93.77,USD,Electronics Hub,IN,2025-12-22T03:55:14.733433
txn_06717,user_259,15.39,USD,Spotify,GB,2025-10-22T13:55:14.733437
txn_06718,user_455,15.92,USD,Starbucks,US,2025-12-20T16:55:14.733441
txn_06719,user_266,82.89,USD,Spotify,GB,2025-10-13T18:55:14.733446
txn_06720,user_049,4156.38,USD,LuxuryStore,CN,2026-01-05T08:55:14.733449
txn_06721,user_303,1301.97,USD,Online Gaming Co,NG,2026-01-03T18:55:14.733454
txn_06722,user_361,3555.01,USD,AdultWorld,NG,2026-01-04T17:55:14.733457
txn_06723,user_264,4218.17,USD,Online Gaming Co,RU,2026-01-03T16:55:14.733460
txn_06724,user_188,12.7,USD,McDonalds,IN,2025-11-25T09:55:14.733464
txn_06725,user_463,97.87,USD,TravelHub,US,2025-11-15T21:55:14.733467
txn_06726,user_385,30.65,USD,Uber,GB,2025-11-27T23:55:14.733471
txn_06727,user_432,92.0,USD,Software Store,GB,2025-12-07T22:55:14.733475
txn_06728,user_305,69.5,USD,Amazon,US,2025-12-28T03:55:14.733478
txn_06729,user_126,24.43,USD,McDonalds,US,2025-12-21T01:55:14.733482
txn_06730,user_011,26.34,USD,Local Grocery,GB,2025-11-30T18:55:14.733485
txn_06731,user_107,64.11,USD,Starbucks,US,2025-12-25T15:55:14.733489
txn_06732,user_110,1607.73,USD,Exotic Jewelry,RU,2026-01-03T19:55:14.733492
txn_06733,user_004,88.27,USD,Netflix,IN,2025-12-03T21:55:14.733495
txn_06734,user_216,37.53,USD,Local Grocery,GB,2025-12-22T06:55:14.733499
txn_06735,user_236,44.85,USD,TravelHub,GB,2025-12-31T04:55:14.733503
txn_06736,user_408,55.38,USD,Netflix,IN,2025-12-14T23:55:14.733506
txn_06737,user_323,3203.78,USD,Exotic Jewelry,RU,2026-01-04T15:55:14.733511
txn_06738,user_435,56.99,USD,Software Store,GB,2025-10-19T04:55:14.733515
txn_06739,user_023,53.39,USD,McDonalds,IN,2025-11-06T05:55:14.733518
txn_06740,user_319,42.66,USD,Local Grocery,GB,2025-12-25T17:55:14.733523
txn_06741,user_037,37.75,USD,Netflix,GB,2026-01-02T09:55:14.733527
txn_06742,user_216,4086.27,USD,QuickLoans,RU,2026-01-03T13:55:14.733530
txn_06743,user_304,72.16,USD,TravelHub,US,2025-12-24T05:55:14.733536
txn_06744,user_229,17.31,USD,Amazon,GB,2025-10-22T10:55:14.733541
txn_06745,user_429,6.61,USD,Netflix,GB,2025-12-03T21:55:14.733545
txn_06746,user_363,12.36,USD,Spotify,US,2025-10-29T01:55:14.733548
txn_06747,user_088,67.35,USD,Starbucks,IN,2025-12-13T05:55:14.733552
txn_06748,user_290,36.45,USD,McDonalds,US,2025-10-31T06:55:14.733555
txn_06749,user_208,6.79,USD,Software Store,US,2025-11-14T03:55:14.733559
txn_06750,user_498,23.81,USD,Amazon,IN,2025-11-21T01:55:14.733562
txn_06751,user_283,40.46,USD,Spotify,US,2025-10-15T15:55:14.733569
txn_06752,user_356,1459.26,USD,QuickLoans,BR,2026-01-04T21:55:14.733572
txn_06753,user_455,67.51,USD,Spotify,IN,2025-12-23T23:55:14.733576
txn_06754,user_152,76.31,USD,Software Store,US,2025-12-23T08:55:14.733579
txn_06755,user_130,70.38,USD,Netflix,US,2025-11-17T01:55:14.733582
txn_06756,user_132,26.39,USD,Netflix,IN,2025-10-23T20:55:14.733586
txn_06757,user_121,3109.47,USD,Exotic Jewelry,NG,2026-01-04T11:55:14.733589
txn_06758,user_222,4758.1,USD,Online Gaming Co,NG,2026-01-03T13:55:14.733593
txn_06759,user_201,37.81,USD,TravelHub,US,2025-11-21T21:55:14.733596
txn_06760,user_473,25.52,USD,Netflix,IN,2025-12-07T05:55:14.733601
txn_06761,user_113,4010.96,USD,AdultWorld,BR,2026-01-03T13:55:14.733604
txn_06762,user_035,77.95,USD,Software Store,GB,2025-12-01T10:55:14.733608
txn_06763,user_236,63.28,USD,Netflix,IN,2025-10-13T23:55:14.733612
txn_06764,user_239,4270.49,USD,QuickLoans,CN,2026-01-04T02:55:14.733615
txn_06765,user_069,48.66,USD,Uber,US,2025-10-16T08:55:14.733619
txn_06766,user_215,95.66,USD,Electronics Hub,US,2025-11-03T20:55:14.733623
txn_06767,user_444,38.18,USD,Local Grocery,US,2025-10-24T16:55:14.733627
txn_06768,user_197,36.23,USD,Starbucks,GB,2025-11-30T00:55:14.733632
txn_06769,user_129,2674.69,USD,QuickLoans,NG,2026-01-05T02:55:14.733635
txn_06770,user_153,63.6,USD,McDonalds,US,2025-12-18T14:55:14.733639
txn_06771,user_400,1848.19,USD,Online Gaming Co,CN,2026-01-03T16:55:14.733642
txn_06772,user_093,72.65,USD,McDonalds,IN,2025-10-28T15:55:14.733646
txn_06773,user_294,32.44,USD,Netflix,GB,2025-10-23T03:55:14.733649
txn_06774,user_191,75.92,USD,Starbucks,GB,2025-10-07T23:55:14.733653
txn_06775,user_316,4096.8,USD,LuxuryStore,RU,2026-01-05T03:55:14.733656
txn_06776,user_071,8.24,USD,Starbucks,IN,2025-10-31T03:55:14.733660
txn_06777,user_167,96.81,USD,Software Store,IN,2025-12-18T11:55:14.733664
txn_06778,user_341,1648.94,USD,Exotic Jewelry,CN,2026-01-04T20:55:14.733667
txn_06779,user_038,74.98,USD,Local Grocery,IN,2025-11-06T15:55:14.733672
txn_06780,user_425,36.03,USD,Amazon,US,2025-10-14T17:55:14.733676
txn_06781,user_408,3232.2,USD,Online Gaming Co,CN,2026-01-03T10:55:14.733679
txn_06782,user_384,79.66,USD,Local Grocery,IN,2025-12-04T11:55:14.733683
txn_06783,user_038,63.35,USD,Amazon,IN,2025-10-24T19:55:14.733687
txn_06784,user_364,54.25,USD,McDonalds,GB,2025-11-14T09:55:14.733690
txn_06785,user_073,91.8,USD,Starbucks,GB,2025-12-17T06:55:14.733694
txn_06786,user_246,79.45,USD,Netflix,IN,2026-01-03T16:55:14.733698
txn_06787,user_459,62.59,USD,Uber,IN,2025-12-19T13:55:14.733701
txn_06788,user_255,57.0,USD,Electronics Hub,IN,2025-10-30T22:55:14.733705
txn_06789,user_247,75.95,USD,Electronics Hub,IN,2025-12-27T09:55:14.733709
txn_06790,user_373,39.29,USD,Uber,GB,2025-12-11T00:55:14.733712
txn_06791,user_014,11.98,USD,Local Grocery,IN,2025-10-18T04:55:14.733716
txn_06792,user_040,12.69,USD,Netflix,IN,2025-10-24T18:55:14.733719
txn_06793,user_460,11.62,USD,Netflix,US,2026-01-02T05:55:14.733723
txn_06794,user_405,68.55,USD,Electronics Hub,IN,2025-10-23T10:55:14.733727
txn_06795,user_035,1178.75,USD,LuxuryStore,BR,2026-01-03T14:55:14.733730
txn_06796,user_140,45.9,USD,Spotify,US,2025-11-04T05:55:14.733734
txn_06797,user_422,76.13,USD,Software Store,US,2025-12-26T18:55:14.733738
txn_06798,user_143,62.16,USD,Amazon,GB,2025-10-30T12:55:14.733741
txn_06799,user_428,62.43,USD,Starbucks,US,2025-12-18T03:55:14.733747
txn_06800,user_136,62.69,USD,Software Store,GB,2025-12-17T22:55:14.733752
txn_06801,user_353,82.41,USD,Starbucks,GB,2025-12-09T21:55:14.733756
txn_06802,user_187,2414.05,USD,QuickLoans,CN,2026-01-04T10:55:14.733759
txn_06803,user_022,35.03,USD,Starbucks,IN,2025-12-03T12:55:14.733763
txn_06804,user_337,3065.38,USD,Exotic Jewelry,BR,2026-01-04T11:55:14.733766
txn_06805,user_399,4519.39,USD,QuickLoans,NG,2026-01-03T21:55:14.733769
txn_06806,user_395,566.18,USD,LuxuryStore,CN,2026-01-04T18:55:14.733773
txn_06807,user_284,47.62,USD,Starbucks,US,2025-12-10T01:55:14.733776
txn_06808,user_245,33.99,USD,Local Grocery,US,2025-12-21T21:55:14.733780
txn_06809,user_058,33.14,USD,Electronics Hub,IN,2025-12-26T15:55:14.733784
txn_06810,user_453,65.21,USD,Software Store,US,2025-12-04T13:55:14.733787
txn_06811,user_184,5.43,USD,Electronics Hub,GB,2025-11-17T14:55:14.733791
txn_06812,user_054,3609.37,USD,Online Gaming Co,BR,2026-01-03T21:55:14.733794
txn_06813,user_134,2442.94,USD,Exotic Jewelry,CN,2026-01-03T11:55:14.733798
txn_06814,user_385,10.64,USD,TravelHub,US,2026-01-01T04:55:14.733801
txn_06815,user_052,35.37,USD,McDonalds,GB,2025-12-28T18:55:14.733805
txn_06816,user_060,4961.62,USD,AdultWorld,CN,2026-01-03T19:55:14.733808
txn_06817,user_382,82.52,USD,Spotify,IN,2025-12-16T20:55:14.733814
txn_06818,user_444,68.05,USD,Starbucks,IN,2025-10-19T15:55:14.733819
txn_06819,user_051,11.99,USD,Software Store,GB,2025-12-26T04:55:14.733823
txn_06820,user_485,2016.15,USD,Exotic Jewelry,CN,2026-01-03T14:55:14.733826
txn_06821,user_136,49.9,USD,Local Grocery,IN,2025-10-19T15:55:14.733830
txn_06822,user_119,70.97,USD,Uber,GB,2025-12-07T22:55:14.733833
txn_06823,user_362,25.0,USD,Software Store,IN,2025-12-04T02:55:14.733837
txn_06824,user_473,71.96,USD,Electronics Hub,IN,2026-01-05T01:55:14.733841
txn_06825,user_295,24.77,USD,TravelHub,US,2025-10-31T06:55:14.733845
txn_06826,user_125,69.37,USD,Software Store,US,2025-12-27T18:55:14.733848
txn_06827,user_468,6.84,USD,McDonalds,US,2025-11-10T10:55:14.733852
txn_06828,user_326,31.28,USD,Amazon,GB,2025-11-06T13:55:14.733855
txn_06829,user_444,78.96,USD,Local Grocery,US,2025-11-17T05:55:14.733859
txn_06830,user_081,90.36,USD,Local Grocery,US,2025-12-16T02:55:14.733863
txn_06831,user_135,24.48,USD,Amazon,GB,2025-10-10T11:55:14.733867
txn_06832,user_303,4061.61,USD,Exotic Jewelry,BR,2026-01-03T12:55:14.733872
txn_06833,user_492,2541.52,USD,QuickLoans,NG,2026-01-03T22:55:14.733876
txn_06834,user_411,10.84,USD,Uber,IN,2025-10-08T13:55:14.733879
txn_06835,user_430,18.85,USD,Uber,IN,2025-11-05T11:55:14.733883
txn_06836,user_064,13.72,USD,Starbucks,US,2025-11-30T08:55:14.733886
txn_06837,user_484,83.81,USD,McDonalds,US,2026-01-03T10:55:14.733890
txn_06838,user_411,3974.17,USD,LuxuryStore,CN,2026-01-04T00:55:14.733895
txn_06839,user_350,7.53,USD,Starbucks,IN,2025-11-30T09:55:14.733898
txn_06840,user_086,75.71,USD,TravelHub,IN,2025-12-28T05:55:14.733902
txn_06841,user_341,66.79,USD,Netflix,GB,2025-10-30T07:55:14.733906
txn_06842,user_032,92.03,USD,Spotify,GB,2025-12-14T12:55:14.733909
txn_06843,user_119,88.46,USD,Uber,IN,2025-11-27T16:55:14.733913
txn_06844,user_164,54.55,USD,Uber,US,2025-12-09T10:55:14.733917
txn_06845,user_162,53.83,USD,Netflix,IN,2025-10-14T14:55:14.733920
txn_06846,user_047,44.43,USD,Local Grocery,US,2025-12-12T10:55:14.733925
txn_06847,user_030,51.94,USD,TravelHub,IN,2025-11-03T06:55:14.733930
txn_06848,user_048,89.08,USD,Software Store,US,2025-11-03T13:55:14.733934
txn_06849,user_470,26.03,USD,Starbucks,US,2025-12-24T23:55:14.733938
txn_06850,user_198,47.84,USD,Spotify,US,2025-10-15T01:55:14.733941
txn_06851,user_013,91.12,USD,TravelHub,GB,2025-12-29T02:55:14.733945
txn_06852,user_494,932.89,USD,QuickLoans,RU,2026-01-04T22:55:14.733948
txn_06853,user_331,74.09,USD,TravelHub,IN,2025-11-12T22:55:14.733951
txn_06854,user_339,87.08,USD,Starbucks,GB,2025-12-07T00:55:14.733954
txn_06855,user_407,26.76,USD,TravelHub,GB,2025-11-13T13:55:14.733958
txn_06856,user_089,91.78,USD,Local Grocery,GB,2025-12-14T11:55:14.733962
txn_06857,user_439,75.24,USD,Amazon,IN,2025-11-23T03:55:14.733967
txn_06858,user_317,542.21,USD,AdultWorld,NG,2026-01-03T10:55:14.733970
txn_06859,user_191,65.16,USD,Netflix,GB,2025-10-30T23:55:14.733974
txn_06860,user_186,87.79,USD,Uber,IN,2025-12-27T01:55:14.733977
txn_06861,user_328,52.93,USD,TravelHub,GB,2025-12-10T19:55:14.733981
txn_06862,user_199,59.14,USD,Uber,GB,2025-10-30T05:55:14.733984
txn_06863,user_456,40.8,USD,Spotify,US,2025-10-26T07:55:14.733988
txn_06864,user_188,27.5,USD,McDonalds,GB,2025-10-17T17:55:14.733993
txn_06865,user_121,11.7,USD,Amazon,US,2025-12-01T00:55:14.733997
txn_06866,user_050,49.47,USD,TravelHub,GB,2025-10-12T22:55:14.734000
txn_06867,user_392,67.55,USD,Spotify,GB,2025-12-04T01:55:14.734004
txn_06868,user_092,99.51,USD,Local Grocery,US,2025-11-17T19:55:14.734009
txn_06869,user_340,53.28,USD,Starbucks,IN,2025-12-05T08:55:14.734013
txn_06870,user_039,79.91,USD,Starbucks,GB,2025-10-08T01:55:14.734016
txn_06871,user_481,71.61,USD,Spotify,IN,2025-10-31T01:55:14.734020
txn_06872,user_486,31.95,USD,Uber,IN,2025-12-01T23:55:14.734024
txn_06873,user_483,37.62,USD,Software Store,GB,2025-11-28T13:55:14.734028
txn_06874,user_199,97.14,USD,Uber,US,2025-10-23T19:55:14.734032
txn_06875,user_224,49.71,USD,TravelHub,US,2025-12-12T14:55:14.734036
txn_06876,user_407,84.4,USD,Starbucks,GB,2025-11-10T06:55:14.734039
txn_06877,user_067,58.96,USD,Uber,IN,2025-10-19T16:55:14.734044
txn_06878,user_360,3676.53,USD,AdultWorld,NG,2026-01-03T11:55:14.734048
txn_06879,user_084,99.52,USD,Software Store,GB,2025-11-25T21:55:14.734051
txn_06880,user_238,56.95,USD,TravelHub,US,2025-12-13T01:55:14.734055
txn_06881,user_005,34.29,USD,Software Store,GB,2025-12-20T19:55:14.734059
txn_06882,user_294,48.61,USD,Starbucks,GB,2025-11-14T18:55:14.734062
txn_06883,user_489,78.55,USD,Local Grocery,IN,2025-12-19T01:55:14.734065
txn_06884,user_030,3161.09,USD,Exotic Jewelry,CN,2026-01-04T11:55:14.734069
txn_06885,user_213,52.33,USD,Uber,GB,2025-11-13T12:55:14.734073
txn_06886,user_114,71.06,USD,Netflix,GB,2025-11-22T08:55:14.734076
txn_06887,user_266,25.04,USD,Electronics Hub,GB,2025-11-20T15:55:14.734080
txn_06888,user_462,80.64,USD,Uber,GB,2025-11-28T04:55:14.734083
txn_06889,user_402,16.81,USD,Netflix,US,2025-11-05T11:55:14.734087
txn_06890,user_420,1037.53,USD,LuxuryStore,NG,2026-01-04T09:55:14.734090
txn_06891,user_476,95.86,USD,Uber,GB,2025-11-18T10:55:14.734094
txn_06892,user_322,35.4,USD,Uber,US,2025-12-21T17:55:14.734098
txn_06893,user_337,16.15,USD,Uber,IN,2025-12-06T16:55:14.734102
txn_06894,user_172,93.97,USD,Electronics Hub,GB,2025-10-12T00:55:14.734105
txn_06895,user_171,2208.93,USD,AdultWorld,BR,2026-01-04T03:55:14.734109
txn_06896,user_023,89.59,USD,Spotify,GB,2025-11-03T06:55:14.734114
txn_06897,user_437,13.38,USD,Spotify,GB,2025-11-11T01:55:14.734118
txn_06898,user_425,37.01,USD,Electronics Hub,GB,2025-10-06T20:55:14.734122
txn_06899,user_405,79.87,USD,McDonalds,GB,2025-12-01T17:55:14.734125
txn_06900,user_120,69.39,USD,Spotify,IN,2025-11-23T15:55:14.734129
txn_06901,user_043,24.99,USD,TravelHub,IN,2025-12-31T15:55:14.734133
txn_06902,user_288,85.1,USD,Local Grocery,IN,2025-12-24T15:55:14.734137
txn_06903,user_125,51.77,USD,Uber,GB,2025-10-22T00:55:14.734140
txn_06904,user_218,53.6,USD,TravelHub,IN,2025-10-16T12:55:14.734144
txn_06905,user_443,80.46,USD,Spotify,US,2025-12-12T15:55:14.734147
txn_06906,user_281,50.98,USD,TravelHub,US,2025-10-27T00:55:14.734151
txn_06907,user_489,67.81,USD,Electronics Hub,IN,2025-10-29T05:55:14.734154
txn_06908,user_117,19.66,USD,TravelHub,IN,2025-12-08T23:55:14.734158
txn_06909,user_171,4134.98,USD,AdultWorld,NG,2026-01-05T02:55:14.734161
txn_06910,user_219,34.72,USD,Uber,US,2025-10-30T10:55:14.734165
txn_06911,user_126,59.29,USD,Local Grocery,GB,2025-12-02T17:55:14.734168
txn_06912,user_286,74.0,USD,Starbucks,IN,2025-11-09T16:55:14.734172
txn_06913,user_201,70.37,USD,McDonalds,GB,2025-11-07T00:55:14.734175
txn_06914,user_083,51.22,USD,Software Store,GB,2025-10-29T04:55:14.734178
txn_06915,user_218,36.89,USD,Netflix,IN,2025-11-01T03:55:14.734182
txn_06916,user_213,5.17,USD,Electronics Hub,GB,2025-11-09T02:55:14.734187
txn_06917,user_106,3727.09,USD,QuickLoans,CN,2026-01-04T19:55:14.734191
txn_06918,user_085,83.1,USD,Spotify,US,2025-12-11T21:55:14.734196
txn_06919,user_348,69.86,USD,Uber,GB,2025-12-25T17:55:14.734199
txn_06920,user_064,43.85,USD,Amazon,IN,2025-11-12T13:55:14.734203
txn_06921,user_193,37.42,USD,Uber,US,2025-11-01T10:55:14.734206
txn_06922,user_115,96.95,USD,McDonalds,GB,2025-11-28T21:55:14.734210
txn_06923,user_304,4057.07,USD,Online Gaming Co,RU,2026-01-05T09:55:14.734213
txn_06924,user_378,33.2,USD,Amazon,GB,2025-11-24T23:55:14.734216
txn_06925,user_288,65.18,USD,Amazon,GB,2025-11-25T20:55:14.734220
txn_06926,user_153,52.03,USD,Software Store,IN,2025-11-02T20:55:14.734223
txn_06927,user_342,2775.72,USD,QuickLoans,RU,2026-01-04T02:55:14.734226
txn_06928,user_271,92.78,USD,TravelHub,GB,2025-12-12T07:55:14.734231
txn_06929,user_223,4064.47,USD,Online Gaming Co,NG,2026-01-04T00:55:14.734235
txn_06930,user_462,77.36,USD,Netflix,GB,2026-01-01T11:55:14.734238
txn_06931,user_068,87.41,USD,Starbucks,US,2025-12-22T05:55:14.734242
txn_06932,user_203,43.23,USD,Software Store,IN,2025-11-28T11:55:14.734246
txn_06933,user_359,81.67,USD,Netflix,GB,2025-10-24T19:55:14.734249
txn_06934,user_067,83.6,USD,Netflix,GB,2025-10-25T07:55:14.734253
txn_06935,user_167,11.72,USD,McDonalds,US,2025-10-09T13:55:14.734258
txn_06936,user_312,70.06,USD,Software Store,US,2025-12-03T17:55:14.734261
txn_06937,user_450,2707.2,USD,LuxuryStore,CN,2026-01-03T11:55:14.734265
txn_06938,user_210,1629.13,USD,QuickLoans,BR,2026-01-04T15:55:14.734268
txn_06939,user_422,14.72,USD,Software Store,GB,2025-10-10T08:55:14.734272
txn_06940,user_307,70.5,USD,Netflix,GB,2025-11-08T01:55:14.734275
txn_06941,user_436,58.43,USD,Uber,GB,2025-10-08T10:55:14.734279
txn_06942,user_155,2217.89,USD,AdultWorld,CN,2026-01-03T23:55:14.734282
txn_06943,user_499,67.14,USD,Spotify,IN,2025-10-08T09:55:14.734285
txn_06944,user_066,5.3,USD,Electronics Hub,IN,2025-11-02T22:55:14.734289
txn_06945,user_078,25.85,USD,McDonalds,IN,2025-12-08T01:55:14.734293
txn_06946,user_140,87.09,USD,McDonalds,GB,2025-11-05T03:55:14.734297
txn_06947,user_477,65.04,USD,Starbucks,IN,2025-11-26T18:55:14.734300
txn_06948,user_141,2700.2,USD,Exotic Jewelry,RU,2026-01-03T21:55:14.734303
txn_06949,user_245,641.29,USD,AdultWorld,BR,2026-01-04T07:55:14.734306
txn_06950,user_317,7.42,USD,Netflix,IN,2025-12-09T08:55:14.734310
txn_06951,user_051,84.23,USD,Electronics Hub,GB,2025-10-26T10:55:14.734313
txn_06952,user_498,4418.82,USD,AdultWorld,RU,2026-01-04T11:55:14.734317
txn_06953,user_453,46.48,USD,Uber,GB,2025-12-12T19:55:14.734320
txn_06954,user_149,1219.69,USD,Online Gaming Co,NG,2026-01-05T08:55:14.734323
txn_06955,user_091,82.63,USD,Starbucks,IN,2025-12-16T17:55:14.734328
txn_06956,user_008,12.21,USD,Electronics Hub,US,2025-10-23T09:55:14.734331
txn_06957,user_279,10.11,USD,McDonalds,IN,2025-12-26T05:55:14.734335
txn_06958,user_347,19.71,USD,Software Store,US,2025-12-03T23:55:14.734338
txn_06959,user_458,63.39,USD,Software Store,IN,2025-11-01T08:55:14.734342
txn_06960,user_336,6.3,USD,Local Grocery,IN,2025-11-09T02:55:14.734348
txn_06961,user_130,6.16,USD,Amazon,IN,2025-11-20T07:55:14.734352
txn_06962,user_103,29.73,USD,Netflix,IN,2025-11-22T22:55:14.734356
txn_06963,user_291,88.73,USD,Electronics Hub,GB,2025-10-22T09:55:14.734359
txn_06964,user_432,9.11,USD,Starbucks,IN,2025-10-23T14:55:14.734363
txn_06965,user_473,4382.34,USD,AdultWorld,RU,2026-01-03T19:55:14.734366
txn_06966,user_181,75.32,USD,Software Store,IN,2025-11-12T17:55:14.734370
txn_06967,user_090,45.85,USD,Netflix,GB,2025-11-05T00:55:14.734373
txn_06968,user_190,57.76,USD,Netflix,US,2025-10-07T19:55:14.734377
txn_06969,user_161,64.1,USD,Starbucks,GB,2025-11-07T08:55:14.734381
txn_06970,user_206,14.03,USD,Starbucks,US,2025-12-02T06:55:14.734385
txn_06971,user_398,89.2,USD,Amazon,IN,2025-10-18T18:55:14.734389
txn_06972,user_163,62.62,USD,Netflix,GB,2025-10-08T04:55:14.734392
txn_06973,user_253,18.38,USD,Amazon,GB,2025-10-28T05:55:14.734397
txn_06974,user_013,54.2,USD,Electronics Hub,IN,2025-11-16T23:55:14.734402
txn_06975,user_453,78.73,USD,Amazon,US,2025-11-03T13:55:14.734406
txn_06976,user_483,15.38,USD,Starbucks,US,2026-01-02T17:55:14.734409
txn_06977,user_092,48.21,USD,TravelHub,GB,2025-10-13T10:55:14.734413
txn_06978,user_309,93.35,USD,Electronics Hub,US,2025-11-13T17:55:14.734417
txn_06979,user_442,69.69,USD,Electronics Hub,IN,2025-11-13T13:55:14.734420
txn_06980,user_214,19.68,USD,Amazon,IN,2025-10-10T16:55:14.734423
txn_06981,user_490,48.62,USD,Spotify,US,2025-11-20T22:55:14.734427
txn_06982,user_171,6.79,USD,Amazon,US,2025-11-07T03:55:14.734430
txn_06983,user_163,38.31,USD,Software Store,IN,2025-10-26T23:55:14.734434
txn_06984,user_012,4811.74,USD,Online Gaming Co,RU,2026-01-04T20:55:14.734438
txn_06985,user_448,42.3,USD,Software Store,IN,2025-10-19T08:55:14.734441
txn_06986,user_465,5.56,USD,TravelHub,GB,2025-12-16T07:55:14.734445
txn_06987,user_077,90.94,USD,Amazon,IN,2025-10-31T02:55:14.734448
txn_06988,user_096,831.43,USD,QuickLoans,CN,2026-01-05T05:55:14.734451
txn_06989,user_270,66.69,USD,Software Store,US,2025-11-28T02:55:14.734455
txn_06990,user_347,36.6,USD,Amazon,GB,2025-12-19T00:55:14.734458
txn_06991,user_244,66.43,USD,Netflix,GB,2025-10-16T15:55:14.734462
txn_06992,user_452,10.27,USD,Netflix,US,2025-12-29T22:55:14.734467
txn_06993,user_477,43.85,USD,Software Store,US,2025-10-23T06:55:14.734470
txn_06994,user_049,19.56,USD,Electronics Hub,IN,2025-12-16T21:55:14.734475
txn_06995,user_219,79.14,USD,Starbucks,GB,2025-10-24T17:55:14.734479
txn_06996,user_204,42.35,USD,McDonalds,IN,2025-11-18T11:55:14.734482
txn_06997,user_478,86.46,USD,Amazon,US,2025-11-02T22:55:14.734486
txn_06998,user_455,34.58,USD,Spotify,IN,2025-12-23T08:55:14.734489
txn_06999,user_326,73.14,USD,Local Grocery,IN,2025-11-30T10:55:14.734492
txn_07000,user_062,66.9,USD,Netflix,US,2025-11-05T14:55:14.734496
txn_07001,user_001,50.45,USD,Netflix,GB,2025-12-19T17:55:14.734500
txn_07002,user_046,1556.54,USD,AdultWorld,CN,2026-01-04T12:55:14.734503
txn_07003,user_173,99.42,USD,Local Grocery,US,2025-10-07T08:55:14.734506
txn_07004,user_380,90.95,USD,Software Store,IN,2025-10-11T20:55:14.734510
txn_07005,user_183,69.6,USD,Uber,US,2025-11-26T09:55:14.734514
txn_07006,user_496,15.13,USD,TravelHub,GB,2025-11-09T04:55:14.734517
txn_07007,user_007,16.57,USD,Electronics Hub,IN,2025-10-31T09:55:14.734521
txn_07008,user_099,82.31,USD,Local Grocery,US,2025-11-07T01:55:14.734524
txn_07009,user_386,13.0,USD,Uber,US,2025-11-09T14:55:14.734528
txn_07010,user_188,40.88,USD,Software Store,IN,2025-12-05T09:55:14.734531
txn_07011,user_226,32.21,USD,McDonalds,GB,2025-12-16T05:55:14.734535
txn_07012,user_034,13.25,USD,Local Grocery,GB,2025-12-28T15:55:14.734539
txn_07013,user_211,39.25,USD,McDonalds,IN,2025-11-02T12:55:14.734544
txn_07014,user_333,6.18,USD,McDonalds,US,2025-12-20T20:55:14.734547
txn_07015,user_260,58.66,USD,Amazon,IN,2025-12-21T13:55:14.734551
txn_07016,user_042,8.59,USD,McDonalds,IN,2025-11-12T22:55:14.734554
txn_07017,user_082,24.49,USD,TravelHub,US,2025-11-26T15:55:14.734558
txn_07018,user_471,9.71,USD,Netflix,GB,2025-11-09T03:55:14.734562
txn_07019,user_183,31.32,USD,Uber,GB,2025-11-14T03:55:14.734568
txn_07020,user_454,92.1,USD,TravelHub,IN,2025-10-09T05:55:14.734573
txn_07021,user_463,59.17,USD,Netflix,US,2025-10-23T11:55:14.734576
txn_07022,user_484,18.62,USD,Local Grocery,US,2025-12-27T08:55:14.734580
txn_07023,user_059,33.18,USD,Starbucks,GB,2025-11-18T04:55:14.734585
txn_07024,user_040,97.14,USD,TravelHub,IN,2025-10-11T06:55:14.734588
txn_07025,user_386,21.86,USD,Netflix,GB,2025-12-16T06:55:14.734592
txn_07026,user_434,80.22,USD,Netflix,GB,2025-12-13T18:55:14.734596
txn_07027,user_158,11.02,USD,Uber,GB,2025-11-20T07:55:14.734599
txn_07028,user_440,66.27,USD,Electronics Hub,IN,2025-11-03T20:55:14.734603
txn_07029,user_242,89.93,USD,Software Store,US,2025-10-30T07:55:14.734606
txn_07030,user_402,75.1,USD,McDonalds,IN,2025-12-31T11:55:14.734610
txn_07031,user_271,24.54,USD,Uber,IN,2025-10-13T13:55:14.734613
txn_07032,user_070,45.01,USD,Uber,US,2025-12-18T01:55:14.734617
txn_07033,user_280,25.83,USD,Uber,GB,2025-11-19T00:55:14.734621
txn_07034,user_470,72.05,USD,Local Grocery,GB,2025-11-08T15:55:14.734625
txn_07035,user_228,95.09,USD,Software Store,US,2025-10-16T23:55:14.734629
txn_07036,user_048,72.91,USD,Electronics Hub,IN,2025-12-22T12:55:14.734632
txn_07037,user_102,11.16,USD,Local Grocery,IN,2025-12-06T08:55:14.734636
txn_07038,user_385,2361.59,USD,Online Gaming Co,RU,2026-01-03T22:55:14.734639
txn_07039,user_291,31.45,USD,McDonalds,GB,2025-11-26T01:55:14.734642
txn_07040,user_076,61.2,USD,Electronics Hub,US,2025-11-24T20:55:14.734646
txn_07041,user_236,36.15,USD,TravelHub,IN,2025-12-29T19:55:14.734649
txn_07042,user_127,80.08,USD,Uber,US,2025-11-27T22:55:14.734653
txn_07043,user_007,3849.43,USD,LuxuryStore,BR,2026-01-04T11:55:14.734656
txn_07044,user_337,23.12,USD,Starbucks,IN,2025-12-05T13:55:14.734659
txn_07045,user_407,18.05,USD,TravelHub,US,2026-01-04T19:55:14.734663
txn_07046,user_124,15.87,USD,Software Store,IN,2025-11-12T09:55:14.734666
txn_07047,user_351,20.57,USD,Amazon,GB,2025-11-16T22:55:14.734670
txn_07048,user_047,90.48,USD,Uber,GB,2025-12-19T22:55:14.734674
txn_07049,user_440,76.5,USD,Starbucks,IN,2025-11-12T19:55:14.734677
txn_07050,user_459,59.05,USD,Uber,US,2025-11-19T02:55:14.734681
txn_07051,user_368,95.19,USD,Electronics Hub,US,2025-11-03T07:55:14.734684
txn_07052,user_165,41.41,USD,Amazon,GB,2025-10-15T01:55:14.734689
txn_07053,user_475,39.62,USD,Netflix,IN,2025-10-31T11:55:14.734692
txn_07054,user_341,93.3,USD,TravelHub,GB,2025-11-06T08:55:14.734696
txn_07055,user_059,34.08,USD,Amazon,GB,2025-12-09T11:55:14.734701
txn_07056,user_199,70.48,USD,Spotify,US,2025-12-20T21:55:14.734705
txn_07057,user_488,93.46,USD,Starbucks,IN,2025-11-13T14:55:14.734709
txn_07058,user_466,52.23,USD,Starbucks,GB,2025-12-02T15:55:14.734712
txn_07059,user_295,13.52,USD,Amazon,GB,2025-10-30T22:55:14.734716
txn_07060,user_323,3085.27,USD,Exotic Jewelry,RU,2026-01-04T09:55:14.734719
txn_07061,user_430,4185.82,USD,AdultWorld,CN,2026-01-03T21:55:14.734722
txn_07062,user_078,20.5,USD,McDonalds,US,2025-11-13T18:55:14.734726
txn_07063,user_115,84.87,USD,Starbucks,IN,2025-11-02T10:55:14.734729
txn_07064,user_073,79.22,USD,McDonalds,US,2025-12-13T23:55:14.734733
txn_07065,user_423,96.68,USD,Electronics Hub,US,2025-11-28T15:55:14.734736
txn_07066,user_252,10.3,USD,Amazon,GB,2025-11-27T20:55:14.734740
txn_07067,user_055,2282.58,USD,Exotic Jewelry,CN,2026-01-04T01:55:14.734743
txn_07068,user_091,23.51,USD,TravelHub,GB,2025-10-07T08:55:14.734747
txn_07069,user_431,49.05,USD,McDonalds,GB,2025-11-01T15:55:14.734750
txn_07070,user_139,40.8,USD,Starbucks,US,2025-12-06T10:55:14.734754
txn_07071,user_070,89.08,USD,Amazon,IN,2025-11-25T04:55:14.734757
txn_07072,user_230,4137.52,USD,Exotic Jewelry,CN,2026-01-05T05:55:14.734762
txn_07073,user_038,85.99,USD,Netflix,GB,2025-12-01T08:55:14.734767
txn_07074,user_351,3564.51,USD,Online Gaming Co,CN,2026-01-03T12:55:14.734771
txn_07075,user_187,88.27,USD,Spotify,GB,2025-11-08T12:55:14.734775
txn_07076,user_358,97.43,USD,TravelHub,US,2025-12-01T06:55:14.734778
txn_07077,user_005,5.93,USD,Starbucks,US,2025-11-13T23:55:14.734782
txn_07078,user_154,3615.24,USD,Exotic Jewelry,BR,2026-01-04T02:55:14.734785
txn_07079,user_149,36.14,USD,Netflix,IN,2025-12-07T17:55:14.734788
txn_07080,user_006,3793.93,USD,Online Gaming Co,CN,2026-01-04T01:55:14.734792
txn_07081,user_475,10.55,USD,TravelHub,GB,2025-12-26T15:55:14.734796
txn_07082,user_223,94.18,USD,TravelHub,GB,2025-11-14T10:55:14.734799
txn_07083,user_358,2782.46,USD,Online Gaming Co,BR,2026-01-03T20:55:14.734803
txn_07084,user_485,49.04,USD,Netflix,IN,2025-12-15T15:55:14.734806
txn_07085,user_232,17.4,USD,Uber,GB,2025-11-14T05:55:14.734810
txn_07086,user_215,95.36,USD,Starbucks,US,2025-11-25T00:55:14.734813
txn_07087,user_241,77.32,USD,Starbucks,US,2025-10-21T19:55:14.734818
txn_07088,user_269,47.36,USD,Amazon,US,2025-10-17T19:55:14.734821
txn_07089,user_444,44.2,USD,Spotify,GB,2025-10-30T22:55:14.734825
txn_07090,user_497,81.36,USD,Spotify,IN,2026-01-02T09:55:14.734828
txn_07091,user_426,78.75,USD,Starbucks,GB,2025-10-15T17:55:14.734833
txn_07092,user_436,69.58,USD,Spotify,IN,2025-10-08T10:55:14.734837
txn_07093,user_265,4784.65,USD,QuickLoans,RU,2026-01-04T01:55:14.734840
txn_07094,user_064,77.34,USD,TravelHub,GB,2025-11-10T13:55:14.734844
txn_07095,user_037,47.7,USD,Electronics Hub,IN,2025-12-29T22:55:14.734847
txn_07096,user_073,48.87,USD,TravelHub,GB,2025-12-30T23:55:14.734851
txn_07097,user_344,38.31,USD,Spotify,IN,2025-12-05T17:55:14.734854
txn_07098,user_419,74.65,USD,Uber,US,2025-11-12T02:55:14.734858
txn_07099,user_030,1769.12,USD,AdultWorld,CN,2026-01-03T09:55:14.734861
txn_07100,user_045,70.28,USD,Uber,IN,2025-12-04T08:55:14.734864
txn_07101,user_315,48.57,USD,Amazon,IN,2025-10-13T00:55:14.734869
txn_07102,user_297,29.35,USD,Software Store,US,2025-11-09T08:55:14.734873
txn_07103,user_202,98.66,USD,Local Grocery,IN,2025-12-08T06:55:14.734876
txn_07104,user_261,48.88,USD,McDonalds,IN,2025-10-11T04:55:14.734880
txn_07105,user_474,3396.49,USD,Exotic Jewelry,NG,2026-01-04T17:55:14.734883
txn_07106,user_085,73.68,USD,Starbucks,IN,2025-10-11T15:55:14.734887
txn_07107,user_037,19.4,USD,Spotify,GB,2025-11-22T22:55:14.734891
txn_07108,user_047,4154.65,USD,QuickLoans,RU,2026-01-04T21:55:14.734894
txn_07109,user_323,31.37,USD,TravelHub,GB,2025-12-30T01:55:14.734897
txn_07110,user_358,38.03,USD,Uber,IN,2025-11-01T10:55:14.734901
txn_07111,user_041,62.05,USD,McDonalds,US,2025-11-08T08:55:14.734906
txn_07112,user_011,67.05,USD,McDonalds,US,2025-12-25T22:55:14.734909
txn_07113,user_373,45.69,USD,Starbucks,US,2025-11-28T02:55:14.734913
txn_07114,user_326,40.63,USD,Amazon,US,2025-12-09T01:55:14.734916
txn_07115,user_223,3718.57,USD,QuickLoans,BR,2026-01-03T16:55:14.734920
txn_07116,user_327,20.93,USD,Starbucks,GB,2025-10-31T15:55:14.734923
txn_07117,user_022,36.49,USD,Uber,IN,2025-10-23T13:55:14.734927
txn_07118,user_377,41.58,USD,TravelHub,IN,2025-10-10T01:55:14.734930
txn_07119,user_148,34.83,USD,Spotify,GB,2025-12-06T10:55:14.734935
txn_07120,user_149,1107.21,USD,QuickLoans,BR,2026-01-03T20:55:14.734939
txn_07121,user_158,37.97,USD,Uber,US,2025-11-18T13:55:14.734942
txn_07122,user_329,92.68,USD,Spotify,US,2025-11-27T14:55:14.734947
txn_07123,user_092,89.61,USD,Software Store,GB,2025-11-02T17:55:14.734951
txn_07124,user_109,18.13,USD,Starbucks,IN,2025-10-14T17:55:14.734954
txn_07125,user_172,26.34,USD,Uber,US,2025-12-30T04:55:14.734958
txn_07126,user_412,95.28,USD,Starbucks,GB,2025-11-25T10:55:14.734962
txn_07127,user_486,10.96,USD,Amazon,IN,2025-10-22T04:55:14.734965
txn_07128,user_394,30.7,USD,Spotify,IN,2025-11-27T12:55:14.734969
txn_07129,user_408,48.36,USD,Electronics Hub,GB,2026-01-04T20:55:14.734972
txn_07130,user_189,72.59,USD,Spotify,IN,2025-12-23T20:55:14.734977
txn_07131,user_040,93.87,USD,McDonalds,IN,2025-11-17T14:55:14.734980
txn_07132,user_246,2586.72,USD,QuickLoans,NG,2026-01-04T01:55:14.734984
txn_07133,user_122,79.64,USD,Uber,GB,2025-12-24T12:55:14.734987
txn_07134,user_381,97.41,USD,Local Grocery,IN,2025-12-14T08:55:14.734990
txn_07135,user_360,40.99,USD,Spotify,US,2025-12-14T01:55:14.734994
txn_07136,user_161,81.9,USD,McDonalds,GB,2025-12-31T02:55:14.734997
txn_07137,user_257,58.33,USD,Electronics Hub,GB,2025-11-15T09:55:14.735001
txn_07138,user_214,18.94,USD,TravelHub,IN,2025-12-07T06:55:14.735004
txn_07139,user_054,59.46,USD,Starbucks,IN,2025-12-15T18:55:14.735008
txn_07140,user_261,642.7,USD,AdultWorld,RU,2026-01-03T18:55:14.735011
txn_07141,user_258,1985.17,USD,AdultWorld,RU,2026-01-03T09:55:14.735014
txn_07142,user_201,70.3,USD,Local Grocery,GB,2025-10-29T23:55:14.735018
txn_07143,user_154,85.66,USD,Amazon,IN,2025-12-16T01:55:14.735021
txn_07144,user_481,86.12,USD,Starbucks,GB,2025-10-19T18:55:14.735025
txn_07145,user_177,22.98,USD,Software Store,IN,2025-12-07T06:55:14.735028
txn_07146,user_137,90.81,USD,McDonalds,IN,2025-10-25T13:55:14.735032
txn_07147,user_016,87.26,USD,Electronics Hub,IN,2025-11-16T13:55:14.735035
txn_07148,user_462,24.83,USD,Netflix,US,2025-11-06T01:55:14.735039
txn_07149,user_425,32.7,USD,Software Store,GB,2025-11-24T23:55:14.735042
txn_07150,user_157,62.27,USD,Starbucks,US,2025-11-06T18:55:14.735047
txn_07151,user_150,592.97,USD,QuickLoans,RU,2026-01-03T16:55:14.735052
txn_07152,user_213,24.16,USD,Electronics Hub,US,2025-11-21T18:55:14.735056
txn_07153,user_227,16.06,USD,Electronics Hub,IN,2025-11-19T18:55:14.735059
txn_07154,user_328,93.03,USD,Amazon,IN,2025-12-17T17:55:14.735063
txn_07155,user_312,45.44,USD,Starbucks,IN,2025-10-22T03:55:14.735067
txn_07156,user_306,14.87,USD,Electronics Hub,GB,2025-10-19T10:55:14.735070
txn_07157,user_477,50.87,USD,McDonalds,IN,2026-01-03T15:55:14.735074
txn_07158,user_313,2750.99,USD,Exotic Jewelry,NG,2026-01-04T09:55:14.735077
txn_07159,user_178,51.87,USD,Uber,GB,2025-12-31T16:55:14.735081
txn_07160,user_012,42.86,USD,TravelHub,GB,2025-12-01T18:55:14.735085
txn_07161,user_091,82.75,USD,Electronics Hub,IN,2025-12-29T13:55:14.735088
txn_07162,user_382,18.33,USD,Local Grocery,IN,2025-10-08T14:55:14.735091
txn_07163,user_265,1842.2,USD,Online Gaming Co,CN,2026-01-04T23:55:14.735095
txn_07164,user_383,20.3,USD,TravelHub,GB,2025-10-15T00:55:14.735098
txn_07165,user_332,3702.95,USD,AdultWorld,CN,2026-01-05T04:55:14.735102
txn_07166,user_113,27.31,USD,Software Store,GB,2025-12-18T10:55:14.735105
txn_07167,user_247,72.47,USD,Starbucks,GB,2025-12-27T09:55:14.735109
txn_07168,user_175,3656.08,USD,QuickLoans,BR,2026-01-04T21:55:14.735112
txn_07169,user_230,49.25,USD,Amazon,IN,2025-10-25T07:55:14.735117
txn_07170,user_181,76.5,USD,Amazon,US,2025-11-17T10:55:14.735121
txn_07171,user_174,78.7,USD,McDonalds,IN,2025-12-20T06:55:14.735124
txn_07172,user_473,11.04,USD,Software Store,GB,2025-12-14T08:55:14.735128
txn_07173,user_401,71.81,USD,Amazon,IN,2025-12-05T13:55:14.735132
txn_07174,user_305,10.09,USD,Spotify,IN,2025-12-03T01:55:14.735136
txn_07175,user_348,15.36,USD,Uber,GB,2025-10-10T10:55:14.735140
txn_07176,user_070,3957.81,USD,AdultWorld,NG,2026-01-04T21:55:14.735143
txn_07177,user_127,78.97,USD,McDonalds,GB,2025-11-05T20:55:14.735146
txn_07178,user_292,26.09,USD,Uber,IN,2025-11-01T11:55:14.735150
txn_07179,user_024,53.24,USD,Local Grocery,US,2025-12-23T06:55:14.735154
txn_07180,user_155,90.68,USD,Spotify,GB,2025-11-12T02:55:14.735157
txn_07181,user_255,78.31,USD,Netflix,US,2025-10-07T05:55:14.735161
txn_07182,user_231,76.94,USD,Starbucks,US,2026-01-02T10:55:14.735164
txn_07183,user_017,2539.28,USD,Online Gaming Co,BR,2026-01-03T10:55:14.735169
txn_07184,user_194,92.72,USD,Local Grocery,GB,2025-11-16T03:55:14.735173
txn_07185,user_315,28.4,USD,Software Store,IN,2025-12-26T12:55:14.735177
txn_07186,user_479,99.37,USD,Spotify,GB,2025-11-05T11:55:14.735180
txn_07187,user_203,3283.94,USD,AdultWorld,RU,2026-01-03T17:55:14.735184
txn_07188,user_489,26.26,USD,Uber,GB,2025-10-31T22:55:14.735187
txn_07189,user_433,25.91,USD,Software Store,US,2025-10-15T20:55:14.735192
txn_07190,user_018,4978.61,USD,QuickLoans,CN,2026-01-03T13:55:14.735196
txn_07191,user_209,6.51,USD,Spotify,IN,2025-11-14T23:55:14.735199
txn_07192,user_100,8.04,USD,Uber,IN,2025-12-24T06:55:14.735203
txn_07193,user_032,5.36,USD,TravelHub,IN,2025-10-28T07:55:14.735206
txn_07194,user_436,4686.55,USD,AdultWorld,BR,2026-01-05T06:55:14.735210
txn_07195,user_092,18.99,USD,Spotify,GB,2025-12-08T11:55:14.735213
txn_07196,user_065,29.18,USD,McDonalds,US,2025-11-26T03:55:14.735217
txn_07197,user_109,33.35,USD,Starbucks,IN,2025-10-06T20:55:14.735220
txn_07198,user_410,33.14,USD,Local Grocery,GB,2025-12-10T07:55:14.735224
txn_07199,user_070,51.79,USD,Starbucks,US,2025-11-12T17:55:14.735228
txn_07200,user_287,33.23,USD,Uber,GB,2026-01-01T20:55:14.735231
txn_07201,user_403,73.7,USD,Amazon,GB,2025-12-02T18:55:14.735235
txn_07202,user_263,60.07,USD,Local Grocery,GB,2025-12-05T16:55:14.735238
txn_07203,user_245,62.5,USD,Local Grocery,GB,2025-11-19T10:55:14.735242
txn_07204,user_259,1155.15,USD,LuxuryStore,RU,2026-01-05T02:55:14.735245
txn_07205,user_164,34.99,USD,Amazon,IN,2025-11-12T23:55:14.735249
txn_07206,user_085,67.64,USD,Electronics Hub,IN,2025-12-30T01:55:14.735253
txn_07207,user_124,30.08,USD,McDonalds,IN,2025-11-03T04:55:14.735256
txn_07208,user_029,13.1,USD,McDonalds,IN,2025-11-20T10:55:14.735261
txn_07209,user_103,36.45,USD,Netflix,US,2025-11-06T10:55:14.735265
txn_07210,user_336,61.44,USD,Spotify,GB,2025-12-28T04:55:14.735268
txn_07211,user_339,68.33,USD,Local Grocery,GB,2025-10-26T21:55:14.735272
txn_07212,user_334,3001.41,USD,AdultWorld,RU,2026-01-04T13:55:14.735275
txn_07213,user_381,3732.44,USD,Online Gaming Co,CN,2026-01-04T21:55:14.735279
txn_07214,user_172,93.6,USD,McDonalds,GB,2025-10-13T14:55:14.735283
txn_07215,user_451,61.87,USD,Starbucks,US,2025-11-08T09:55:14.735287
txn_07216,user_452,61.48,USD,McDonalds,IN,2025-11-24T14:55:14.735291
txn_07217,user_077,36.1,USD,Local Grocery,IN,2025-12-17T14:55:14.735295
txn_07218,user_115,8.91,USD,Local Grocery,US,2025-11-16T15:55:14.735299
txn_07219,user_361,75.78,USD,TravelHub,US,2025-11-21T07:55:14.735302
txn_07220,user_039,41.33,USD,TravelHub,GB,2025-12-07T10:55:14.735306
txn_07221,user_018,28.69,USD,McDonalds,US,2025-12-19T17:55:14.735310
txn_07222,user_180,35.31,USD,Starbucks,US,2025-12-07T05:55:14.735313
txn_07223,user_365,2428.34,USD,QuickLoans,CN,2026-01-05T07:55:14.735317
txn_07224,user_492,99.17,USD,Software Store,US,2025-10-28T12:55:14.735322
txn_07225,user_036,34.84,USD,Software Store,US,2025-10-06T12:55:14.735325
txn_07226,user_260,82.24,USD,Starbucks,IN,2026-01-01T14:55:14.735329
txn_07227,user_358,83.28,USD,Amazon,IN,2025-10-12T10:55:14.735333
txn_07228,user_238,53.1,USD,Uber,GB,2025-10-12T20:55:14.735337
txn_07229,user_185,95.59,USD,McDonalds,IN,2025-12-19T04:55:14.735344
txn_07230,user_022,2678.13,USD,QuickLoans,BR,2026-01-04T07:55:14.735347
txn_07231,user_126,56.51,USD,Uber,GB,2025-12-06T16:55:14.735351
txn_07232,user_204,1620.61,USD,LuxuryStore,CN,2026-01-04T16:55:14.735354
txn_07233,user_419,31.91,USD,Local Grocery,GB,2025-12-10T14:55:14.735358
txn_07234,user_367,16.52,USD,McDonalds,IN,2025-10-21T10:55:14.735362
txn_07235,user_078,36.1,USD,Software Store,US,2025-10-10T10:55:14.735365
txn_07236,user_330,3084.5,USD,Exotic Jewelry,CN,2026-01-03T09:55:14.735369
txn_07237,user_235,38.55,USD,Amazon,GB,2025-12-04T14:55:14.735373
txn_07238,user_102,1520.39,USD,Exotic Jewelry,NG,2026-01-03T15:55:14.735376
txn_07239,user_012,96.81,USD,Uber,IN,2025-11-22T23:55:14.735379
txn_07240,user_221,87.79,USD,Software Store,US,2025-11-04T04:55:14.735383
txn_07241,user_448,99.15,USD,Amazon,GB,2025-12-13T06:55:14.735386
txn_07242,user_195,97.43,USD,Amazon,IN,2025-11-20T06:55:14.735390
txn_07243,user_211,5.13,USD,Electronics Hub,GB,2025-10-12T05:55:14.735394
txn_07244,user_268,26.65,USD,Starbucks,GB,2025-12-29T08:55:14.735398
txn_07245,user_100,69.5,USD,TravelHub,IN,2025-11-20T04:55:14.735401
txn_07246,user_467,49.33,USD,TravelHub,GB,2026-01-02T20:55:14.735405
txn_07247,user_261,45.39,USD,Amazon,GB,2025-12-19T01:55:14.735415
txn_07248,user_410,46.16,USD,Electronics Hub,IN,2025-12-06T05:55:14.735419
txn_07249,user_219,7.97,USD,Amazon,IN,2025-12-20T19:55:14.735423
txn_07250,user_238,83.94,USD,Uber,US,2025-11-11T15:55:14.735426
txn_07251,user_002,3169.96,USD,Exotic Jewelry,BR,2026-01-04T11:55:14.735430
txn_07252,user_238,60.54,USD,TravelHub,IN,2025-11-21T16:55:14.735433
txn_07253,user_317,1988.7,USD,Online Gaming Co,BR,2026-01-04T15:55:14.735436
txn_07254,user_043,20.15,USD,McDonalds,GB,2025-12-10T10:55:14.735440
txn_07255,user_293,49.88,USD,Netflix,GB,2025-11-29T23:55:14.735444
txn_07256,user_001,75.28,USD,Spotify,GB,2025-11-29T12:55:14.735448
txn_07257,user_180,55.24,USD,TravelHub,GB,2026-01-05T02:55:14.735451
txn_07258,user_229,52.27,USD,Electronics Hub,US,2025-10-22T19:55:14.735455
txn_07259,user_444,87.81,USD,Amazon,GB,2025-11-21T02:55:14.735458
txn_07260,user_442,6.69,USD,Local Grocery,US,2025-11-18T23:55:14.735462
txn_07261,user_173,51.77,USD,Electronics Hub,US,2025-10-22T08:55:14.735466
txn_07262,user_402,64.38,USD,Spotify,GB,2025-11-26T07:55:14.735469
txn_07263,user_094,75.18,USD,Local Grocery,GB,2025-11-02T19:55:14.735473
txn_07264,user_356,72.19,USD,Netflix,US,2025-10-07T02:55:14.735476
txn_07265,user_098,67.39,USD,Amazon,GB,2025-11-18T20:55:14.735480
txn_07266,user_018,94.34,USD,Netflix,IN,2025-12-28T17:55:14.735483
txn_07267,user_024,6.02,USD,McDonalds,GB,2026-01-01T10:55:14.735488
txn_07268,user_282,76.52,USD,Netflix,US,2025-11-01T13:55:14.735492
txn_07269,user_500,28.29,USD,Netflix,IN,2025-12-11T08:55:14.735496
txn_07270,user_113,3728.18,USD,Online Gaming Co,BR,2026-01-03T10:55:14.735499
txn_07271,user_021,51.97,USD,Uber,US,2025-11-13T17:55:14.735503
txn_07272,user_104,3868.9,USD,LuxuryStore,BR,2026-01-03T18:55:14.735506
txn_07273,user_277,9.6,USD,Spotify,IN,2025-12-01T13:55:14.735510
txn_07274,user_274,2709.41,USD,QuickLoans,RU,2026-01-03T19:55:14.735513
txn_07275,user_268,44.25,USD,McDonalds,GB,2025-11-25T10:55:14.735517
txn_07276,user_367,45.12,USD,Starbucks,IN,2025-10-29T13:55:14.735522
txn_07277,user_127,88.28,USD,TravelHub,US,2025-12-03T04:55:14.735526
txn_07278,user_236,94.42,USD,TravelHub,IN,2025-11-03T08:55:14.735531
txn_07279,user_457,14.2,USD,Amazon,GB,2025-11-28T16:55:14.735535
txn_07280,user_078,33.25,USD,Netflix,IN,2025-11-05T15:55:14.735538
txn_07281,user_254,58.84,USD,Software Store,US,2025-10-19T15:55:14.735542
txn_07282,user_279,9.9,USD,Starbucks,GB,2025-10-24T00:55:14.735546
txn_07283,user_185,41.07,USD,Local Grocery,GB,2025-11-19T12:55:14.735550
txn_07284,user_138,85.57,USD,Uber,US,2025-10-30T14:55:14.735553
txn_07285,user_257,13.85,USD,Starbucks,IN,2025-10-23T06:55:14.735557
txn_07286,user_200,14.3,USD,Amazon,IN,2025-11-09T11:55:14.735562
txn_07287,user_228,37.53,USD,Local Grocery,GB,2025-10-08T20:55:14.735568
txn_07288,user_076,86.14,USD,Amazon,GB,2025-11-18T12:55:14.735571
txn_07289,user_228,42.68,USD,Spotify,US,2025-12-27T20:55:14.735575
txn_07290,user_396,4943.17,USD,Online Gaming Co,BR,2026-01-04T16:55:14.735578
txn_07291,user_305,89.79,USD,Software Store,IN,2026-01-03T06:55:14.735582
txn_07292,user_349,11.11,USD,Spotify,IN,2025-12-05T21:55:14.735586
txn_07293,user_323,13.87,USD,Spotify,GB,2025-12-06T23:55:14.735590
txn_07294,user_008,2013.57,USD,QuickLoans,CN,2026-01-04T05:55:14.735593
txn_07295,user_146,34.86,USD,Software Store,GB,2025-11-07T14:55:14.735596
txn_07296,user_329,68.03,USD,Netflix,IN,2025-10-14T19:55:14.735600
txn_07297,user_081,93.91,USD,Local Grocery,US,2025-10-23T10:55:14.735604
txn_07298,user_038,89.69,USD,Software Store,GB,2025-10-08T07:55:14.735607
txn_07299,user_452,10.21,USD,TravelHub,IN,2025-10-14T14:55:14.735611
txn_07300,user_122,63.9,USD,Uber,IN,2025-10-18T16:55:14.735615
txn_07301,user_262,12.95,USD,Software Store,IN,2026-01-02T14:55:14.735618
txn_07302,user_442,39.34,USD,Electronics Hub,IN,2025-12-03T09:55:14.735622
txn_07303,user_038,36.78,USD,McDonalds,GB,2025-10-24T20:55:14.735626
txn_07304,user_437,82.74,USD,McDonalds,GB,2026-01-04T21:55:14.735629
txn_07305,user_343,29.03,USD,Starbucks,IN,2025-12-16T04:55:14.735633
txn_07306,user_398,70.95,USD,Spotify,IN,2025-12-14T23:55:14.735638
txn_07307,user_030,21.18,USD,Electronics Hub,GB,2025-10-29T12:55:14.735642
txn_07308,user_312,38.19,USD,Software Store,US,2025-11-07T09:55:14.735645
txn_07309,user_357,68.82,USD,TravelHub,US,2025-10-08T10:55:14.735649
txn_07310,user_456,64.63,USD,Netflix,US,2025-12-09T19:55:14.735654
txn_07311,user_026,85.88,USD,Software Store,GB,2025-10-15T14:55:14.735658
txn_07312,user_198,3178.91,USD,QuickLoans,NG,2026-01-03T20:55:14.735661
txn_07313,user_288,33.65,USD,Amazon,IN,2025-11-01T04:55:14.735665
txn_07314,user_266,24.52,USD,Software Store,GB,2025-12-26T19:55:14.735668
txn_07315,user_021,72.48,USD,McDonalds,IN,2025-10-31T06:55:14.735672
txn_07316,user_341,65.29,USD,Uber,IN,2025-10-08T14:55:14.735675
txn_07317,user_182,3646.07,USD,Online Gaming Co,CN,2026-01-03T11:55:14.735679
txn_07318,user_182,10.28,USD,Netflix,IN,2025-10-13T23:55:14.735682
txn_07319,user_292,58.77,USD,McDonalds,GB,2025-12-24T08:55:14.735686
txn_07320,user_499,43.99,USD,Local Grocery,GB,2025-10-12T23:55:14.735689
txn_07321,user_254,35.12,USD,Amazon,GB,2025-11-12T09:55:14.735693
txn_07322,user_115,59.54,USD,Uber,GB,2025-10-23T09:55:14.735696
txn_07323,user_164,36.44,USD,Local Grocery,GB,2025-10-28T06:55:14.735700
txn_07324,user_218,68.77,USD,Amazon,US,2025-10-28T16:55:14.735704
txn_07325,user_287,76.03,USD,Local Grocery,IN,2025-10-19T07:55:14.735709
txn_07326,user_326,9.04,USD,Starbucks,US,2025-11-18T01:55:14.735713
txn_07327,user_076,52.43,USD,Local Grocery,US,2025-10-26T18:55:14.735718
txn_07328,user_250,51.85,USD,Netflix,GB,2025-10-07T06:55:14.735721
txn_07329,user_402,29.69,USD,Netflix,GB,2025-12-26T07:55:14.735725
txn_07330,user_109,24.48,USD,TravelHub,US,2025-10-14T04:55:14.735728
txn_07331,user_081,59.2,USD,Uber,GB,2025-10-20T10:55:14.735732
txn_07332,user_076,34.4,USD,TravelHub,US,2025-12-09T03:55:14.735736
txn_07333,user_497,4162.76,USD,Exotic Jewelry,RU,2026-01-05T07:55:14.735739
txn_07334,user_382,32.12,USD,McDonalds,US,2025-12-21T07:55:14.735743
txn_07335,user_283,86.39,USD,Netflix,IN,2025-12-31T05:55:14.735746
txn_07336,user_037,4415.29,USD,Online Gaming Co,BR,2026-01-03T21:55:14.735750
txn_07337,user_334,4626.33,USD,QuickLoans,NG,2026-01-05T05:55:14.735753
txn_07338,user_123,68.37,USD,Software Store,US,2026-01-04T19:55:14.735756
txn_07339,user_387,15.91,USD,McDonalds,US,2025-12-01T18:55:14.735760
txn_07340,user_147,43.74,USD,Spotify,US,2025-10-24T23:55:14.735764
txn_07341,user_348,86.12,USD,McDonalds,IN,2025-12-19T20:55:14.735768
txn_07342,user_285,63.66,USD,Uber,IN,2025-10-19T18:55:14.735774
txn_07343,user_017,69.9,USD,Starbucks,IN,2025-10-29T04:55:14.735780
txn_07344,user_165,86.16,USD,Netflix,US,2025-11-11T12:55:14.735785
txn_07345,user_360,78.41,USD,Software Store,GB,2025-10-22T00:55:14.735792
txn_07346,user_007,6.88,USD,McDonalds,GB,2025-12-07T21:55:14.735798
txn_07347,user_186,30.81,USD,Uber,US,2025-12-22T01:55:14.735803
txn_07348,user_449,64.15,USD,Uber,IN,2025-11-07T23:55:14.735807
txn_07349,user_400,32.03,USD,Starbucks,GB,2026-01-02T01:55:14.735811
txn_07350,user_259,47.59,USD,Netflix,GB,2025-11-10T11:55:14.735814
txn_07351,user_185,1124.58,USD,Online Gaming Co,BR,2026-01-05T08:55:14.735818
txn_07352,user_213,70.01,USD,Spotify,US,2025-11-05T23:55:14.735821
txn_07353,user_319,19.6,USD,TravelHub,GB,2025-12-24T15:55:14.735825
txn_07354,user_494,4414.31,USD,AdultWorld,CN,2026-01-03T16:55:14.735828
txn_07355,user_248,47.82,USD,Spotify,IN,2025-12-21T06:55:14.735832
txn_07356,user_189,57.02,USD,Software Store,IN,2025-10-31T11:55:14.735835
txn_07357,user_393,48.87,USD,Starbucks,GB,2025-12-27T02:55:14.735840
txn_07358,user_007,57.07,USD,Software Store,IN,2025-12-11T15:55:14.735845
txn_07359,user_197,1976.18,USD,AdultWorld,RU,2026-01-05T01:55:14.735848
txn_07360,user_280,1310.47,USD,LuxuryStore,BR,2026-01-05T08:55:14.735852
txn_07361,user_124,18.7,USD,TravelHub,GB,2025-11-17T01:55:14.735855
txn_07362,user_118,63.08,USD,Starbucks,GB,2025-11-24T09:55:14.735859
txn_07363,user_438,75.96,USD,Electronics Hub,IN,2025-11-11T13:55:14.735863
txn_07364,user_176,1922.97,USD,Online Gaming Co,CN,2026-01-05T07:55:14.735867
txn_07365,user_339,10.59,USD,Netflix,GB,2025-12-16T17:55:14.735871
txn_07366,user_380,93.2,USD,Amazon,US,2025-12-14T06:55:14.735874
txn_07367,user_093,70.22,USD,Software Store,GB,2025-10-18T02:55:14.735878
txn_07368,user_246,50.83,USD,TravelHub,IN,2025-10-24T01:55:14.735882
txn_07369,user_376,99.05,USD,Local Grocery,GB,2025-11-01T18:55:14.735885
txn_07370,user_086,18.1,USD,Netflix,GB,2025-11-13T15:55:14.735889
txn_07371,user_386,78.56,USD,Electronics Hub,GB,2025-12-06T16:55:14.735892
txn_07372,user_281,74.36,USD,Amazon,IN,2025-11-10T07:55:14.735896
txn_07373,user_289,76.61,USD,Amazon,GB,2025-11-14T16:55:14.735899
txn_07374,user_445,61.43,USD,Software Store,IN,2025-10-16T20:55:14.735905
txn_07375,user_033,12.87,USD,McDonalds,IN,2025-10-24T13:55:14.735908
txn_07376,user_490,20.35,USD,TravelHub,US,2025-10-25T07:55:14.735912
txn_07377,user_038,1396.38,USD,QuickLoans,BR,2026-01-04T23:55:14.735915
txn_07378,user_364,1763.64,USD,LuxuryStore,RU,2026-01-05T00:55:14.735920
txn_07379,user_097,852.69,USD,QuickLoans,NG,2026-01-05T03:55:14.735923
txn_07380,user_170,51.99,USD,Amazon,US,2025-10-25T09:55:14.735927
txn_07381,user_198,24.58,USD,TravelHub,US,2025-11-21T17:55:14.735930
txn_07382,user_222,6.78,USD,Netflix,IN,2025-12-28T13:55:14.735934
txn_07383,user_123,17.72,USD,Starbucks,GB,2025-11-27T21:55:14.735938
txn_07384,user_464,22.12,USD,Starbucks,GB,2025-11-09T20:55:14.735943
txn_07385,user_331,35.61,USD,TravelHub,US,2025-10-31T20:55:14.735947
txn_07386,user_468,4726.01,USD,Online Gaming Co,BR,2026-01-03T17:55:14.735951
txn_07387,user_343,36.39,USD,TravelHub,IN,2025-10-26T00:55:14.735955
txn_07388,user_268,35.12,USD,Amazon,GB,2025-11-09T03:55:14.735958
txn_07389,user_329,33.77,USD,Amazon,US,2025-11-21T10:55:14.735962
txn_07390,user_182,25.25,USD,Starbucks,IN,2025-10-30T11:55:14.735966
txn_07391,user_428,976.33,USD,Online Gaming Co,NG,2026-01-04T09:55:14.735969
txn_07392,user_483,86.68,USD,McDonalds,GB,2025-12-19T20:55:14.735973
txn_07393,user_119,50.93,USD,Software Store,US,2025-10-29T14:55:14.735976
txn_07394,user_341,76.53,USD,Amazon,GB,2025-11-26T04:55:14.735980
txn_07395,user_094,2922.93,USD,Online Gaming Co,RU,2026-01-03T09:55:14.735983
txn_07396,user_325,93.55,USD,Local Grocery,IN,2025-12-14T20:55:14.735987
txn_07397,user_189,3590.01,USD,QuickLoans,NG,2026-01-03T18:55:14.735990
txn_07398,user_140,32.33,USD,Amazon,IN,2025-11-29T06:55:14.735994
txn_07399,user_319,1917.0,USD,LuxuryStore,NG,2026-01-05T00:55:14.735997
txn_07400,user_280,37.02,USD,TravelHub,IN,2025-10-14T00:55:14.736001
txn_07401,user_098,51.92,USD,Netflix,GB,2025-11-08T12:55:14.736004
txn_07402,user_310,90.79,USD,Software Store,GB,2025-12-24T03:55:14.736008
txn_07403,user_035,38.66,USD,McDonalds,US,2025-11-07T14:55:14.736013
txn_07404,user_232,16.45,USD,TravelHub,IN,2025-10-22T22:55:14.736016
txn_07405,user_025,19.63,USD,Software Store,US,2025-12-12T22:55:14.736020
txn_07406,user_111,71.48,USD,Starbucks,US,2026-01-05T09:55:14.736025
txn_07407,user_215,41.78,USD,Local Grocery,US,2025-12-17T20:55:14.736029
txn_07408,user_273,16.57,USD,Netflix,US,2025-11-23T12:55:14.736033
txn_07409,user_204,11.01,USD,Amazon,US,2025-10-09T21:55:14.736037
txn_07410,user_039,14.31,USD,Local Grocery,US,2025-12-20T18:55:14.736040
txn_07411,user_431,99.85,USD,McDonalds,US,2025-12-09T09:55:14.736044
txn_07412,user_473,1527.76,USD,LuxuryStore,NG,2026-01-05T09:55:14.736047
txn_07413,user_254,23.53,USD,McDonalds,US,2025-11-13T12:55:14.736051
txn_07414,user_450,42.42,USD,TravelHub,IN,2025-12-18T13:55:14.736054
txn_07415,user_369,11.82,USD,Netflix,IN,2025-12-26T15:55:14.736058
txn_07416,user_493,43.06,USD,McDonalds,IN,2025-12-07T18:55:14.736062
txn_07417,user_276,16.12,USD,Netflix,IN,2025-11-14T15:55:14.736065
txn_07418,user_471,51.95,USD,TravelHub,US,2025-12-04T12:55:14.736069
txn_07419,user_120,5.85,USD,Local Grocery,GB,2025-11-29T11:55:14.736072
txn_07420,user_349,29.36,USD,Software Store,IN,2025-11-10T20:55:14.736076
txn_07421,user_253,71.27,USD,TravelHub,US,2025-11-24T17:55:14.736080
txn_07422,user_328,89.36,USD,TravelHub,IN,2025-12-27T16:55:14.736083
txn_07423,user_470,52.16,USD,Starbucks,GB,2025-11-21T23:55:14.736088
txn_07424,user_076,31.23,USD,Spotify,US,2025-10-19T06:55:14.736092
txn_07425,user_391,4467.91,USD,AdultWorld,BR,2026-01-03T20:55:14.736095
txn_07426,user_499,4503.62,USD,Online Gaming Co,NG,2026-01-04T23:55:14.736098
txn_07427,user_255,51.74,USD,Starbucks,IN,2025-11-07T05:55:14.736102
txn_07428,user_116,90.43,USD,Starbucks,US,2025-12-01T02:55:14.736106
txn_07429,user_313,72.59,USD,Netflix,IN,2026-01-01T04:55:14.736110
txn_07430,user_385,43.01,USD,TravelHub,US,2025-11-09T02:55:14.736114
txn_07431,user_423,2171.84,USD,Exotic Jewelry,BR,2026-01-03T16:55:14.736117
txn_07432,user_311,49.05,USD,TravelHub,IN,2025-11-01T05:55:14.736120
txn_07433,user_466,5.61,USD,Software Store,GB,2025-11-03T15:55:14.736124
txn_07434,user_203,67.5,USD,Spotify,IN,2025-10-06T19:55:14.736128
txn_07435,user_483,40.13,USD,McDonalds,IN,2026-01-02T23:55:14.736132
txn_07436,user_089,93.92,USD,McDonalds,US,2025-12-18T13:55:14.736135
txn_07437,user_196,59.21,USD,Uber,GB,2025-10-23T10:55:14.736138
txn_07438,user_500,73.37,USD,Netflix,US,2025-11-08T01:55:14.736143
txn_07439,user_482,76.97,USD,Software Store,US,2025-11-04T18:55:14.736147
txn_07440,user_202,71.74,USD,Netflix,GB,2025-12-17T12:55:14.736151
txn_07441,user_287,43.43,USD,Software Store,US,2025-11-07T14:55:14.736154
txn_07442,user_490,78.46,USD,TravelHub,US,2025-11-06T09:55:14.736159
txn_07443,user_059,97.58,USD,TravelHub,GB,2025-10-26T09:55:14.736163
txn_07444,user_214,4292.31,USD,Online Gaming Co,NG,2026-01-04T14:55:14.736166
txn_07445,user_177,78.41,USD,Starbucks,US,2026-01-02T21:55:14.736170
txn_07446,user_248,96.05,USD,Local Grocery,US,2025-10-31T21:55:14.736174
txn_07447,user_040,59.4,USD,McDonalds,US,2025-11-10T13:55:14.736177
txn_07448,user_025,46.88,USD,Netflix,GB,2026-01-02T15:55:14.736181
txn_07449,user_451,28.4,USD,McDonalds,US,2026-01-04T05:55:14.736185
txn_07450,user_031,39.2,USD,McDonalds,GB,2025-10-19T08:55:14.736188
txn_07451,user_252,8.44,USD,Software Store,US,2025-11-18T23:55:14.736192
txn_07452,user_138,3481.75,USD,AdultWorld,NG,2026-01-04T05:55:14.736196
txn_07453,user_402,2467.95,USD,AdultWorld,RU,2026-01-05T00:55:14.736199
txn_07454,user_088,52.8,USD,TravelHub,GB,2025-11-27T17:55:14.736203
txn_07455,user_093,655.17,USD,LuxuryStore,BR,2026-01-04T00:55:14.736206
txn_07456,user_045,25.92,USD,Spotify,GB,2025-11-16T02:55:14.736210
txn_07457,user_235,77.9,USD,Local Grocery,IN,2025-12-05T12:55:14.736213
txn_07458,user_083,53.72,USD,Electronics Hub,GB,2025-12-08T23:55:14.736217
txn_07459,user_474,32.56,USD,Amazon,GB,2025-12-24T02:55:14.736221
txn_07460,user_111,16.96,USD,Local Grocery,US,2025-10-15T08:55:14.736225
txn_07461,user_370,30.75,USD,Amazon,GB,2025-11-13T23:55:14.736228
txn_07462,user_186,27.02,USD,Local Grocery,IN,2025-11-30T19:55:14.736234
txn_07463,user_481,85.65,USD,Software Store,US,2025-12-18T02:55:14.736238
txn_07464,user_143,63.08,USD,Local Grocery,GB,2025-11-07T09:55:14.736242
txn_07465,user_005,4866.85,USD,Online Gaming Co,RU,2026-01-03T12:55:14.736245
txn_07466,user_211,4763.08,USD,QuickLoans,RU,2026-01-04T05:55:14.736249
txn_07467,user_081,62.04,USD,Software Store,GB,2026-01-02T08:55:14.736252
txn_07468,user_001,81.89,USD,McDonalds,US,2025-10-14T10:55:14.736256
txn_07469,user_344,9.01,USD,Spotify,IN,2025-10-31T14:55:14.736260
txn_07470,user_288,65.89,USD,TravelHub,US,2025-10-19T05:55:14.736264
txn_07471,user_051,43.42,USD,McDonalds,IN,2025-11-20T16:55:14.736268
txn_07472,user_331,3739.63,USD,LuxuryStore,RU,2026-01-05T06:55:14.736272
txn_07473,user_171,99.92,USD,Electronics Hub,IN,2025-11-02T02:55:14.736275
txn_07474,user_480,68.52,USD,Netflix,IN,2025-12-28T10:55:14.736279
txn_07475,user_214,70.87,USD,Amazon,IN,2025-11-05T18:55:14.736283
txn_07476,user_316,83.45,USD,TravelHub,IN,2025-11-06T21:55:14.736287
txn_07477,user_352,5.18,USD,Starbucks,IN,2025-11-04T03:55:14.736290
txn_07478,user_011,92.79,USD,Local Grocery,US,2025-11-02T18:55:14.736294
txn_07479,user_139,55.5,USD,TravelHub,IN,2025-12-20T03:55:14.736298
txn_07480,user_340,12.64,USD,Spotify,IN,2025-12-19T16:55:14.736303
txn_07481,user_488,13.8,USD,Starbucks,US,2025-11-12T03:55:14.736308
txn_07482,user_168,2358.69,USD,AdultWorld,BR,2026-01-04T06:55:14.736312
txn_07483,user_429,64.46,USD,TravelHub,US,2025-11-24T16:55:14.736316
txn_07484,user_486,87.09,USD,Software Store,GB,2025-10-06T15:55:14.736320
txn_07485,user_458,97.53,USD,Local Grocery,IN,2025-10-12T23:55:14.736324
txn_07486,user_354,22.07,USD,Local Grocery,IN,2025-10-20T06:55:14.736328
txn_07487,user_384,31.26,USD,Uber,IN,2025-10-17T08:55:14.736332
txn_07488,user_337,22.57,USD,Amazon,IN,2025-11-13T03:55:14.736335
txn_07489,user_131,94.18,USD,McDonalds,GB,2025-12-12T05:55:14.736339
txn_07490,user_220,45.76,USD,Electronics Hub,IN,2025-11-25T19:55:14.736343
txn_07491,user_423,16.0,USD,Local Grocery,IN,2026-01-03T12:55:14.736346
txn_07492,user_055,48.14,USD,TravelHub,GB,2025-10-22T01:55:14.736350
txn_07493,user_016,41.53,USD,Uber,IN,2025-12-09T07:55:14.736354
txn_07494,user_084,44.85,USD,Spotify,US,2025-10-22T04:55:14.736358
txn_07495,user_458,97.33,USD,Software Store,US,2025-12-03T06:55:14.736362
txn_07496,user_378,17.01,USD,Electronics Hub,US,2025-11-08T10:55:14.736365
txn_07497,user_221,17.89,USD,Spotify,GB,2025-12-29T13:55:14.736369
txn_07498,user_423,4648.0,USD,LuxuryStore,RU,2026-01-04T21:55:14.736372
txn_07499,user_212,73.9,USD,Software Store,GB,2025-10-15T15:55:14.736376
txn_07500,user_010,16.97,USD,McDonalds,IN,2025-11-21T10:55:14.736379
txn_07501,user_385,51.82,USD,McDonalds,IN,2025-12-28T02:55:14.736384
txn_07502,user_326,26.86,USD,Uber,US,2025-12-10T05:55:14.736392
txn_07503,user_465,20.5,USD,Uber,IN,2025-12-22T04:55:14.736396
txn_07504,user_105,34.25,USD,Spotify,GB,2025-10-15T20:55:14.736399
txn_07505,user_160,28.2,USD,Amazon,US,2025-11-16T18:55:14.736403
txn_07506,user_416,12.77,USD,Starbucks,IN,2025-12-06T18:55:14.736407
txn_07507,user_410,75.03,USD,TravelHub,IN,2025-10-13T12:55:14.736410
txn_07508,user_235,2768.13,USD,Online Gaming Co,BR,2026-01-04T15:55:14.736413
txn_07509,user_393,7.22,USD,Starbucks,IN,2025-11-07T20:55:14.736417
txn_07510,user_353,99.31,USD,Amazon,US,2025-11-14T13:55:14.736421
txn_07511,user_163,77.63,USD,Local Grocery,US,2025-11-20T16:55:14.736424
txn_07512,user_496,19.84,USD,McDonalds,IN,2025-10-27T15:55:14.736428
txn_07513,user_070,67.95,USD,TravelHub,IN,2025-11-17T14:55:14.736432
txn_07514,user_077,71.85,USD,Local Grocery,US,2025-10-11T20:55:14.736435
txn_07515,user_252,25.76,USD,Uber,IN,2025-10-19T20:55:14.736439
txn_07516,user_488,73.23,USD,Electronics Hub,IN,2025-11-01T07:55:14.736442
txn_07517,user_396,86.9,USD,Local Grocery,IN,2025-10-08T15:55:14.736446
txn_07518,user_175,6.04,USD,Software Store,IN,2025-11-21T08:55:14.736449
txn_07519,user_403,27.71,USD,Spotify,IN,2025-11-27T02:55:14.736453
txn_07520,user_266,4374.12,USD,Exotic Jewelry,RU,2026-01-05T00:55:14.736458
txn_07521,user_160,41.21,USD,Netflix,GB,2025-10-28T23:55:14.736461
txn_07522,user_227,2477.2,USD,QuickLoans,BR,2026-01-04T11:55:14.736465
txn_07523,user_342,2831.38,USD,Exotic Jewelry,BR,2026-01-04T12:55:14.736468
txn_07524,user_156,95.75,USD,Local Grocery,GB,2025-10-18T04:55:14.736472
txn_07525,user_114,68.93,USD,McDonalds,US,2025-12-09T20:55:14.736476
txn_07526,user_413,41.48,USD,Amazon,US,2025-11-29T08:55:14.736480
txn_07527,user_434,51.89,USD,McDonalds,US,2025-10-08T06:55:14.736483
txn_07528,user_210,99.0,USD,Electronics Hub,IN,2025-10-21T12:55:14.736487
txn_07529,user_283,4673.3,USD,LuxuryStore,BR,2026-01-04T16:55:14.736491
txn_07530,user_405,39.11,USD,Netflix,US,2025-10-15T05:55:14.736495
txn_07531,user_169,74.08,USD,Netflix,US,2025-12-03T05:55:14.736499
txn_07532,user_471,9.11,USD,Software Store,IN,2025-11-10T09:55:14.736503
txn_07533,user_185,81.69,USD,Amazon,IN,2025-10-14T14:55:14.736508
txn_07534,user_246,24.39,USD,TravelHub,US,2025-11-05T02:55:14.736511
txn_07535,user_155,5.18,USD,Uber,GB,2025-10-06T17:55:14.736515
txn_07536,user_129,55.72,USD,Local Grocery,GB,2025-10-23T07:55:14.736519
txn_07537,user_475,64.89,USD,TravelHub,GB,2025-11-23T19:55:14.736522
txn_07538,user_053,15.98,USD,Local Grocery,US,2025-10-24T07:55:14.736526
txn_07539,user_375,38.42,USD,TravelHub,GB,2025-11-19T06:55:14.736529
txn_07540,user_203,89.09,USD,Local Grocery,IN,2025-12-02T08:55:14.736534
txn_07541,user_231,34.11,USD,Software Store,GB,2025-12-15T11:55:14.736538
txn_07542,user_136,12.55,USD,Software Store,IN,2025-11-07T14:55:14.736542
txn_07543,user_075,46.72,USD,Software Store,US,2025-10-26T10:55:14.736546
txn_07544,user_060,65.84,USD,McDonalds,GB,2025-11-04T01:55:14.736549
txn_07545,user_258,78.76,USD,Local Grocery,US,2025-11-08T10:55:14.736553
txn_07546,user_246,17.3,USD,TravelHub,US,2025-10-26T02:55:14.736557
txn_07547,user_313,97.83,USD,TravelHub,IN,2025-12-01T15:55:14.736561
txn_07548,user_202,61.12,USD,TravelHub,GB,2025-12-14T22:55:14.736564
txn_07549,user_424,65.71,USD,Electronics Hub,IN,2025-11-04T03:55:14.736575
txn_07550,user_066,34.76,USD,Spotify,IN,2025-10-29T03:55:14.736579
txn_07551,user_475,82.86,USD,Uber,IN,2025-11-15T02:55:14.736583
txn_07552,user_101,51.48,USD,Amazon,GB,2025-12-01T01:55:14.736587
txn_07553,user_363,1909.5,USD,Online Gaming Co,RU,2026-01-04T04:55:14.736590
txn_07554,user_334,971.69,USD,QuickLoans,RU,2026-01-03T20:55:14.736593
txn_07555,user_043,4964.14,USD,Exotic Jewelry,BR,2026-01-04T19:55:14.736597
txn_07556,user_286,2321.09,USD,QuickLoans,RU,2026-01-04T21:55:14.736600
txn_07557,user_245,26.69,USD,Uber,US,2025-12-25T11:55:14.736604
txn_07558,user_366,91.6,USD,Uber,US,2025-12-07T04:55:14.736607
txn_07559,user_110,21.27,USD,Software Store,GB,2025-12-20T02:55:14.736612
txn_07560,user_422,29.91,USD,McDonalds,GB,2025-11-25T10:55:14.736616
txn_07561,user_063,2988.24,USD,QuickLoans,CN,2026-01-03T11:55:14.736620
txn_07562,user_017,1855.42,USD,QuickLoans,RU,2026-01-03T23:55:14.736623
txn_07563,user_103,59.45,USD,TravelHub,GB,2026-01-02T18:55:14.736627
txn_07564,user_145,20.7,USD,McDonalds,GB,2025-10-16T22:55:14.736631
txn_07565,user_074,78.17,USD,Electronics Hub,GB,2025-12-08T21:55:14.736637
txn_07566,user_212,77.49,USD,Electronics Hub,GB,2025-11-19T18:55:14.736642
txn_07567,user_454,2581.25,USD,Online Gaming Co,NG,2026-01-05T02:55:14.736647
txn_07568,user_182,8.65,USD,Netflix,IN,2025-10-07T14:55:14.736651
txn_07569,user_063,86.09,USD,Uber,IN,2025-12-19T04:55:14.736656
txn_07570,user_413,12.29,USD,Software Store,IN,2025-12-25T16:55:14.736661
txn_07571,user_237,97.86,USD,Spotify,US,2025-11-06T09:55:14.736665
txn_07572,user_459,37.27,USD,TravelHub,US,2025-12-15T16:55:14.736670
txn_07573,user_456,94.01,USD,TravelHub,GB,2025-10-09T02:55:14.736675
txn_07574,user_078,4752.73,USD,QuickLoans,CN,2026-01-03T21:55:14.736679
txn_07575,user_433,86.79,USD,Amazon,IN,2025-11-13T14:55:14.736684
txn_07576,user_380,72.93,USD,Spotify,IN,2025-12-08T22:55:14.736689
txn_07577,user_207,65.91,USD,Software Store,IN,2025-12-17T07:55:14.736694
txn_07578,user_457,69.36,USD,Uber,IN,2025-11-02T15:55:14.736699
txn_07579,user_198,60.82,USD,TravelHub,GB,2025-12-03T21:55:14.736707
txn_07580,user_270,61.46,USD,Spotify,IN,2025-11-28T01:55:14.736711
txn_07581,user_153,57.23,USD,TravelHub,US,2025-12-09T23:55:14.736718
txn_07582,user_438,68.83,USD,Netflix,GB,2025-11-26T14:55:14.736723
txn_07583,user_071,98.3,USD,Starbucks,GB,2025-11-20T06:55:14.736727
txn_07584,user_367,57.11,USD,Electronics Hub,GB,2025-10-10T18:55:14.736733
txn_07585,user_493,22.35,USD,Electronics Hub,IN,2025-10-06T19:55:14.736738
txn_07586,user_491,70.78,USD,TravelHub,GB,2025-11-11T22:55:14.736743
txn_07587,user_110,98.65,USD,Spotify,US,2025-12-11T14:55:14.736748
txn_07588,user_090,74.06,USD,Spotify,IN,2025-12-25T06:55:14.736752
txn_07589,user_016,743.72,USD,Online Gaming Co,RU,2026-01-05T06:55:14.736756
txn_07590,user_113,2295.15,USD,QuickLoans,RU,2026-01-04T13:55:14.736759
txn_07591,user_213,45.36,USD,Uber,US,2025-11-21T01:55:14.736763
txn_07592,user_184,74.15,USD,McDonalds,GB,2025-10-15T17:55:14.736766
txn_07593,user_138,3354.61,USD,LuxuryStore,RU,2026-01-05T00:55:14.736769
txn_07594,user_154,90.28,USD,Local Grocery,US,2025-11-04T05:55:14.736773
txn_07595,user_469,43.96,USD,Amazon,US,2025-11-05T21:55:14.736776
txn_07596,user_453,69.82,USD,TravelHub,IN,2025-11-15T12:55:14.736780
txn_07597,user_128,47.19,USD,McDonalds,IN,2025-12-07T17:55:14.736785
txn_07598,user_332,91.89,USD,Software Store,US,2025-12-07T18:55:14.736789
txn_07599,user_340,32.72,USD,Netflix,GB,2025-11-17T06:55:14.736793
txn_07600,user_314,72.49,USD,TravelHub,GB,2025-11-25T03:55:14.736796
txn_07601,user_027,4301.91,USD,QuickLoans,CN,2026-01-05T03:55:14.736800
txn_07602,user_454,2351.3,USD,Online Gaming Co,CN,2026-01-03T17:55:14.736803
txn_07603,user_243,85.26,USD,Software Store,IN,2025-12-17T08:55:14.736806
txn_07604,user_191,18.98,USD,Electronics Hub,IN,2025-12-18T23:55:14.736810
txn_07605,user_420,20.61,USD,Starbucks,US,2025-12-12T18:55:14.736813
txn_07606,user_138,78.99,USD,Software Store,GB,2025-10-14T00:55:14.736817
txn_07607,user_363,58.72,USD,Electronics Hub,GB,2025-12-03T15:55:14.736820
txn_07608,user_371,5.51,USD,TravelHub,US,2025-11-30T07:55:14.736824
txn_07609,user_372,35.14,USD,TravelHub,IN,2025-12-27T08:55:14.736828
txn_07610,user_372,95.08,USD,Electronics Hub,IN,2025-12-15T14:55:14.736831
txn_07611,user_160,44.12,USD,Amazon,GB,2025-11-01T01:55:14.736836
txn_07612,user_122,48.44,USD,Local Grocery,GB,2025-12-16T11:55:14.736840
txn_07613,user_346,90.15,USD,Local Grocery,US,2025-10-18T22:55:14.736843
txn_07614,user_013,90.56,USD,TravelHub,IN,2025-12-03T00:55:14.736847
txn_07615,user_192,38.47,USD,Amazon,GB,2025-10-11T09:55:14.736850
txn_07616,user_314,91.45,USD,Software Store,US,2025-12-24T15:55:14.736854
txn_07617,user_329,5.53,USD,Software Store,GB,2025-10-20T19:55:14.736857
txn_07618,user_056,9.28,USD,Netflix,IN,2025-11-22T13:55:14.736862
txn_07619,user_014,76.52,USD,Netflix,GB,2025-12-15T05:55:14.736866
txn_07620,user_167,11.22,USD,Uber,US,2026-01-03T01:55:14.736869
txn_07621,user_161,66.52,USD,Amazon,IN,2025-10-29T07:55:14.736873
txn_07622,user_039,14.74,USD,Netflix,IN,2025-12-26T08:55:14.736876
txn_07623,user_305,24.09,USD,TravelHub,GB,2025-12-12T21:55:14.736880
txn_07624,user_250,2487.35,USD,AdultWorld,NG,2026-01-03T17:55:14.736883
txn_07625,user_194,42.87,USD,McDonalds,IN,2025-10-28T07:55:14.736886
txn_07626,user_402,11.69,USD,Amazon,GB,2025-11-07T06:55:14.736889
txn_07627,user_175,2723.26,USD,LuxuryStore,BR,2026-01-03T15:55:14.736893
txn_07628,user_365,96.37,USD,TravelHub,GB,2025-10-23T14:55:14.736896
txn_07629,user_248,7.98,USD,Spotify,IN,2025-12-02T21:55:14.736901
txn_07630,user_329,70.09,USD,McDonalds,IN,2025-12-27T15:55:14.736905
txn_07631,user_141,69.54,USD,Software Store,IN,2025-10-25T14:55:14.736908
txn_07632,user_339,2241.73,USD,LuxuryStore,RU,2026-01-03T16:55:14.736911
txn_07633,user_064,74.14,USD,McDonalds,IN,2025-11-25T20:55:14.736916
txn_07634,user_195,25.04,USD,Netflix,US,2025-11-24T14:55:14.736920
txn_07635,user_057,93.64,USD,Netflix,US,2025-11-18T01:55:14.736923
txn_07636,user_061,19.11,USD,Spotify,GB,2025-10-11T15:55:14.736926
txn_07637,user_384,82.16,USD,Uber,IN,2025-12-01T11:55:14.736931
txn_07638,user_341,6.89,USD,Software Store,IN,2025-10-29T12:55:14.736935
txn_07639,user_179,90.64,USD,Netflix,GB,2025-11-14T13:55:14.736938
txn_07640,user_102,53.65,USD,Starbucks,GB,2025-10-28T12:55:14.736942
txn_07641,user_258,52.07,USD,Starbucks,GB,2025-12-15T00:55:14.736945
txn_07642,user_134,80.88,USD,McDonalds,US,2025-12-30T10:55:14.736949
txn_07643,user_435,8.43,USD,Netflix,IN,2025-11-28T13:55:14.736952
txn_07644,user_465,40.59,USD,Starbucks,GB,2025-11-27T19:55:14.736955
txn_07645,user_095,595.93,USD,Online Gaming Co,NG,2026-01-03T13:55:14.736959
txn_07646,user_162,40.57,USD,Software Store,GB,2025-12-18T06:55:14.736962
txn_07647,user_322,11.71,USD,Netflix,GB,2025-12-10T14:55:14.736966
txn_07648,user_069,65.27,USD,Spotify,IN,2025-12-15T18:55:14.736969
txn_07649,user_473,8.27,USD,Uber,US,2025-12-28T18:55:14.736973
txn_07650,user_137,10.76,USD,Spotify,GB,2025-10-23T09:55:14.736976
txn_07651,user_469,4523.56,USD,Exotic Jewelry,BR,2026-01-03T22:55:14.736979
txn_07652,user_367,68.98,USD,Spotify,GB,2026-01-03T05:55:14.736983
txn_07653,user_192,96.65,USD,McDonalds,IN,2025-10-27T02:55:14.736986
txn_07654,user_195,3095.57,USD,QuickLoans,CN,2026-01-03T19:55:14.736989
txn_07655,user_026,73.2,USD,Uber,IN,2025-10-09T03:55:14.736993
txn_07656,user_393,25.18,USD,Local Grocery,IN,2025-11-12T20:55:14.736996
txn_07657,user_452,30.53,USD,Starbucks,GB,2025-12-19T20:55:14.737001
txn_07658,user_433,23.65,USD,Local Grocery,US,2025-11-21T02:55:14.737004
txn_07659,user_029,1049.27,USD,AdultWorld,NG,2026-01-03T22:55:14.737007
txn_07660,user_468,45.81,USD,Software Store,IN,2025-10-30T01:55:14.737011
txn_07661,user_494,19.53,USD,Electronics Hub,IN,2025-11-29T21:55:14.737015
txn_07662,user_201,2687.88,USD,Exotic Jewelry,BR,2026-01-04T05:55:14.737019
txn_07663,user_394,69.53,USD,McDonalds,GB,2025-11-17T06:55:14.737022
txn_07664,user_275,91.39,USD,Uber,GB,2025-12-01T00:55:14.737026
txn_07665,user_024,38.8,USD,Starbucks,IN,2025-12-13T10:55:14.737029
txn_07666,user_134,20.7,USD,TravelHub,GB,2025-10-08T13:55:14.737033
txn_07667,user_270,36.33,USD,Netflix,IN,2025-12-05T03:55:14.737036
txn_07668,user_406,80.78,USD,Netflix,IN,2025-11-07T06:55:14.737040
txn_07669,user_091,25.12,USD,Uber,US,2025-12-17T23:55:14.737043
txn_07670,user_160,99.86,USD,Netflix,GB,2025-11-03T23:55:14.737047
txn_07671,user_363,64.28,USD,Spotify,US,2025-12-11T04:55:14.737050
txn_07672,user_246,83.83,USD,Starbucks,IN,2025-11-24T05:55:14.737053
txn_07673,user_468,45.44,USD,Netflix,GB,2025-12-23T12:55:14.737057
txn_07674,user_409,3011.75,USD,AdultWorld,RU,2026-01-03T19:55:14.737060
txn_07675,user_413,59.57,USD,Software Store,GB,2025-11-25T16:55:14.737064
txn_07676,user_139,67.35,USD,Uber,US,2025-10-21T04:55:14.737068
txn_07677,user_497,85.1,USD,Netflix,GB,2025-10-10T08:55:14.737072
txn_07678,user_022,4835.0,USD,AdultWorld,BR,2026-01-04T16:55:14.737075
txn_07679,user_319,40.7,USD,McDonalds,US,2025-12-18T15:55:14.737079
txn_07680,user_132,69.92,USD,Local Grocery,US,2025-11-16T06:55:14.737082
txn_07681,user_448,74.07,USD,Uber,IN,2025-12-04T08:55:14.737086
txn_07682,user_059,4099.33,USD,AdultWorld,CN,2026-01-03T10:55:14.737089
txn_07683,user_408,2845.52,USD,AdultWorld,BR,2026-01-03T20:55:14.737092
txn_07684,user_419,53.3,USD,Netflix,IN,2025-11-13T09:55:14.737097
txn_07685,user_317,46.69,USD,TravelHub,GB,2025-11-14T02:55:14.737101
txn_07686,user_463,53.42,USD,Uber,GB,2025-12-08T17:55:14.737105
txn_07687,user_284,44.26,USD,Amazon,US,2025-11-30T05:55:14.737108
txn_07688,user_152,90.97,USD,Electronics Hub,US,2025-11-01T20:55:14.737112
txn_07689,user_495,48.71,USD,Electronics Hub,US,2025-10-20T02:55:14.737115
txn_07690,user_027,4110.04,USD,LuxuryStore,NG,2026-01-04T23:55:14.737118
txn_07691,user_261,8.44,USD,Local Grocery,IN,2025-10-20T04:55:14.737122
txn_07692,user_088,38.22,USD,Netflix,IN,2025-10-23T00:55:14.737125
txn_07693,user_432,26.81,USD,Local Grocery,GB,2025-12-23T09:55:14.737130
txn_07694,user_208,16.25,USD,Local Grocery,GB,2025-12-27T12:55:14.737133
txn_07695,user_164,66.14,USD,Spotify,GB,2025-10-23T15:55:14.737137
txn_07696,user_271,76.13,USD,Electronics Hub,GB,2025-10-13T02:55:14.737142
txn_07697,user_444,52.88,USD,Local Grocery,GB,2025-12-31T19:55:14.737145
txn_07698,user_466,52.7,USD,Local Grocery,GB,2025-12-11T17:55:14.737149
txn_07699,user_027,2680.27,USD,Online Gaming Co,NG,2026-01-04T16:55:14.737152
txn_07700,user_364,92.53,USD,Amazon,GB,2025-10-27T08:55:14.737155
txn_07701,user_025,92.48,USD,Spotify,US,2025-10-12T05:55:14.737159
txn_07702,user_452,41.15,USD,Spotify,US,2025-12-22T06:55:14.737162
txn_07703,user_208,9.98,USD,Local Grocery,US,2025-12-18T06:55:14.737166
txn_07704,user_405,66.25,USD,Local Grocery,IN,2025-11-09T12:55:14.737169
txn_07705,user_496,2452.85,USD,AdultWorld,CN,2026-01-03T22:55:14.737172
txn_07706,user_479,72.05,USD,McDonalds,GB,2025-12-07T14:55:14.737176
txn_07707,user_240,1797.96,USD,QuickLoans,BR,2026-01-04T22:55:14.737179
txn_07708,user_043,61.09,USD,McDonalds,GB,2025-10-07T11:55:14.737182
txn_07709,user_189,37.56,USD,Local Grocery,GB,2025-12-23T12:55:14.737186
txn_07710,user_455,8.83,USD,Uber,IN,2025-12-15T11:55:14.737189
txn_07711,user_286,1324.5,USD,Online Gaming Co,NG,2026-01-03T10:55:14.737192
txn_07712,user_053,24.41,USD,Local Grocery,US,2025-11-14T09:55:14.737196
txn_07713,user_198,63.01,USD,Electronics Hub,IN,2025-12-07T21:55:14.737199
txn_07714,user_083,72.71,USD,Software Store,IN,2025-11-02T00:55:14.737203
txn_07715,user_272,18.8,USD,TravelHub,GB,2025-12-04T18:55:14.737207
txn_07716,user_007,25.49,USD,Amazon,GB,2025-10-27T15:55:14.737211
txn_07717,user_311,515.67,USD,QuickLoans,RU,2026-01-05T01:55:14.737214
txn_07718,user_211,70.6,USD,Starbucks,US,2025-11-23T05:55:14.737218
txn_07719,user_423,3543.25,USD,Online Gaming Co,RU,2026-01-04T04:55:14.737221
txn_07720,user_355,73.27,USD,Spotify,GB,2025-11-29T00:55:14.737225
txn_07721,user_321,90.28,USD,Software Store,GB,2025-10-09T13:55:14.737228
txn_07722,user_094,86.41,USD,Uber,US,2025-11-11T16:55:14.737232
txn_07723,user_289,98.27,USD,TravelHub,GB,2025-11-19T20:55:14.737235
txn_07724,user_039,55.7,USD,Software Store,IN,2025-11-04T17:55:14.737238
txn_07725,user_155,80.05,USD,Electronics Hub,IN,2025-11-23T03:55:14.737243
txn_07726,user_280,73.82,USD,TravelHub,GB,2025-11-24T21:55:14.737247
txn_07727,user_030,46.56,USD,Netflix,IN,2026-01-03T21:55:14.737250
txn_07728,user_348,88.47,USD,Amazon,GB,2025-11-28T22:55:14.737254
txn_07729,user_217,92.74,USD,McDonalds,GB,2025-11-24T11:55:14.737257
txn_07730,user_354,17.7,USD,Software Store,IN,2025-12-07T20:55:14.737261
txn_07731,user_356,46.02,USD,Netflix,IN,2026-01-03T01:55:14.737264
txn_07732,user_116,50.86,USD,TravelHub,GB,2025-10-16T11:55:14.737268
txn_07733,user_395,639.39,USD,QuickLoans,BR,2026-01-04T05:55:14.737271
txn_07734,user_323,14.51,USD,Spotify,GB,2025-12-28T01:55:14.737276
txn_07735,user_408,92.77,USD,Local Grocery,GB,2025-11-09T17:55:14.737281
txn_07736,user_189,62.02,USD,Software Store,IN,2025-11-22T15:55:14.737284
txn_07737,user_489,79.74,USD,Starbucks,GB,2025-11-08T16:55:14.737288
txn_07738,user_355,2699.6,USD,LuxuryStore,BR,2026-01-03T20:55:14.737291
txn_07739,user_262,42.91,USD,Local Grocery,IN,2025-10-19T18:55:14.737296
txn_07740,user_039,52.22,USD,Electronics Hub,IN,2025-12-18T01:55:14.737300
txn_07741,user_047,87.67,USD,TravelHub,GB,2025-12-13T19:55:14.737304
txn_07742,user_327,69.22,USD,Uber,IN,2025-10-21T01:55:14.737307
txn_07743,user_410,55.57,USD,Netflix,GB,2025-12-04T12:55:14.737311
txn_07744,user_212,54.51,USD,Software Store,US,2025-12-21T11:55:14.737315
txn_07745,user_198,78.29,USD,Electronics Hub,GB,2025-12-06T17:55:14.737318
txn_07746,user_241,84.88,USD,Local Grocery,US,2025-12-18T09:55:14.737322
txn_07747,user_104,24.23,USD,Amazon,IN,2025-10-29T12:55:14.737325
txn_07748,user_491,9.37,USD,Spotify,GB,2025-12-29T07:55:14.737329
txn_07749,user_427,97.96,USD,TravelHub,IN,2025-11-15T01:55:14.737332
txn_07750,user_163,71.66,USD,Amazon,US,2025-11-20T07:55:14.737336
txn_07751,user_277,15.85,USD,McDonalds,IN,2025-10-15T19:55:14.737339
txn_07752,user_056,6.24,USD,Local Grocery,IN,2025-10-31T01:55:14.737343
txn_07753,user_260,24.06,USD,Electronics Hub,US,2025-12-26T02:55:14.737346
txn_07754,user_420,27.95,USD,Netflix,GB,2025-10-23T04:55:14.737351
txn_07755,user_263,21.79,USD,Spotify,GB,2025-12-22T08:55:14.737355
txn_07756,user_168,83.63,USD,Uber,GB,2025-10-08T10:55:14.737358
txn_07757,user_247,24.2,USD,Local Grocery,US,2025-11-23T15:55:14.737363
txn_07758,user_437,71.67,USD,TravelHub,GB,2025-12-24T01:55:14.737367
txn_07759,user_320,70.61,USD,Local Grocery,US,2025-12-16T06:55:14.737371
txn_07760,user_036,717.66,USD,QuickLoans,NG,2026-01-04T11:55:14.737374
txn_07761,user_364,17.28,USD,Starbucks,IN,2025-10-06T11:55:14.737377
txn_07762,user_384,91.25,USD,Uber,IN,2025-10-15T03:55:14.737381
txn_07763,user_329,56.49,USD,Starbucks,GB,2025-11-05T09:55:14.737385
txn_07764,user_177,85.24,USD,Software Store,US,2025-11-10T09:55:14.737388
txn_07765,user_255,1337.77,USD,QuickLoans,RU,2026-01-04T17:55:14.737391
txn_07766,user_416,49.71,USD,TravelHub,IN,2025-11-02T19:55:14.737395
txn_07767,user_098,77.17,USD,Netflix,IN,2025-11-22T21:55:14.737399
txn_07768,user_174,69.17,USD,Spotify,US,2025-11-21T20:55:14.737402
txn_07769,user_461,3853.1,USD,QuickLoans,CN,2026-01-04T12:55:14.737405
txn_07770,user_298,1145.06,USD,AdultWorld,BR,2026-01-03T12:55:14.737408
txn_07771,user_127,82.5,USD,Amazon,GB,2025-12-14T14:55:14.737412
txn_07772,user_359,44.7,USD,Starbucks,US,2025-11-08T11:55:14.737416
txn_07773,user_436,69.71,USD,Uber,GB,2025-12-06T09:55:14.737419
txn_07774,user_073,27.43,USD,McDonalds,GB,2025-12-01T12:55:14.737424
txn_07775,user_087,998.7,USD,Exotic Jewelry,NG,2026-01-03T18:55:14.737428
txn_07776,user_327,33.17,USD,Amazon,US,2025-10-18T22:55:14.737432
txn_07777,user_140,17.28,USD,Netflix,GB,2025-11-30T18:55:14.737435
txn_07778,user_054,28.82,USD,Netflix,GB,2025-11-01T19:55:14.737439
txn_07779,user_479,79.38,USD,Local Grocery,US,2025-12-06T01:55:14.737443
txn_07780,user_216,17.57,USD,Starbucks,IN,2025-10-29T00:55:14.737446
txn_07781,user_199,83.3,USD,Amazon,IN,2025-12-31T22:55:14.737450
txn_07782,user_172,1436.63,USD,LuxuryStore,CN,2026-01-04T18:55:14.737453
txn_07783,user_171,73.58,USD,TravelHub,US,2025-12-08T18:55:14.737457
txn_07784,user_017,66.86,USD,Local Grocery,US,2025-12-23T22:55:14.737460
txn_07785,user_226,5.92,USD,TravelHub,IN,2025-12-06T19:55:14.737465
txn_07786,user_337,74.85,USD,Software Store,IN,2025-11-03T00:55:14.737469
txn_07787,user_045,19.71,USD,Uber,GB,2025-12-24T06:55:14.737473
txn_07788,user_124,95.22,USD,Starbucks,GB,2025-12-11T20:55:14.737480
txn_07789,user_065,48.41,USD,Electronics Hub,IN,2025-12-23T11:55:14.737484
txn_07790,user_107,87.07,USD,Amazon,GB,2025-12-08T13:55:14.737487
txn_07791,user_448,69.83,USD,Spotify,GB,2025-11-04T04:55:14.737491
txn_07792,user_388,42.46,USD,Netflix,IN,2025-11-10T15:55:14.737495
txn_07793,user_038,82.22,USD,Uber,GB,2025-11-06T14:55:14.737500
txn_07794,user_468,57.53,USD,Starbucks,IN,2025-11-14T05:55:14.737504
txn_07795,user_351,873.64,USD,AdultWorld,RU,2026-01-05T04:55:14.737507
txn_07796,user_393,65.2,USD,Software Store,US,2025-11-21T22:55:14.737511
txn_07797,user_006,37.2,USD,Netflix,US,2025-12-02T09:55:14.737515
txn_07798,user_354,14.64,USD,TravelHub,US,2025-11-19T17:55:14.737519
txn_07799,user_403,3545.9,USD,LuxuryStore,BR,2026-01-03T12:55:14.737522
txn_07800,user_488,82.22,USD,Starbucks,GB,2025-11-11T20:55:14.737526
txn_07801,user_349,66.9,USD,Netflix,IN,2025-10-15T07:55:14.737529
txn_07802,user_448,1097.12,USD,AdultWorld,NG,2026-01-05T03:55:14.737533
txn_07803,user_241,76.78,USD,Spotify,IN,2025-10-25T21:55:14.737537
txn_07804,user_127,14.09,USD,TravelHub,GB,2025-10-30T05:55:14.737540
txn_07805,user_328,4896.31,USD,AdultWorld,BR,2026-01-04T22:55:14.737543
txn_07806,user_043,11.16,USD,Starbucks,US,2025-11-30T07:55:14.737547
txn_07807,user_405,83.68,USD,Netflix,IN,2025-10-07T06:55:14.737551
txn_07808,user_093,37.68,USD,Spotify,GB,2025-12-18T20:55:14.737554
txn_07809,user_363,2330.39,USD,Online Gaming Co,CN,2026-01-04T20:55:14.737558
txn_07810,user_326,956.56,USD,AdultWorld,BR,2026-01-03T17:55:14.737561
txn_07811,user_275,69.06,USD,Electronics Hub,IN,2025-10-07T21:55:14.737569
txn_07812,user_223,90.38,USD,Starbucks,GB,2025-12-28T17:55:14.737574
txn_07813,user_262,31.9,USD,Starbucks,US,2025-10-07T10:55:14.737579
txn_07814,user_384,48.86,USD,Netflix,GB,2025-11-05T06:55:14.737583
txn_07815,user_081,78.5,USD,Spotify,GB,2025-11-03T20:55:14.737587
txn_07816,user_023,12.88,USD,Software Store,IN,2025-11-28T05:55:14.737590
txn_07817,user_458,72.85,USD,Amazon,GB,2025-12-02T08:55:14.737594
txn_07818,user_397,22.61,USD,Software Store,GB,2025-11-15T05:55:14.737597
txn_07819,user_055,68.74,USD,Local Grocery,IN,2025-10-14T20:55:14.737601
txn_07820,user_479,25.44,USD,Uber,US,2025-10-07T22:55:14.737606
txn_07821,user_355,23.13,USD,Software Store,US,2025-12-10T07:55:14.737613
txn_07822,user_362,60.42,USD,Local Grocery,IN,2025-11-19T10:55:14.737616
txn_07823,user_083,98.32,USD,Local Grocery,GB,2025-10-31T01:55:14.737620
txn_07824,user_419,56.74,USD,Netflix,GB,2025-11-27T09:55:14.737624
txn_07825,user_185,41.69,USD,Amazon,GB,2025-10-16T10:55:14.737627
txn_07826,user_214,15.69,USD,Netflix,IN,2025-11-23T15:55:14.737631
txn_07827,user_262,90.08,USD,Local Grocery,GB,2025-10-25T11:55:14.737634
txn_07828,user_281,88.23,USD,Local Grocery,IN,2025-10-17T20:55:14.737638
txn_07829,user_338,43.21,USD,Netflix,IN,2025-10-15T01:55:14.737644
txn_07830,user_024,96.99,USD,Netflix,GB,2025-10-06T18:55:14.737649
txn_07831,user_192,23.34,USD,Netflix,IN,2025-11-29T22:55:14.737654
txn_07832,user_213,24.14,USD,Software Store,US,2025-11-02T18:55:14.737661
txn_07833,user_006,80.75,USD,Uber,GB,2025-12-31T12:55:14.737666
txn_07834,user_066,25.03,USD,Uber,US,2025-10-29T03:55:14.737671
txn_07835,user_145,45.47,USD,Starbucks,US,2025-12-07T01:55:14.737675
txn_07836,user_474,3755.36,USD,Exotic Jewelry,CN,2026-01-03T14:55:14.737679
txn_07837,user_346,10.98,USD,Uber,GB,2025-10-14T23:55:14.737686
txn_07838,user_309,68.67,USD,Electronics Hub,US,2025-11-28T08:55:14.737691
txn_07839,user_080,6.1,USD,Netflix,GB,2025-11-28T16:55:14.737695
txn_07840,user_289,56.72,USD,McDonalds,IN,2025-10-11T14:55:14.737700
txn_07841,user_377,90.67,USD,McDonalds,GB,2025-11-21T09:55:14.737704
txn_07842,user_193,85.35,USD,Uber,GB,2025-10-14T13:55:14.737709
txn_07843,user_348,90.58,USD,TravelHub,IN,2026-01-02T19:55:14.737714
txn_07844,user_085,69.1,USD,TravelHub,IN,2025-12-07T03:55:14.737718
txn_07845,user_378,17.59,USD,Electronics Hub,US,2025-11-04T15:55:14.737723
txn_07846,user_262,24.61,USD,Local Grocery,IN,2025-10-25T18:55:14.737727
txn_07847,user_396,57.39,USD,Local Grocery,US,2025-12-11T08:55:14.737732
txn_07848,user_210,35.92,USD,Local Grocery,GB,2025-10-28T20:55:14.737737
txn_07849,user_055,17.61,USD,Uber,GB,2025-12-12T10:55:14.737741
txn_07850,user_132,24.76,USD,Amazon,GB,2025-11-27T07:55:14.737746
txn_07851,user_432,64.05,USD,Uber,GB,2025-12-11T08:55:14.737751
txn_07852,user_285,48.48,USD,Amazon,US,2025-12-22T01:55:14.737759
txn_07853,user_184,24.21,USD,TravelHub,IN,2025-10-31T22:55:14.737764
txn_07854,user_380,41.75,USD,Local Grocery,GB,2025-11-14T16:55:14.737769
txn_07855,user_203,10.18,USD,Starbucks,IN,2025-12-24T02:55:14.737774
txn_07856,user_146,71.42,USD,TravelHub,GB,2025-12-30T18:55:14.737779
txn_07857,user_155,73.37,USD,McDonalds,GB,2025-10-31T21:55:14.737784
txn_07858,user_264,7.31,USD,Spotify,US,2025-10-30T08:55:14.737790
txn_07859,user_143,41.45,USD,Electronics Hub,IN,2025-10-18T23:55:14.737796
txn_07860,user_087,62.9,USD,Uber,IN,2025-12-20T18:55:14.737801
txn_07861,user_471,62.41,USD,Starbucks,IN,2025-12-10T11:55:14.737806
txn_07862,user_202,31.69,USD,Spotify,GB,2025-11-23T12:55:14.737810
txn_07863,user_107,81.94,USD,Local Grocery,GB,2025-10-28T22:55:14.737815
txn_07864,user_446,5.87,USD,Spotify,IN,2025-11-20T01:55:14.737819
txn_07865,user_392,91.33,USD,Software Store,GB,2025-11-14T02:55:14.737824
txn_07866,user_021,35.31,USD,Software Store,US,2025-11-04T22:55:14.737829
txn_07867,user_424,98.69,USD,Amazon,GB,2025-10-21T15:55:14.737835
txn_07868,user_204,72.14,USD,Amazon,IN,2025-10-15T12:55:14.737841
txn_07869,user_123,37.23,USD,Uber,IN,2025-12-05T22:55:14.737846
txn_07870,user_308,11.62,USD,McDonalds,IN,2025-11-27T07:55:14.737850
txn_07871,user_024,24.26,USD,Starbucks,US,2025-11-23T22:55:14.737857
txn_07872,user_323,84.34,USD,TravelHub,IN,2025-12-27T06:55:14.737862
txn_07873,user_227,8.92,USD,Netflix,GB,2025-12-26T21:55:14.737867
txn_07874,user_139,20.13,USD,Software Store,IN,2025-11-25T06:55:14.737872
txn_07875,user_017,34.78,USD,Starbucks,IN,2025-10-07T07:55:14.737877
txn_07876,user_091,17.66,USD,Amazon,IN,2025-12-14T16:55:14.737881
txn_07877,user_290,51.33,USD,TravelHub,GB,2025-10-28T03:55:14.737886
txn_07878,user_427,1975.77,USD,Online Gaming Co,RU,2026-01-05T04:55:14.737890
txn_07879,user_250,2068.68,USD,AdultWorld,CN,2026-01-05T03:55:14.737894
txn_07880,user_494,9.14,USD,McDonalds,GB,2025-11-08T21:55:14.737899
txn_07881,user_061,7.48,USD,Electronics Hub,GB,2025-10-06T23:55:14.737904
txn_07882,user_160,99.07,USD,Local Grocery,IN,2025-12-08T20:55:14.737909
txn_07883,user_005,83.23,USD,TravelHub,IN,2025-10-24T18:55:14.737914
txn_07884,user_101,81.63,USD,Amazon,US,2025-12-28T09:55:14.737920
txn_07885,user_090,38.57,USD,Local Grocery,US,2025-12-09T22:55:14.737925
txn_07886,user_134,59.79,USD,Electronics Hub,GB,2025-11-02T19:55:14.737930
txn_07887,user_345,27.31,USD,Local Grocery,US,2025-10-20T14:55:14.737935
txn_07888,user_343,35.77,USD,Netflix,US,2025-12-23T06:55:14.737942
txn_07889,user_299,92.23,USD,Spotify,US,2025-12-29T18:55:14.737947
txn_07890,user_081,5.08,USD,Amazon,IN,2025-12-15T03:55:14.737952
txn_07891,user_265,62.45,USD,Amazon,IN,2025-10-24T14:55:14.737959
txn_07892,user_185,4631.2,USD,Exotic Jewelry,CN,2026-01-03T15:55:14.737963
txn_07893,user_289,67.89,USD,Local Grocery,GB,2025-11-30T21:55:14.737968
txn_07894,user_061,49.18,USD,TravelHub,GB,2025-11-01T23:55:14.737973
txn_07895,user_229,28.12,USD,Electronics Hub,GB,2025-12-03T00:55:14.737978
txn_07896,user_161,66.82,USD,Netflix,US,2025-12-03T23:55:14.737983
txn_07897,user_222,93.63,USD,Local Grocery,GB,2025-11-11T16:55:14.737987
txn_07898,user_295,58.84,USD,TravelHub,GB,2025-12-12T22:55:14.737992
txn_07899,user_109,11.25,USD,TravelHub,IN,2025-12-04T23:55:14.737997
txn_07900,user_222,48.26,USD,McDonalds,GB,2025-10-23T17:55:14.738002
txn_07901,user_068,2190.89,USD,Exotic Jewelry,NG,2026-01-04T12:55:14.738006
txn_07902,user_245,86.84,USD,Uber,IN,2025-11-17T23:55:14.738011
txn_07903,user_002,36.64,USD,Uber,GB,2025-10-12T01:55:14.738017
txn_07904,user_191,25.8,USD,Local Grocery,US,2025-10-27T00:55:14.738021
txn_07905,user_409,1801.13,USD,Online Gaming Co,RU,2026-01-03T16:55:14.738026
txn_07906,user_094,85.85,USD,Uber,US,2025-11-17T17:55:14.738031
txn_07907,user_158,48.95,USD,McDonalds,GB,2025-11-25T03:55:14.738036
txn_07908,user_402,96.89,USD,Electronics Hub,IN,2025-12-31T14:55:14.738040
txn_07909,user_015,12.9,USD,Starbucks,IN,2025-10-09T00:55:14.738045
txn_07910,user_224,81.93,USD,TravelHub,US,2025-12-03T07:55:14.738052
txn_07911,user_028,98.28,USD,Starbucks,IN,2025-11-19T07:55:14.738057
txn_07912,user_055,25.09,USD,Local Grocery,US,2025-10-23T07:55:14.738064
txn_07913,user_321,26.41,USD,McDonalds,US,2025-12-19T07:55:14.738070
txn_07914,user_035,14.96,USD,Amazon,GB,2025-11-04T06:55:14.738075
txn_07915,user_426,16.72,USD,Uber,GB,2025-12-03T03:55:14.738080
txn_07916,user_413,23.49,USD,Spotify,GB,2025-11-13T09:55:14.738087
txn_07917,user_110,86.55,USD,Amazon,GB,2025-10-29T17:55:14.738093
txn_07918,user_320,8.03,USD,Starbucks,IN,2025-10-12T11:55:14.738098
txn_07919,user_064,42.4,USD,Spotify,IN,2026-01-05T04:55:14.738103
txn_07920,user_379,92.17,USD,Local Grocery,IN,2025-11-29T09:55:14.738108
txn_07921,user_478,98.98,USD,TravelHub,IN,2025-11-30T08:55:14.738113
txn_07922,user_490,59.79,USD,McDonalds,US,2025-11-18T00:55:14.738118
txn_07923,user_085,27.84,USD,TravelHub,GB,2025-11-22T22:55:14.738123
txn_07924,user_236,85.92,USD,Amazon,IN,2025-12-05T01:55:14.738128
txn_07925,user_430,35.74,USD,Spotify,GB,2025-11-10T09:55:14.738133
txn_07926,user_308,54.16,USD,McDonalds,GB,2025-11-06T08:55:14.738138
txn_07927,user_184,56.25,USD,Software Store,IN,2025-11-17T21:55:14.738143
txn_07928,user_381,10.54,USD,McDonalds,US,2025-11-19T09:55:14.738147
txn_07929,user_263,9.77,USD,Electronics Hub,GB,2025-12-26T14:55:14.738152
txn_07930,user_077,28.79,USD,TravelHub,GB,2025-12-22T10:55:14.738158
txn_07931,user_206,87.06,USD,Uber,US,2025-11-06T22:55:14.738163
txn_07932,user_110,78.64,USD,Amazon,US,2025-11-23T21:55:14.738168
txn_07933,user_003,1962.02,USD,AdultWorld,BR,2026-01-04T13:55:14.738172
txn_07934,user_158,12.52,USD,McDonalds,IN,2025-11-16T16:55:14.738177
txn_07935,user_346,72.27,USD,Spotify,GB,2025-11-17T15:55:14.738182
txn_07936,user_326,60.6,USD,Spotify,IN,2025-12-26T00:55:14.738186
txn_07937,user_299,32.58,USD,Netflix,GB,2025-11-30T08:55:14.738191
txn_07938,user_423,4460.11,USD,LuxuryStore,RU,2026-01-05T00:55:14.738196
txn_07939,user_348,22.09,USD,TravelHub,GB,2025-12-09T03:55:14.738202
txn_07940,user_181,64.36,USD,Uber,IN,2025-10-27T11:55:14.738207
txn_07941,user_072,2208.89,USD,QuickLoans,CN,2026-01-04T01:55:14.738211
txn_07942,user_322,63.62,USD,Software Store,GB,2025-11-30T21:55:14.738216
txn_07943,user_342,18.25,USD,Amazon,GB,2025-11-08T11:55:14.738221
txn_07944,user_234,58.42,USD,Electronics Hub,IN,2025-11-06T02:55:14.738226
txn_07945,user_148,38.82,USD,Spotify,US,2025-12-04T22:55:14.738231
txn_07946,user_347,25.86,USD,Electronics Hub,US,2025-11-11T03:55:14.738235
txn_07947,user_080,4606.99,USD,AdultWorld,CN,2026-01-04T02:55:14.738240
txn_07948,user_195,96.85,USD,Netflix,GB,2025-10-22T09:55:14.738246
txn_07949,user_131,21.57,USD,Netflix,IN,2025-11-17T22:55:14.738252
txn_07950,user_014,26.25,USD,TravelHub,US,2025-10-15T04:55:14.738257
txn_07951,user_452,37.1,USD,Uber,GB,2025-10-20T08:55:14.738262
txn_07952,user_168,84.84,USD,Uber,GB,2025-11-18T11:55:14.738267
txn_07953,user_207,37.62,USD,Local Grocery,GB,2025-12-17T06:55:14.738272
txn_07954,user_415,19.97,USD,Netflix,IN,2025-10-08T16:55:14.738277
txn_07955,user_304,70.41,USD,McDonalds,US,2025-11-21T10:55:14.738282
txn_07956,user_227,5.57,USD,Software Store,GB,2025-12-16T19:55:14.738287
txn_07957,user_281,90.79,USD,TravelHub,US,2025-12-14T10:55:14.738292
txn_07958,user_021,35.26,USD,Electronics Hub,IN,2025-11-27T21:55:14.738297
txn_07959,user_104,69.43,USD,Uber,GB,2025-12-14T12:55:14.738302
txn_07960,user_282,3962.63,USD,Online Gaming Co,RU,2026-01-05T08:55:14.738306
txn_07961,user_013,98.85,USD,TravelHub,IN,2025-12-16T22:55:14.738311
txn_07962,user_282,57.54,USD,Amazon,GB,2025-11-30T06:55:14.738316
txn_07963,user_343,19.92,USD,Amazon,GB,2025-12-13T00:55:14.738321
txn_07964,user_124,1302.78,USD,LuxuryStore,BR,2026-01-03T16:55:14.738325
txn_07965,user_287,3981.97,USD,LuxuryStore,CN,2026-01-04T23:55:14.738331
txn_07966,user_251,45.49,USD,Amazon,US,2026-01-02T09:55:14.738336
txn_07967,user_025,98.69,USD,Amazon,IN,2025-11-14T06:55:14.738342
txn_07968,user_336,15.58,USD,Electronics Hub,GB,2025-11-12T01:55:14.738347
txn_07969,user_153,2027.3,USD,QuickLoans,CN,2026-01-04T19:55:14.738355
txn_07970,user_026,56.96,USD,Spotify,US,2025-11-12T04:55:14.738359
txn_07971,user_252,29.75,USD,Local Grocery,US,2025-11-07T08:55:14.738365
txn_07972,user_120,85.31,USD,Local Grocery,IN,2025-12-20T14:55:14.738370
txn_07973,user_292,39.77,USD,Local Grocery,IN,2025-12-07T08:55:14.738375
txn_07974,user_224,31.37,USD,Uber,US,2025-10-24T12:55:14.738379
txn_07975,user_382,40.45,USD,Spotify,IN,2025-10-18T15:55:14.738384
txn_07976,user_166,6.48,USD,Starbucks,US,2025-12-24T18:55:14.738389
txn_07977,user_135,4655.17,USD,AdultWorld,BR,2026-01-03T17:55:14.738393
txn_07978,user_395,61.53,USD,Local Grocery,US,2025-11-04T10:55:14.738398
txn_07979,user_059,3562.5,USD,AdultWorld,BR,2026-01-04T16:55:14.738402
txn_07980,user_481,34.3,USD,Software Store,GB,2025-11-11T21:55:14.738409
txn_07981,user_157,78.44,USD,Amazon,IN,2025-10-28T02:55:14.738414
txn_07982,user_239,1281.79,USD,Exotic Jewelry,NG,2026-01-03T15:55:14.738418
txn_07983,user_156,47.36,USD,Uber,IN,2025-11-21T21:55:14.738423
txn_07984,user_023,58.15,USD,Software Store,IN,2025-12-16T16:55:14.738427
txn_07985,user_157,70.42,USD,Amazon,GB,2025-11-13T18:55:14.738432
txn_07986,user_076,40.29,USD,McDonalds,US,2025-11-29T04:55:14.738436
txn_07987,user_138,71.86,USD,McDonalds,IN,2025-12-15T01:55:14.738441
txn_07988,user_047,70.44,USD,Amazon,US,2025-10-07T23:55:14.738447
txn_07989,user_014,75.5,USD,Netflix,IN,2025-11-09T21:55:14.738453
txn_07990,user_489,35.97,USD,Uber,IN,2025-10-26T00:55:14.738458
txn_07991,user_008,44.29,USD,Electronics Hub,US,2025-11-14T16:55:14.738463
txn_07992,user_185,63.25,USD,TravelHub,US,2025-12-27T10:55:14.738469
txn_07993,user_141,68.41,USD,Starbucks,IN,2025-12-19T09:55:14.738474
txn_07994,user_399,26.63,USD,McDonalds,GB,2025-10-10T14:55:14.738482
txn_07995,user_138,14.67,USD,Starbucks,US,2025-10-19T15:55:14.738486
txn_07996,user_262,40.1,USD,McDonalds,GB,2025-10-29T03:55:14.738489
txn_07997,user_232,44.36,USD,Starbucks,IN,2025-10-19T23:55:14.738493
txn_07998,user_017,30.18,USD,Netflix,US,2025-11-01T18:55:14.738496
txn_07999,user_165,83.15,USD,Electronics Hub,US,2025-10-30T21:55:14.738500
txn_08000,user_142,83.34,USD,Spotify,GB,2025-12-11T01:55:14.738503
txn_08001,user_123,1585.05,USD,Online Gaming Co,BR,2026-01-04T14:55:14.738506
txn_08002,user_370,54.08,USD,Software Store,IN,2025-12-19T16:55:14.738510
txn_08003,user_276,2882.26,USD,Exotic Jewelry,CN,2026-01-03T12:55:14.738513
txn_08004,user_469,48.26,USD,Software Store,IN,2025-10-26T06:55:14.738517
txn_08005,user_151,65.45,USD,Netflix,US,2025-11-26T15:55:14.738520
txn_08006,user_497,93.29,USD,Spotify,IN,2025-10-11T21:55:14.738524
txn_08007,user_275,80.53,USD,Software Store,IN,2025-11-09T15:55:14.738527
txn_08008,user_057,46.04,USD,Local Grocery,GB,2025-11-09T22:55:14.738532
txn_08009,user_385,48.86,USD,McDonalds,US,2025-10-30T12:55:14.738536
txn_08010,user_493,4601.73,USD,AdultWorld,RU,2026-01-05T08:55:14.738539
txn_08011,user_126,12.46,USD,Netflix,US,2025-12-13T20:55:14.738543
txn_08012,user_458,89.8,USD,Local Grocery,GB,2025-12-08T16:55:14.738548
txn_08013,user_102,672.97,USD,AdultWorld,CN,2026-01-03T11:55:14.738551
txn_08014,user_422,569.17,USD,LuxuryStore,NG,2026-01-04T20:55:14.738554
txn_08015,user_003,1548.25,USD,Exotic Jewelry,RU,2026-01-04T00:55:14.738558
txn_08016,user_398,2925.74,USD,LuxuryStore,NG,2026-01-03T14:55:14.738561
txn_08017,user_106,76.96,USD,Software Store,GB,2025-12-02T23:55:14.738570
txn_08018,user_393,13.87,USD,Software Store,IN,2025-10-17T04:55:14.738574
txn_08019,user_057,84.33,USD,Electronics Hub,IN,2025-11-18T14:55:14.738578
txn_08020,user_317,58.31,USD,Amazon,IN,2025-11-28T18:55:14.738581
txn_08021,user_071,4814.58,USD,Exotic Jewelry,CN,2026-01-03T23:55:14.738585
txn_08022,user_001,57.85,USD,Starbucks,IN,2025-10-08T05:55:14.738588
txn_08023,user_020,42.59,USD,Spotify,US,2025-10-09T16:55:14.738591
txn_08024,user_057,97.25,USD,Spotify,IN,2025-11-28T21:55:14.738595
txn_08025,user_106,98.17,USD,Starbucks,GB,2025-12-16T04:55:14.738598
txn_08026,user_414,63.84,USD,Spotify,GB,2026-01-05T07:55:14.738602
txn_08027,user_418,89.62,USD,McDonalds,US,2026-01-03T04:55:14.738607
txn_08028,user_068,63.06,USD,Software Store,GB,2025-12-12T06:55:14.738610
txn_08029,user_492,76.06,USD,Local Grocery,GB,2025-11-28T21:55:14.738614
txn_08030,user_140,99.48,USD,TravelHub,IN,2025-10-27T18:55:14.738617
txn_08031,user_294,99.76,USD,Netflix,IN,2025-12-03T08:55:14.738621
txn_08032,user_066,47.71,USD,TravelHub,GB,2025-12-29T12:55:14.738624
txn_08033,user_300,2204.48,USD,AdultWorld,BR,2026-01-04T13:55:14.738628
txn_08034,user_466,54.19,USD,Uber,IN,2025-11-15T12:55:14.738631
txn_08035,user_059,59.5,USD,Netflix,US,2025-11-16T20:55:14.738635
txn_08036,user_411,1068.62,USD,LuxuryStore,NG,2026-01-04T10:55:14.738638
txn_08037,user_328,20.36,USD,Starbucks,IN,2025-11-08T04:55:14.738641
txn_08038,user_451,19.92,USD,Software Store,US,2025-10-27T10:55:14.738645
txn_08039,user_332,10.15,USD,Amazon,IN,2025-12-05T00:55:14.738649
txn_08040,user_426,54.76,USD,Starbucks,IN,2025-11-02T07:55:14.738654
txn_08041,user_321,740.43,USD,AdultWorld,NG,2026-01-03T11:55:14.738658
txn_08042,user_052,46.07,USD,Local Grocery,IN,2026-01-03T20:55:14.738661
txn_08043,user_230,24.34,USD,Spotify,US,2025-11-27T22:55:14.738666
txn_08044,user_396,98.75,USD,Uber,US,2025-11-20T04:55:14.738670
txn_08045,user_232,10.65,USD,Software Store,US,2025-12-25T11:55:14.738674
txn_08046,user_117,11.59,USD,Local Grocery,GB,2025-12-14T10:55:14.738678
txn_08047,user_380,31.77,USD,Netflix,IN,2025-12-24T21:55:14.738683
txn_08048,user_156,53.34,USD,Electronics Hub,US,2025-11-12T04:55:14.738687
txn_08049,user_217,69.79,USD,TravelHub,US,2025-11-24T19:55:14.738690
txn_08050,user_496,97.53,USD,McDonalds,IN,2025-11-05T19:55:14.738694
txn_08051,user_058,23.34,USD,Electronics Hub,IN,2025-10-16T15:55:14.738698
txn_08052,user_292,75.16,USD,Spotify,IN,2025-10-28T08:55:14.738701
txn_08053,user_331,37.6,USD,Local Grocery,IN,2025-10-27T06:55:14.738705
txn_08054,user_363,82.69,USD,Starbucks,US,2026-01-01T21:55:14.738709
txn_08055,user_123,69.41,USD,McDonalds,US,2026-01-01T00:55:14.738712
txn_08056,user_254,1445.31,USD,LuxuryStore,CN,2026-01-04T05:55:14.738716
txn_08057,user_238,41.77,USD,Starbucks,US,2025-11-14T05:55:14.738720
txn_08058,user_201,5.61,USD,Spotify,GB,2025-10-10T12:55:14.738723
txn_08059,user_159,86.15,USD,Local Grocery,US,2025-10-11T16:55:14.738727
txn_08060,user_101,606.54,USD,AdultWorld,NG,2026-01-03T14:55:14.738731
txn_08061,user_168,37.18,USD,TravelHub,GB,2025-10-21T14:55:14.738734
txn_08062,user_149,85.27,USD,Local Grocery,IN,2025-11-20T15:55:14.738738
txn_08063,user_287,3580.43,USD,QuickLoans,RU,2026-01-05T01:55:14.738741
txn_08064,user_457,11.86,USD,Amazon,GB,2025-12-14T14:55:14.738745
txn_08065,user_104,59.16,USD,Starbucks,IN,2025-11-12T19:55:14.738748
txn_08066,user_426,57.34,USD,TravelHub,US,2025-10-30T03:55:14.738753
txn_08067,user_416,47.94,USD,Starbucks,IN,2025-11-29T06:55:14.738757
txn_08068,user_008,94.35,USD,Software Store,IN,2025-11-26T06:55:14.738761
txn_08069,user_073,41.64,USD,Starbucks,IN,2025-10-20T15:55:14.738764
txn_08070,user_435,98.55,USD,Uber,IN,2025-11-20T08:55:14.738768
txn_08071,user_214,80.57,USD,TravelHub,GB,2025-12-17T02:55:14.738771
txn_08072,user_281,58.4,USD,Amazon,GB,2025-12-23T14:55:14.738775
txn_08073,user_500,83.08,USD,McDonalds,GB,2025-10-29T06:55:14.738779
txn_08074,user_297,86.81,USD,Spotify,GB,2025-12-30T02:55:14.738782
txn_08075,user_344,48.08,USD,Electronics Hub,IN,2025-12-12T22:55:14.738790
txn_08076,user_269,52.49,USD,Electronics Hub,US,2025-11-08T19:55:14.738794
txn_08077,user_035,68.17,USD,Starbucks,US,2025-11-29T12:55:14.738798
txn_08078,user_046,85.99,USD,Uber,US,2025-12-04T13:55:14.738802
txn_08079,user_387,20.62,USD,Spotify,GB,2025-10-10T13:55:14.738806
txn_08080,user_278,7.88,USD,Netflix,IN,2025-11-07T08:55:14.738809
txn_08081,user_439,2297.24,USD,AdultWorld,BR,2026-01-04T10:55:14.738813
txn_08082,user_493,52.91,USD,Spotify,US,2025-11-06T00:55:14.738816
txn_08083,user_218,16.46,USD,Spotify,US,2025-11-29T00:55:14.738820
txn_08084,user_057,94.6,USD,Netflix,IN,2025-10-21T10:55:14.738824
txn_08085,user_498,30.25,USD,Amazon,GB,2025-11-01T18:55:14.738827
txn_08086,user_283,78.31,USD,Netflix,IN,2025-12-30T08:55:14.738833
txn_08087,user_407,46.29,USD,Uber,US,2025-12-03T18:55:14.738836
txn_08088,user_079,997.81,USD,LuxuryStore,RU,2026-01-04T16:55:14.738840
txn_08089,user_273,63.25,USD,Amazon,US,2025-11-09T07:55:14.738843
txn_08090,user_378,65.33,USD,Software Store,US,2025-11-29T15:55:14.738847
txn_08091,user_003,43.38,USD,Starbucks,GB,2025-12-18T11:55:14.738851
txn_08092,user_482,2287.74,USD,Online Gaming Co,RU,2026-01-03T12:55:14.738855
txn_08093,user_499,98.91,USD,Uber,GB,2025-12-10T12:55:14.738861
txn_08094,user_295,71.8,USD,Netflix,IN,2025-11-03T09:55:14.738865
txn_08095,user_080,48.28,USD,Netflix,IN,2025-10-29T05:55:14.738869
txn_08096,user_304,26.11,USD,Spotify,US,2025-11-19T01:55:14.738872
txn_08097,user_122,68.98,USD,Spotify,GB,2025-12-30T13:55:14.738876
txn_08098,user_237,99.27,USD,Starbucks,US,2025-11-06T05:55:14.738880
txn_08099,user_438,51.3,USD,Amazon,IN,2026-01-02T11:55:14.738883
txn_08100,user_318,58.78,USD,Spotify,IN,2025-11-17T05:55:14.738887
txn_08101,user_320,25.33,USD,Local Grocery,GB,2025-12-25T14:55:14.738891
txn_08102,user_305,46.34,USD,Amazon,US,2025-11-29T22:55:14.738894
txn_08103,user_202,3440.46,USD,QuickLoans,RU,2026-01-05T01:55:14.738898
txn_08104,user_304,74.66,USD,Amazon,GB,2025-11-21T08:55:14.738901
txn_08105,user_288,50.04,USD,Spotify,IN,2025-11-23T18:55:14.738907
txn_08106,user_055,2550.77,USD,QuickLoans,NG,2026-01-05T08:55:14.738910
txn_08107,user_207,64.84,USD,Netflix,US,2026-01-02T17:55:14.738915
txn_08108,user_099,73.02,USD,Local Grocery,US,2025-10-23T10:55:14.738919
txn_08109,user_456,9.7,USD,Software Store,IN,2025-12-28T18:55:14.738923
txn_08110,user_281,1696.73,USD,AdultWorld,RU,2026-01-05T05:55:14.738926
txn_08111,user_326,30.35,USD,Software Store,US,2025-11-15T21:55:14.738930
txn_08112,user_156,77.63,USD,Uber,US,2025-11-17T23:55:14.738934
txn_08113,user_227,59.78,USD,Software Store,IN,2025-12-28T22:55:14.738938
txn_08114,user_323,71.88,USD,McDonalds,US,2025-11-03T03:55:14.738941
txn_08115,user_482,96.86,USD,Local Grocery,US,2025-10-19T02:55:14.738945
txn_08116,user_142,20.3,USD,TravelHub,US,2025-12-20T10:55:14.738949
txn_08117,user_234,82.58,USD,Amazon,GB,2025-11-11T03:55:14.738952
txn_08118,user_179,39.89,USD,Starbucks,GB,2025-10-26T23:55:14.738956
txn_08119,user_127,55.16,USD,TravelHub,GB,2025-12-16T04:55:14.738959
txn_08120,user_050,8.83,USD,Spotify,US,2025-11-05T10:55:14.738963
txn_08121,user_098,45.79,USD,Local Grocery,GB,2025-10-23T11:55:14.738968
txn_08122,user_380,73.14,USD,Uber,GB,2025-11-17T23:55:14.738972
txn_08123,user_343,46.66,USD,Electronics Hub,US,2025-10-20T04:55:14.738975
txn_08124,user_340,11.31,USD,Netflix,IN,2025-11-22T17:55:14.738979
txn_08125,user_094,52.9,USD,Netflix,US,2025-11-29T05:55:14.738984
txn_08126,user_172,34.77,USD,Software Store,GB,2025-11-28T10:55:14.738987
txn_08127,user_209,3671.94,USD,AdultWorld,BR,2026-01-04T03:55:14.738990
txn_08128,user_240,15.32,USD,Local Grocery,IN,2025-12-09T11:55:14.738994
txn_08129,user_496,93.07,USD,Local Grocery,US,2025-10-29T18:55:14.738998
txn_08130,user_195,80.46,USD,TravelHub,US,2025-11-12T06:55:14.739001
txn_08131,user_070,13.38,USD,Electronics Hub,GB,2025-10-10T07:55:14.739005
txn_08132,user_227,83.81,USD,Netflix,IN,2025-11-25T05:55:14.739009
txn_08133,user_002,5.28,USD,Software Store,IN,2025-11-13T00:55:14.739012
txn_08134,user_169,36.8,USD,TravelHub,US,2025-10-29T03:55:14.739016
txn_08135,user_255,46.11,USD,McDonalds,IN,2025-10-14T08:55:14.739019
txn_08136,user_025,92.98,USD,Netflix,US,2025-11-16T21:55:14.739023
txn_08137,user_439,708.18,USD,Online Gaming Co,CN,2026-01-05T04:55:14.739027
txn_08138,user_191,25.47,USD,Netflix,US,2025-12-12T11:55:14.739031
txn_08139,user_188,6.38,USD,Uber,US,2025-12-20T02:55:14.739035
txn_08140,user_264,14.17,USD,Software Store,IN,2025-11-04T12:55:14.739039
txn_08141,user_040,55.35,USD,Electronics Hub,US,2025-11-09T06:55:14.739043
txn_08142,user_042,75.12,USD,McDonalds,US,2025-10-20T15:55:14.739048
txn_08143,user_217,52.27,USD,McDonalds,IN,2025-12-10T04:55:14.739052
txn_08144,user_036,57.64,USD,TravelHub,US,2025-10-28T12:55:14.739057
txn_08145,user_248,70.08,USD,Software Store,US,2025-11-15T04:55:14.739061
txn_08146,user_007,69.45,USD,Electronics Hub,US,2025-12-16T19:55:14.739064
txn_08147,user_259,75.11,USD,Electronics Hub,GB,2025-10-30T11:55:14.739068
txn_08148,user_213,61.68,USD,Uber,IN,2025-11-24T10:55:14.739071
txn_08149,user_231,45.7,USD,TravelHub,US,2026-01-03T23:55:14.739075
txn_08150,user_378,38.4,USD,Spotify,US,2025-11-14T00:55:14.739079
txn_08151,user_433,54.56,USD,Local Grocery,GB,2025-10-24T12:55:14.739082
txn_08152,user_103,88.02,USD,Electronics Hub,GB,2025-10-28T19:55:14.739086
txn_08153,user_293,3068.58,USD,QuickLoans,RU,2026-01-04T14:55:14.739089
txn_08154,user_322,9.76,USD,Software Store,GB,2025-12-10T08:55:14.739093
txn_08155,user_494,85.53,USD,Local Grocery,GB,2025-11-28T16:55:14.739097
txn_08156,user_166,39.11,USD,Uber,US,2025-12-01T14:55:14.739101
txn_08157,user_117,62.03,USD,TravelHub,GB,2025-10-16T02:55:14.739104
txn_08158,user_106,1473.21,USD,QuickLoans,CN,2026-01-03T17:55:14.739107
txn_08159,user_077,26.62,USD,Amazon,US,2025-12-25T20:55:14.739111
txn_08160,user_221,47.06,USD,Starbucks,US,2025-12-22T15:55:14.739114
txn_08161,user_419,52.29,USD,Local Grocery,GB,2025-11-25T04:55:14.739118
txn_08162,user_187,54.45,USD,Spotify,US,2025-12-11T12:55:14.739122
txn_08163,user_256,90.24,USD,Uber,US,2025-12-05T13:55:14.739126
txn_08164,user_342,37.88,USD,Netflix,GB,2025-10-08T10:55:14.739131
txn_08165,user_021,86.64,USD,Local Grocery,IN,2025-11-02T08:55:14.739134
txn_08166,user_150,71.09,USD,McDonalds,IN,2025-11-20T17:55:14.739138
txn_08167,user_324,1934.84,USD,Exotic Jewelry,NG,2026-01-04T09:55:14.739141
txn_08168,user_356,3210.85,USD,Exotic Jewelry,CN,2026-01-05T01:55:14.739145
txn_08169,user_204,75.91,USD,McDonalds,US,2025-11-13T06:55:14.739148
txn_08170,user_388,11.71,USD,Software Store,GB,2025-10-12T15:55:14.739152
txn_08171,user_427,23.14,USD,McDonalds,GB,2026-01-04T21:55:14.739157
txn_08172,user_426,1039.77,USD,Online Gaming Co,BR,2026-01-04T01:55:14.739160
txn_08173,user_457,31.26,USD,Amazon,GB,2025-11-11T01:55:14.739164
txn_08174,user_214,80.58,USD,Netflix,GB,2025-11-09T14:55:14.739167
txn_08175,user_172,86.77,USD,McDonalds,US,2025-11-29T21:55:14.739173
txn_08176,user_324,45.19,USD,Netflix,GB,2025-11-13T02:55:14.739178
txn_08177,user_373,85.49,USD,Spotify,US,2025-10-07T15:55:14.739182
txn_08178,user_117,2544.68,USD,LuxuryStore,BR,2026-01-04T15:55:14.739186
txn_08179,user_415,15.84,USD,TravelHub,US,2025-11-17T23:55:14.739190
txn_08180,user_070,37.27,USD,Software Store,IN,2025-12-15T11:55:14.739194
txn_08181,user_356,54.54,USD,McDonalds,GB,2025-10-27T12:55:14.739197
txn_08182,user_238,60.92,USD,Software Store,IN,2025-12-28T04:55:14.739201
txn_08183,user_138,820.65,USD,AdultWorld,BR,2026-01-04T17:55:14.739206
txn_08184,user_463,3070.44,USD,Online Gaming Co,BR,2026-01-03T23:55:14.739209
txn_08185,user_198,23.64,USD,Amazon,GB,2025-12-13T05:55:14.739213
txn_08186,user_160,89.87,USD,Spotify,US,2025-12-17T22:55:14.739217
txn_08187,user_388,64.89,USD,TravelHub,GB,2025-12-23T13:55:14.739220
txn_08188,user_498,1114.89,USD,AdultWorld,BR,2026-01-03T15:55:14.739224
txn_08189,user_136,45.71,USD,Netflix,IN,2025-12-31T06:55:14.739227
txn_08190,user_093,33.69,USD,Netflix,IN,2025-10-16T12:55:14.739231
txn_08191,user_246,24.32,USD,Local Grocery,US,2025-12-13T10:55:14.739235
txn_08192,user_467,98.72,USD,TravelHub,IN,2025-12-08T15:55:14.739238
txn_08193,user_328,11.95,USD,Amazon,GB,2026-01-02T02:55:14.739243
txn_08194,user_162,8.19,USD,Netflix,US,2025-11-14T09:55:14.739247
txn_08195,user_407,97.84,USD,McDonalds,US,2025-11-02T23:55:14.739250
txn_08196,user_471,63.46,USD,McDonalds,US,2025-12-29T09:55:14.739254
txn_08197,user_337,66.74,USD,McDonalds,IN,2025-12-21T05:55:14.739258
txn_08198,user_212,74.71,USD,Uber,US,2025-12-15T19:55:14.739261
txn_08199,user_411,42.97,USD,Spotify,IN,2025-10-16T07:55:14.739265
txn_08200,user_346,39.85,USD,Spotify,IN,2025-11-13T04:55:14.739269
txn_08201,user_463,97.79,USD,Netflix,IN,2025-12-05T12:55:14.739272
txn_08202,user_405,2201.21,USD,QuickLoans,RU,2026-01-04T19:55:14.739276
txn_08203,user_305,52.99,USD,Uber,IN,2025-11-02T20:55:14.739282
txn_08204,user_321,80.54,USD,Software Store,US,2025-11-06T18:55:14.739285
txn_08205,user_247,64.14,USD,Netflix,US,2025-10-18T12:55:14.739289
txn_08206,user_293,58.75,USD,Electronics Hub,GB,2025-11-15T11:55:14.739293
txn_08207,user_189,36.83,USD,Electronics Hub,IN,2025-12-28T23:55:14.739296
txn_08208,user_233,3729.99,USD,Online Gaming Co,CN,2026-01-04T16:55:14.739300
txn_08209,user_433,95.43,USD,Software Store,GB,2025-12-07T20:55:14.739303
txn_08210,user_275,44.61,USD,Spotify,US,2025-11-10T20:55:14.739307
txn_08211,user_055,50.87,USD,Amazon,GB,2025-11-02T13:55:14.739311
txn_08212,user_214,27.24,USD,Local Grocery,GB,2025-12-05T04:55:14.739314
txn_08213,user_201,89.11,USD,Software Store,IN,2025-10-12T03:55:14.739318
txn_08214,user_091,3759.31,USD,Exotic Jewelry,RU,2026-01-04T11:55:14.739322
txn_08215,user_439,27.92,USD,Software Store,IN,2025-12-11T01:55:14.739325
txn_08216,user_485,41.81,USD,Software Store,US,2025-11-26T14:55:14.739329
txn_08217,user_054,60.94,USD,McDonalds,GB,2025-12-24T14:55:14.739333
txn_08218,user_025,77.92,USD,McDonalds,GB,2025-12-25T05:55:14.739336
txn_08219,user_428,834.15,USD,Online Gaming Co,CN,2026-01-03T19:55:14.739339
txn_08220,user_050,4432.99,USD,Exotic Jewelry,CN,2026-01-03T16:55:14.739343
txn_08221,user_052,15.02,USD,TravelHub,IN,2025-10-20T05:55:14.739347
txn_08222,user_454,51.46,USD,Netflix,GB,2025-12-08T11:55:14.739352
txn_08223,user_093,74.72,USD,Uber,IN,2025-10-28T15:55:14.739356
txn_08224,user_283,71.75,USD,Local Grocery,IN,2025-12-03T11:55:14.739359
txn_08225,user_010,45.6,USD,TravelHub,US,2025-11-30T15:55:14.739363
txn_08226,user_326,894.51,USD,Exotic Jewelry,NG,2026-01-04T05:55:14.739367
txn_08227,user_102,24.47,USD,Netflix,GB,2025-12-16T03:55:14.739370
txn_08228,user_429,4581.16,USD,AdultWorld,BR,2026-01-04T01:55:14.739373
txn_08229,user_237,55.37,USD,Local Grocery,GB,2025-12-24T04:55:14.739377
txn_08230,user_127,70.06,USD,Spotify,GB,2025-10-25T19:55:14.739383
txn_08231,user_416,12.28,USD,Electronics Hub,IN,2025-11-30T11:55:14.739388
txn_08232,user_416,4387.06,USD,Exotic Jewelry,CN,2026-01-03T21:55:14.739391
txn_08233,user_063,43.45,USD,Local Grocery,US,2025-10-14T02:55:14.739395
txn_08234,user_226,77.19,USD,Amazon,GB,2025-11-12T18:55:14.739399
txn_08235,user_147,38.19,USD,Software Store,GB,2025-11-06T09:55:14.739404
txn_08236,user_139,52.68,USD,McDonalds,US,2025-10-25T05:55:14.739407
txn_08237,user_233,58.56,USD,Netflix,IN,2025-11-23T13:55:14.739411
txn_08238,user_284,89.1,USD,Starbucks,IN,2025-11-23T10:55:14.739415
txn_08239,user_402,678.9,USD,AdultWorld,RU,2026-01-04T13:55:14.739418
txn_08240,user_071,52.97,USD,TravelHub,US,2025-11-29T21:55:14.739422
txn_08241,user_023,28.22,USD,Spotify,IN,2025-10-30T04:55:14.739425
txn_08242,user_162,60.08,USD,Software Store,US,2026-01-03T07:55:14.739430
txn_08243,user_492,2836.64,USD,QuickLoans,CN,2026-01-03T21:55:14.739433
txn_08244,user_437,44.1,USD,McDonalds,IN,2026-01-02T22:55:14.739438
txn_08245,user_322,3650.27,USD,AdultWorld,BR,2026-01-05T04:55:14.739442
txn_08246,user_200,63.36,USD,Starbucks,US,2025-12-25T13:55:14.739445
txn_08247,user_461,1320.58,USD,Exotic Jewelry,CN,2026-01-04T00:55:14.739449
txn_08248,user_003,86.14,USD,McDonalds,GB,2025-12-30T21:55:14.739452
txn_08249,user_054,13.65,USD,TravelHub,US,2025-12-15T18:55:14.739457
txn_08250,user_166,904.34,USD,Exotic Jewelry,NG,2026-01-04T04:55:14.739461
txn_08251,user_495,11.97,USD,Uber,IN,2025-12-13T05:55:14.739464
txn_08252,user_227,45.33,USD,TravelHub,GB,2025-12-08T16:55:14.739468
txn_08253,user_153,84.46,USD,Uber,IN,2025-11-24T13:55:14.739472
txn_08254,user_045,70.2,USD,Starbucks,US,2025-11-18T15:55:14.739475
txn_08255,user_149,62.87,USD,Amazon,US,2025-10-19T22:55:14.739479
txn_08256,user_213,58.02,USD,Local Grocery,GB,2025-10-29T03:55:14.739483
txn_08257,user_400,22.18,USD,TravelHub,IN,2025-10-20T19:55:14.739486
txn_08258,user_270,8.88,USD,Software Store,IN,2025-12-23T00:55:14.739490
txn_08259,user_012,53.49,USD,McDonalds,US,2025-10-23T14:55:14.739493
txn_08260,user_482,60.06,USD,Local Grocery,IN,2025-10-16T15:55:14.739497
txn_08261,user_081,35.62,USD,Electronics Hub,US,2025-10-10T14:55:14.739502
txn_08262,user_157,670.74,USD,Online Gaming Co,NG,2026-01-03T22:55:14.739505
txn_08263,user_325,29.68,USD,Amazon,GB,2025-10-31T16:55:14.739509
txn_08264,user_005,21.61,USD,Local Grocery,GB,2025-12-16T12:55:14.739512
txn_08265,user_051,85.29,USD,Spotify,IN,2026-01-04T23:55:14.739516
txn_08266,user_263,13.84,USD,Amazon,IN,2026-01-01T00:55:14.739519
txn_08267,user_391,29.02,USD,McDonalds,US,2025-12-10T15:55:14.739524
txn_08268,user_455,46.93,USD,Local Grocery,US,2026-01-02T16:55:14.739528
txn_08269,user_090,15.26,USD,Amazon,GB,2025-10-20T21:55:14.739532
txn_08270,user_045,14.46,USD,Netflix,GB,2025-12-20T12:55:14.739536
txn_08271,user_160,3999.28,USD,Online Gaming Co,BR,2026-01-05T07:55:14.739539
txn_08272,user_268,47.48,USD,Uber,GB,2025-12-18T16:55:14.739543
txn_08273,user_481,4787.15,USD,LuxuryStore,CN,2026-01-05T07:55:14.739546
txn_08274,user_359,96.95,USD,Amazon,GB,2025-10-22T23:55:14.739550
txn_08275,user_272,3953.06,USD,QuickLoans,BR,2026-01-03T16:55:14.739553
txn_08276,user_279,29.08,USD,Software Store,US,2025-10-25T09:55:14.739557
txn_08277,user_312,37.01,USD,McDonalds,US,2025-12-10T10:55:14.739561
txn_08278,user_441,80.08,USD,Amazon,US,2025-12-20T15:55:14.739564
txn_08279,user_360,48.94,USD,Amazon,IN,2025-12-20T09:55:14.739573
txn_08280,user_119,9.49,USD,TravelHub,US,2025-11-19T18:55:14.739577
txn_08281,user_022,76.72,USD,Local Grocery,GB,2025-12-21T12:55:14.739582
txn_08282,user_461,48.3,USD,Software Store,IN,2025-12-13T08:55:14.739585
txn_08283,user_087,84.12,USD,Starbucks,US,2025-12-01T17:55:14.739589
txn_08284,user_136,29.45,USD,Spotify,GB,2025-10-30T20:55:14.739593
txn_08285,user_277,36.36,USD,Netflix,US,2025-12-28T14:55:14.739596
txn_08286,user_238,93.43,USD,TravelHub,GB,2025-11-04T10:55:14.739600
txn_08287,user_021,85.38,USD,Local Grocery,GB,2025-11-14T06:55:14.739604
txn_08288,user_263,76.46,USD,Electronics Hub,IN,2025-10-14T06:55:14.739607
txn_08289,user_427,6.86,USD,Uber,GB,2025-11-26T15:55:14.739611
txn_08290,user_202,1713.37,USD,Exotic Jewelry,RU,2026-01-03T10:55:14.739614
txn_08291,user_281,66.76,USD,McDonalds,GB,2025-10-21T11:55:14.739618
txn_08292,user_307,45.48,USD,TravelHub,US,2025-11-23T04:55:14.739622
txn_08293,user_443,78.74,USD,Electronics Hub,GB,2025-11-27T01:55:14.739625
txn_08294,user_269,74.64,USD,Software Store,US,2025-10-22T18:55:14.739629
txn_08295,user_339,84.72,USD,Amazon,US,2026-01-01T02:55:14.739633
txn_08296,user_182,30.23,USD,Uber,US,2025-12-24T20:55:14.739638
txn_08297,user_380,34.59,USD,McDonalds,US,2026-01-01T10:55:14.739641
txn_08298,user_459,31.54,USD,TravelHub,IN,2025-11-29T20:55:14.739647
txn_08299,user_190,60.78,USD,Software Store,GB,2025-10-27T03:55:14.739651
txn_08300,user_272,37.19,USD,Electronics Hub,IN,2025-11-04T04:55:14.739656
txn_08301,user_303,84.36,USD,Starbucks,US,2025-12-17T12:55:14.739659
txn_08302,user_222,78.54,USD,TravelHub,GB,2025-12-25T11:55:14.739663
txn_08303,user_210,51.98,USD,Starbucks,US,2025-11-05T10:55:14.739667
txn_08304,user_087,14.07,USD,Starbucks,IN,2025-12-31T00:55:14.739670
txn_08305,user_223,70.8,USD,Software Store,GB,2025-10-28T06:55:14.739674
txn_08306,user_439,61.0,USD,Spotify,GB,2025-11-05T00:55:14.739678
txn_08307,user_100,33.75,USD,Netflix,IN,2025-10-15T17:55:14.739682
txn_08308,user_214,1503.3,USD,QuickLoans,CN,2026-01-03T11:55:14.739685
txn_08309,user_112,42.83,USD,Amazon,US,2025-12-24T20:55:14.739689
txn_08310,user_460,79.36,USD,Amazon,GB,2025-11-11T20:55:14.739693
txn_08311,user_403,15.75,USD,Software Store,IN,2025-11-24T16:55:14.739696
txn_08312,user_120,80.88,USD,McDonalds,GB,2025-10-09T02:55:14.739700
txn_08313,user_385,50.99,USD,Spotify,GB,2025-10-27T01:55:14.739704
txn_08314,user_072,67.49,USD,Uber,GB,2025-12-10T15:55:14.739707
txn_08315,user_291,46.69,USD,Starbucks,IN,2025-11-27T08:55:14.739711
txn_08316,user_070,59.36,USD,Spotify,IN,2025-11-27T23:55:14.739714
txn_08317,user_374,98.96,USD,Uber,US,2025-11-24T17:55:14.739718
txn_08318,user_276,3588.6,USD,LuxuryStore,RU,2026-01-03T17:55:14.739721
txn_08319,user_495,3876.61,USD,QuickLoans,CN,2026-01-05T05:55:14.739725
txn_08320,user_165,46.82,USD,Software Store,IN,2025-10-30T19:55:14.739730
txn_08321,user_283,42.22,USD,Amazon,GB,2025-12-12T05:55:14.739733
txn_08322,user_402,34.55,USD,TravelHub,IN,2025-12-07T18:55:14.739737
txn_08323,user_388,65.44,USD,Electronics Hub,IN,2025-10-24T13:55:14.739741
txn_08324,user_242,85.97,USD,TravelHub,IN,2025-10-14T23:55:14.739744
txn_08325,user_403,96.89,USD,TravelHub,GB,2025-12-01T09:55:14.739748
txn_08326,user_110,24.3,USD,Uber,IN,2025-12-08T01:55:14.739752
txn_08327,user_093,54.18,USD,Spotify,GB,2025-11-20T04:55:14.739755
txn_08328,user_336,92.59,USD,Spotify,US,2025-10-28T03:55:14.739758
txn_08329,user_041,38.59,USD,Starbucks,GB,2025-10-09T14:55:14.739762
txn_08330,user_193,40.57,USD,Local Grocery,US,2025-11-17T10:55:14.739767
txn_08331,user_071,1355.51,USD,QuickLoans,BR,2026-01-05T00:55:14.739771
txn_08332,user_383,31.11,USD,Electronics Hub,GB,2025-11-08T08:55:14.739775
txn_08333,user_029,1302.44,USD,Exotic Jewelry,CN,2026-01-05T07:55:14.739778
txn_08334,user_041,26.49,USD,Amazon,GB,2025-10-26T17:55:14.739782
txn_08335,user_092,22.66,USD,Local Grocery,US,2025-11-05T00:55:14.739786
txn_08336,user_209,67.19,USD,Amazon,IN,2025-10-10T20:55:14.739790
txn_08337,user_328,10.14,USD,McDonalds,GB,2025-12-13T02:55:14.739793
txn_08338,user_162,67.18,USD,Spotify,GB,2026-01-04T03:55:14.739797
txn_08339,user_375,29.75,USD,Spotify,GB,2025-11-25T19:55:14.739802
txn_08340,user_182,33.14,USD,Electronics Hub,IN,2025-12-04T18:55:14.739805
txn_08341,user_104,50.11,USD,Local Grocery,GB,2025-12-27T03:55:14.739809
txn_08342,user_496,52.38,USD,Netflix,IN,2025-11-17T07:55:14.739812
txn_08343,user_281,30.42,USD,Starbucks,US,2025-11-29T21:55:14.739816
txn_08344,user_229,38.2,USD,Netflix,GB,2026-01-01T02:55:14.739820
txn_08345,user_014,82.17,USD,Netflix,US,2025-12-27T22:55:14.739823
txn_08346,user_490,12.31,USD,Local Grocery,GB,2025-10-16T04:55:14.739828
txn_08347,user_476,33.29,USD,Electronics Hub,US,2025-11-21T02:55:14.739832
txn_08348,user_054,5.04,USD,Netflix,GB,2025-11-11T06:55:14.739836
txn_08349,user_188,1655.92,USD,Online Gaming Co,NG,2026-01-04T03:55:14.739839
txn_08350,user_366,43.8,USD,Software Store,IN,2026-01-04T00:55:14.739843
txn_08351,user_414,590.11,USD,LuxuryStore,CN,2026-01-04T04:55:14.739846
txn_08352,user_304,76.76,USD,Amazon,GB,2025-10-31T04:55:14.739850
txn_08353,user_182,65.87,USD,TravelHub,IN,2025-10-06T14:55:14.739854
txn_08354,user_208,63.79,USD,McDonalds,IN,2025-12-30T07:55:14.739857
txn_08355,user_093,38.68,USD,Electronics Hub,GB,2025-12-21T13:55:14.739861
txn_08356,user_144,3085.75,USD,LuxuryStore,CN,2026-01-04T12:55:14.739864
txn_08357,user_399,46.23,USD,Uber,IN,2025-12-06T16:55:14.739867
txn_08358,user_027,2778.5,USD,Exotic Jewelry,CN,2026-01-03T17:55:14.739871
txn_08359,user_262,89.31,USD,Starbucks,GB,2026-01-01T02:55:14.739878
txn_08360,user_321,14.71,USD,Electronics Hub,GB,2025-12-03T22:55:14.739881
txn_08361,user_464,89.4,USD,TravelHub,GB,2025-12-07T22:55:14.739885
txn_08362,user_182,36.9,USD,Amazon,US,2025-11-12T08:55:14.739890
txn_08363,user_453,91.14,USD,Software Store,GB,2025-12-14T00:55:14.739894
txn_08364,user_379,59.93,USD,Uber,US,2025-10-16T06:55:14.739898
txn_08365,user_486,3957.23,USD,QuickLoans,RU,2026-01-03T22:55:14.739901
txn_08366,user_479,38.48,USD,McDonalds,US,2025-11-26T21:55:14.739905
txn_08367,user_476,4410.19,USD,LuxuryStore,BR,2026-01-04T04:55:14.739908
txn_08368,user_248,79.98,USD,Netflix,IN,2025-10-26T09:55:14.739912
txn_08369,user_180,4695.89,USD,QuickLoans,RU,2026-01-03T10:55:14.739915
txn_08370,user_487,16.3,USD,Software Store,GB,2025-12-03T15:55:14.739919
txn_08371,user_458,21.23,USD,Electronics Hub,GB,2025-10-18T21:55:14.739922
txn_08372,user_161,2453.35,USD,Exotic Jewelry,CN,2026-01-04T05:55:14.739926
txn_08373,user_472,43.2,USD,Netflix,GB,2026-01-01T03:55:14.739929
txn_08374,user_056,75.24,USD,Starbucks,US,2025-10-27T00:55:14.739933
txn_08375,user_054,93.86,USD,Amazon,US,2025-12-20T16:55:14.739937
txn_08376,user_466,2364.66,USD,LuxuryStore,NG,2026-01-05T04:55:14.739940
txn_08377,user_295,34.03,USD,Amazon,US,2025-11-06T18:55:14.739945
txn_08378,user_455,17.3,USD,TravelHub,GB,2025-12-24T22:55:14.739951
txn_08379,user_246,75.38,USD,Software Store,IN,2025-12-31T16:55:14.739954
txn_08380,user_192,952.82,USD,LuxuryStore,RU,2026-01-03T23:55:14.739958
txn_08381,user_398,3156.99,USD,Online Gaming Co,CN,2026-01-04T12:55:14.739961
txn_08382,user_495,87.47,USD,Spotify,US,2025-12-08T21:55:14.739965
txn_08383,user_081,10.18,USD,McDonalds,GB,2025-10-27T20:55:14.739968
txn_08384,user_399,14.9,USD,Amazon,IN,2025-11-23T17:55:14.739972
txn_08385,user_189,48.87,USD,Spotify,US,2025-11-16T20:55:14.739975
txn_08386,user_309,40.34,USD,Software Store,GB,2025-12-30T19:55:14.739979
txn_08387,user_425,51.64,USD,Electronics Hub,GB,2025-10-08T00:55:14.739983
txn_08388,user_427,59.54,USD,Netflix,IN,2025-11-09T07:55:14.739987
txn_08389,user_094,3742.33,USD,QuickLoans,RU,2026-01-04T14:55:14.739990
txn_08390,user_280,69.86,USD,TravelHub,US,2025-11-20T00:55:14.739994
txn_08391,user_079,82.86,USD,McDonalds,US,2025-10-06T17:55:14.739998
txn_08392,user_468,95.14,USD,Local Grocery,IN,2025-12-28T08:55:14.740001
txn_08393,user_006,39.17,USD,Amazon,GB,2025-11-04T04:55:14.740005
txn_08394,user_344,41.91,USD,Uber,GB,2025-10-21T10:55:14.740010
txn_08395,user_274,5.67,USD,Spotify,US,2025-10-31T22:55:14.740014
txn_08396,user_234,58.4,USD,Electronics Hub,GB,2025-10-26T23:55:14.740018
txn_08397,user_489,31.19,USD,McDonalds,US,2025-11-05T00:55:14.740022
txn_08398,user_015,95.35,USD,Amazon,IN,2025-10-22T20:55:14.740029
txn_08399,user_061,56.19,USD,Uber,US,2025-12-26T00:55:14.740033
txn_08400,user_383,83.29,USD,TravelHub,GB,2025-11-08T10:55:14.740036
txn_08401,user_049,43.79,USD,Spotify,GB,2025-12-24T00:55:14.740040
txn_08402,user_330,46.12,USD,McDonalds,GB,2025-12-19T02:55:14.740044
txn_08403,user_228,87.71,USD,Netflix,US,2025-11-15T14:55:14.740047
txn_08404,user_402,64.86,USD,TravelHub,IN,2025-10-14T00:55:14.740051
txn_08405,user_455,41.31,USD,Amazon,GB,2025-10-29T10:55:14.740054
txn_08406,user_238,85.03,USD,McDonalds,IN,2025-11-08T18:55:14.740058
txn_08407,user_428,4991.47,USD,QuickLoans,NG,2026-01-04T08:55:14.740061
txn_08408,user_272,64.31,USD,Netflix,GB,2025-12-10T22:55:14.740066
txn_08409,user_068,42.29,USD,Uber,IN,2025-10-11T21:55:14.740070
txn_08410,user_278,2807.3,USD,LuxuryStore,RU,2026-01-04T01:55:14.740074
txn_08411,user_453,23.0,USD,Amazon,GB,2025-10-28T23:55:14.740077
txn_08412,user_152,16.53,USD,Amazon,GB,2025-12-07T04:55:14.740081
txn_08413,user_153,72.9,USD,Starbucks,IN,2025-12-11T01:55:14.740085
txn_08414,user_025,98.97,USD,Uber,GB,2025-11-26T04:55:14.740088
txn_08415,user_134,18.28,USD,Spotify,GB,2025-12-03T15:55:14.740092
txn_08416,user_241,67.8,USD,McDonalds,US,2025-11-08T16:55:14.740096
txn_08417,user_482,4227.57,USD,AdultWorld,CN,2026-01-03T16:55:14.740100
txn_08418,user_074,18.56,USD,Electronics Hub,IN,2025-12-03T18:55:14.740104
txn_08419,user_255,4269.92,USD,Online Gaming Co,NG,2026-01-03T19:55:14.740107
txn_08420,user_140,46.37,USD,Uber,IN,2025-11-12T11:55:14.740111
txn_08421,user_188,35.81,USD,TravelHub,IN,2025-12-12T05:55:14.740115
txn_08422,user_338,56.88,USD,TravelHub,GB,2025-11-26T18:55:14.740118
txn_08423,user_330,4731.99,USD,Online Gaming Co,BR,2026-01-05T06:55:14.740121
txn_08424,user_293,74.7,USD,Spotify,IN,2025-10-22T00:55:14.740125
txn_08425,user_425,56.64,USD,McDonalds,GB,2025-11-24T05:55:14.740129
txn_08426,user_446,91.36,USD,Netflix,GB,2025-10-23T19:55:14.740134
txn_08427,user_386,58.41,USD,Software Store,IN,2025-11-27T14:55:14.740137
txn_08428,user_060,25.74,USD,McDonalds,IN,2025-10-30T15:55:14.740141
txn_08429,user_218,58.15,USD,Amazon,US,2025-12-24T12:55:14.740144
txn_08430,user_446,62.2,USD,TravelHub,GB,2025-11-18T15:55:14.740148
txn_08431,user_059,68.08,USD,TravelHub,IN,2025-11-09T12:55:14.740152
txn_08432,user_180,62.46,USD,Electronics Hub,GB,2025-11-07T03:55:14.740156
txn_08433,user_278,39.14,USD,Electronics Hub,GB,2025-10-17T17:55:14.740159
txn_08434,user_497,41.03,USD,Software Store,GB,2025-10-24T07:55:14.740163
txn_08435,user_197,4032.94,USD,AdultWorld,BR,2026-01-04T01:55:14.740166
txn_08436,user_453,70.44,USD,McDonalds,GB,2025-11-17T00:55:14.740170
txn_08437,user_240,75.79,USD,Starbucks,US,2025-10-27T03:55:14.740175
txn_08438,user_313,93.21,USD,Spotify,US,2025-12-21T19:55:14.740179
txn_08439,user_157,1983.47,USD,Exotic Jewelry,CN,2026-01-03T18:55:14.740182
txn_08440,user_159,35.1,USD,Local Grocery,GB,2025-10-31T10:55:14.740186
txn_08441,user_406,50.41,USD,Software Store,US,2025-10-16T20:55:14.740189
txn_08442,user_146,19.5,USD,Amazon,US,2025-12-07T11:55:14.740193
txn_08443,user_479,18.98,USD,TravelHub,GB,2025-11-21T07:55:14.740196
txn_08444,user_444,5.73,USD,Starbucks,US,2025-11-08T00:55:14.740200
txn_08445,user_020,2268.16,USD,Online Gaming Co,CN,2026-01-04T07:55:14.740203
txn_08446,user_351,93.13,USD,Netflix,US,2025-12-13T08:55:14.740207
txn_08447,user_010,79.09,USD,Local Grocery,US,2025-10-19T14:55:14.740211
txn_08448,user_212,14.62,USD,Local Grocery,GB,2025-10-17T00:55:14.740216
txn_08449,user_425,13.24,USD,Spotify,US,2025-11-12T02:55:14.740220
txn_08450,user_024,1175.12,USD,Online Gaming Co,CN,2026-01-04T08:55:14.740224
txn_08451,user_076,53.44,USD,Spotify,IN,2025-11-11T00:55:14.740227
txn_08452,user_444,4743.99,USD,AdultWorld,RU,2026-01-04T15:55:14.740231
txn_08453,user_100,55.76,USD,Software Store,US,2025-11-19T08:55:14.740234
txn_08454,user_334,45.23,USD,TravelHub,GB,2025-12-21T22:55:14.740238
txn_08455,user_324,35.09,USD,Spotify,IN,2025-11-07T15:55:14.740242
txn_08456,user_333,4194.18,USD,AdultWorld,BR,2026-01-04T14:55:14.740246
txn_08457,user_409,13.91,USD,Amazon,IN,2025-11-20T08:55:14.740250
txn_08458,user_356,48.23,USD,Netflix,US,2025-12-04T09:55:14.740255
txn_08459,user_462,3130.21,USD,QuickLoans,CN,2026-01-05T04:55:14.740258
txn_08460,user_481,89.86,USD,TravelHub,IN,2025-11-06T11:55:14.740262
txn_08461,user_382,90.63,USD,Spotify,US,2025-12-14T19:55:14.740266
txn_08462,user_475,1156.59,USD,Exotic Jewelry,RU,2026-01-03T21:55:14.740269
txn_08463,user_293,29.79,USD,Spotify,IN,2025-10-06T20:55:14.740273
txn_08464,user_105,33.84,USD,Uber,US,2025-10-20T04:55:14.740277
txn_08465,user_349,91.97,USD,Electronics Hub,US,2025-11-10T05:55:14.740280
txn_08466,user_297,2361.79,USD,Exotic Jewelry,NG,2026-01-03T22:55:14.740284
txn_08467,user_152,96.38,USD,Local Grocery,IN,2025-12-23T16:55:14.740287
txn_08468,user_295,42.71,USD,Local Grocery,IN,2025-11-20T14:55:14.740291
txn_08469,user_182,53.75,USD,TravelHub,US,2025-11-22T05:55:14.740295
txn_08470,user_037,38.78,USD,Starbucks,IN,2025-10-24T01:55:14.740298
txn_08471,user_138,63.96,USD,McDonalds,US,2025-12-14T17:55:14.740302
txn_08472,user_392,72.52,USD,Starbucks,GB,2025-12-31T00:55:14.740305
txn_08473,user_149,672.71,USD,Exotic Jewelry,CN,2026-01-03T09:55:14.740309
txn_08474,user_306,37.4,USD,Spotify,US,2025-10-08T11:55:14.740312
txn_08475,user_073,86.04,USD,Starbucks,US,2025-12-12T16:55:14.740316
txn_08476,user_134,43.22,USD,Local Grocery,GB,2025-11-02T20:55:14.740321
txn_08477,user_266,81.67,USD,Electronics Hub,US,2025-12-09T14:55:14.740325
txn_08478,user_035,4750.68,USD,Exotic Jewelry,NG,2026-01-04T03:55:14.740328
txn_08479,user_023,34.44,USD,Spotify,US,2025-12-18T00:55:14.740332
txn_08480,user_022,26.02,USD,Amazon,US,2025-10-25T04:55:14.740335
txn_08481,user_291,27.29,USD,McDonalds,GB,2025-10-24T21:55:14.740339
txn_08482,user_053,4312.79,USD,Exotic Jewelry,NG,2026-01-04T17:55:14.740342
txn_08483,user_201,34.59,USD,Uber,IN,2025-12-30T17:55:14.740346
txn_08484,user_055,1185.25,USD,QuickLoans,CN,2026-01-04T22:55:14.740349
txn_08485,user_203,42.58,USD,Netflix,GB,2025-11-28T21:55:14.740352
txn_08486,user_135,43.38,USD,Netflix,IN,2025-11-12T20:55:14.740356
txn_08487,user_327,44.15,USD,Local Grocery,US,2025-11-22T04:55:14.740359
txn_08488,user_171,5.56,USD,Amazon,US,2025-11-09T18:55:14.740363
txn_08489,user_120,77.83,USD,Local Grocery,IN,2025-10-30T14:55:14.740366
txn_08490,user_212,53.93,USD,Starbucks,IN,2025-11-28T14:55:14.740371
txn_08491,user_159,65.58,USD,McDonalds,GB,2025-11-29T13:55:14.740375
txn_08492,user_203,44.99,USD,McDonalds,IN,2025-11-21T19:55:14.740378
txn_08493,user_120,60.32,USD,Uber,IN,2025-10-08T01:55:14.740382
txn_08494,user_318,48.48,USD,Local Grocery,US,2025-10-28T08:55:14.740386
txn_08495,user_284,5.48,USD,Spotify,GB,2026-01-05T05:55:14.740390
txn_08496,user_235,42.48,USD,Amazon,IN,2025-10-09T01:55:14.740394
txn_08497,user_329,4747.23,USD,Online Gaming Co,CN,2026-01-04T17:55:14.740397
txn_08498,user_184,82.41,USD,McDonalds,US,2025-12-19T18:55:14.740401
txn_08499,user_366,21.28,USD,McDonalds,US,2025-10-15T18:55:14.740404
txn_08500,user_302,31.66,USD,Uber,IN,2025-12-15T18:55:14.740409
txn_08501,user_481,86.12,USD,Local Grocery,IN,2025-12-28T02:55:14.740413
txn_08502,user_412,4145.1,USD,LuxuryStore,NG,2026-01-04T23:55:14.740417
txn_08503,user_133,46.7,USD,Local Grocery,GB,2025-12-26T22:55:14.740421
txn_08504,user_334,55.17,USD,Netflix,GB,2025-11-28T04:55:14.740425
txn_08505,user_014,20.52,USD,Electronics Hub,GB,2025-12-07T15:55:14.740429
txn_08506,user_141,51.91,USD,TravelHub,US,2025-12-29T02:55:14.740433
txn_08507,user_204,7.32,USD,McDonalds,US,2025-12-28T22:55:14.740437
txn_08508,user_429,50.97,USD,Starbucks,US,2025-10-19T17:55:14.740441
txn_08509,user_402,29.71,USD,Spotify,US,2025-12-30T11:55:14.740444
txn_08510,user_335,63.51,USD,Netflix,US,2025-11-05T17:55:14.740448
txn_08511,user_237,43.39,USD,Uber,GB,2025-11-09T16:55:14.740452
txn_08512,user_040,86.94,USD,Starbucks,US,2025-11-26T23:55:14.740455
txn_08513,user_154,63.28,USD,Spotify,GB,2025-12-29T05:55:14.740459
txn_08514,user_146,52.24,USD,Local Grocery,GB,2025-12-25T00:55:14.740462
txn_08515,user_331,11.71,USD,Starbucks,GB,2025-11-14T19:55:14.740467
txn_08516,user_394,78.39,USD,Software Store,GB,2025-12-25T03:55:14.740471
txn_08517,user_474,64.38,USD,Local Grocery,US,2025-12-16T09:55:14.740475
txn_08518,user_291,87.93,USD,Uber,IN,2025-12-08T13:55:14.740478
txn_08519,user_217,37.58,USD,Netflix,US,2025-11-05T17:55:14.740482
txn_08520,user_254,5.75,USD,Starbucks,GB,2025-10-21T17:55:14.740485
txn_08521,user_040,3449.81,USD,Exotic Jewelry,BR,2026-01-05T05:55:14.740489
txn_08522,user_042,58.29,USD,Software Store,US,2025-11-03T21:55:14.740494
txn_08523,user_172,51.6,USD,TravelHub,US,2025-11-12T04:55:14.740498
txn_08524,user_105,1131.04,USD,Exotic Jewelry,BR,2026-01-05T09:55:14.740501
txn_08525,user_160,26.63,USD,McDonalds,IN,2025-12-12T23:55:14.740505
txn_08526,user_396,32.72,USD,Uber,GB,2025-12-29T19:55:14.740509
txn_08527,user_428,23.95,USD,Software Store,GB,2025-10-23T21:55:14.740512
txn_08528,user_343,52.31,USD,Uber,IN,2025-10-29T19:55:14.740516
txn_08529,user_355,14.39,USD,Local Grocery,IN,2025-10-22T17:55:14.740520
txn_08530,user_152,60.4,USD,Software Store,IN,2025-12-17T10:55:14.740523
txn_08531,user_413,16.62,USD,Software Store,IN,2025-12-24T13:55:14.740527
txn_08532,user_002,65.77,USD,McDonalds,US,2026-01-05T08:55:14.740531
txn_08533,user_115,72.59,USD,McDonalds,US,2025-10-20T22:55:14.740534
txn_08534,user_077,31.29,USD,Starbucks,GB,2025-12-27T00:55:14.740539
txn_08535,user_425,97.3,USD,Uber,GB,2025-10-07T20:55:14.740543
txn_08536,user_037,22.92,USD,Starbucks,IN,2025-11-13T04:55:14.740546
txn_08537,user_380,93.55,USD,Electronics Hub,US,2025-12-12T02:55:14.740550
txn_08538,user_202,78.99,USD,Software Store,US,2025-11-30T12:55:14.740554
txn_08539,user_440,37.49,USD,McDonalds,GB,2025-12-10T12:55:14.740558
txn_08540,user_107,23.71,USD,Uber,IN,2025-12-06T09:55:14.740561
txn_08541,user_463,40.4,USD,Netflix,GB,2025-11-21T04:55:14.740567
txn_08542,user_121,78.18,USD,McDonalds,US,2025-11-26T20:55:14.740571
txn_08543,user_111,49.15,USD,Uber,IN,2025-12-13T22:55:14.740575
txn_08544,user_051,44.24,USD,Software Store,GB,2025-10-19T05:55:14.740578
txn_08545,user_283,45.03,USD,Starbucks,US,2025-12-09T20:55:14.740582
txn_08546,user_308,11.73,USD,Local Grocery,IN,2025-10-17T21:55:14.740586
txn_08547,user_402,3652.91,USD,QuickLoans,BR,2026-01-03T18:55:14.740589
txn_08548,user_117,38.42,USD,Starbucks,GB,2025-10-15T23:55:14.740593
txn_08549,user_477,58.83,USD,Software Store,US,2025-11-25T01:55:14.740596
txn_08550,user_494,95.43,USD,Netflix,GB,2025-12-21T04:55:14.740601
txn_08551,user_325,74.76,USD,Electronics Hub,US,2025-12-12T20:55:14.740605
txn_08552,user_182,65.03,USD,Spotify,GB,2025-12-15T09:55:14.740609
txn_08553,user_205,44.45,USD,Starbucks,US,2025-11-13T09:55:14.740613
txn_08554,user_155,2455.41,USD,QuickLoans,RU,2026-01-05T00:55:14.740618
txn_08555,user_195,4132.34,USD,Exotic Jewelry,BR,2026-01-04T02:55:14.740621
txn_08556,user_264,40.75,USD,Amazon,US,2025-10-08T02:55:14.740625
txn_08557,user_058,7.21,USD,Local Grocery,US,2025-11-22T16:55:14.740629
txn_08558,user_120,18.55,USD,TravelHub,GB,2025-10-13T03:55:14.740632
txn_08559,user_136,3070.26,USD,QuickLoans,BR,2026-01-05T04:55:14.740635
txn_08560,user_234,3165.31,USD,LuxuryStore,NG,2026-01-04T21:55:14.740639
txn_08561,user_323,38.12,USD,Electronics Hub,IN,2025-12-07T03:55:14.740642
txn_08562,user_276,43.96,USD,McDonalds,IN,2026-01-03T08:55:14.740646
txn_08563,user_149,38.57,USD,Uber,US,2025-12-12T17:55:14.740649
txn_08564,user_426,5.21,USD,Uber,IN,2025-10-12T07:55:14.740653
txn_08565,user_065,87.71,USD,Spotify,US,2025-11-02T20:55:14.740657
txn_08566,user_292,4211.03,USD,AdultWorld,BR,2026-01-05T04:55:14.740660
txn_08567,user_042,1025.41,USD,QuickLoans,NG,2026-01-03T20:55:14.740664
txn_08568,user_244,88.33,USD,Starbucks,IN,2025-12-24T02:55:14.740668
txn_08569,user_440,4757.27,USD,LuxuryStore,NG,2026-01-03T16:55:14.740671
txn_08570,user_064,40.67,USD,TravelHub,IN,2025-10-18T23:55:14.740674
txn_08571,user_031,2429.38,USD,AdultWorld,CN,2026-01-03T12:55:14.740678
txn_08572,user_291,15.48,USD,Amazon,US,2025-12-15T18:55:14.740681
txn_08573,user_129,19.0,USD,Local Grocery,GB,2025-10-16T07:55:14.740686
txn_08574,user_278,21.25,USD,TravelHub,GB,2025-10-18T22:55:14.740690
txn_08575,user_197,40.99,USD,Local Grocery,GB,2025-11-30T14:55:14.740694
txn_08576,user_089,48.87,USD,Software Store,IN,2025-11-19T04:55:14.740698
txn_08577,user_476,13.88,USD,Uber,US,2025-10-19T20:55:14.740701
txn_08578,user_449,66.95,USD,Electronics Hub,US,2025-10-26T20:55:14.740705
txn_08579,user_428,1592.82,USD,Online Gaming Co,RU,2026-01-04T02:55:14.740708
txn_08580,user_259,2468.34,USD,Exotic Jewelry,NG,2026-01-03T23:55:14.740712
txn_08581,user_454,54.69,USD,Starbucks,GB,2025-11-02T00:55:14.740715
txn_08582,user_479,2546.41,USD,Online Gaming Co,NG,2026-01-04T22:55:14.740719
txn_08583,user_068,31.72,USD,Software Store,US,2025-11-07T09:55:14.740722
txn_08584,user_152,5.25,USD,Spotify,IN,2025-11-03T01:55:14.740726
txn_08585,user_068,36.5,USD,Uber,US,2025-10-06T18:55:14.740731
txn_08586,user_284,60.95,USD,Electronics Hub,GB,2025-11-29T13:55:14.740735
txn_08587,user_336,85.43,USD,Netflix,GB,2025-11-03T04:55:14.740738
txn_08588,user_276,98.42,USD,McDonalds,GB,2025-12-19T09:55:14.740742
txn_08589,user_096,12.84,USD,Electronics Hub,US,2025-11-24T00:55:14.740746
txn_08590,user_081,5.95,USD,Uber,IN,2025-12-15T22:55:14.740749
txn_08591,user_444,71.8,USD,Netflix,IN,2025-12-24T03:55:14.740753
txn_08592,user_317,716.6,USD,Online Gaming Co,RU,2026-01-04T07:55:14.740756
txn_08593,user_283,57.36,USD,Netflix,US,2025-10-08T20:55:14.740761
txn_08594,user_341,30.33,USD,Amazon,US,2025-11-14T09:55:14.740765
txn_08595,user_272,91.12,USD,Amazon,US,2025-10-07T18:55:14.740769
txn_08596,user_457,1443.48,USD,Exotic Jewelry,RU,2026-01-05T02:55:14.740772
txn_08597,user_339,75.12,USD,Software Store,US,2025-12-06T22:55:14.740775
txn_08598,user_130,1212.4,USD,QuickLoans,RU,2026-01-03T18:55:14.740779
txn_08599,user_276,43.73,USD,Local Grocery,IN,2025-12-02T00:55:14.740782
txn_08600,user_293,91.09,USD,Netflix,US,2025-10-07T05:55:14.740786
txn_08601,user_027,83.11,USD,Software Store,IN,2025-12-31T18:55:14.740791
txn_08602,user_311,714.48,USD,Online Gaming Co,CN,2026-01-04T19:55:14.740794
txn_08603,user_360,98.18,USD,TravelHub,US,2025-10-15T23:55:14.740799
txn_08604,user_080,3381.34,USD,Online Gaming Co,NG,2026-01-04T13:55:14.740803
txn_08605,user_066,49.08,USD,TravelHub,US,2025-10-20T12:55:14.740807
txn_08606,user_228,1263.03,USD,QuickLoans,BR,2026-01-05T06:55:14.740810
txn_08607,user_490,24.61,USD,TravelHub,US,2025-12-14T22:55:14.740814
txn_08608,user_148,4243.02,USD,AdultWorld,RU,2026-01-03T23:55:14.740817
txn_08609,user_415,93.05,USD,McDonalds,GB,2025-10-19T04:55:14.740821
txn_08610,user_206,4758.62,USD,QuickLoans,RU,2026-01-04T02:55:14.740824
txn_08611,user_021,51.31,USD,Spotify,GB,2025-11-02T06:55:14.740828
txn_08612,user_415,51.2,USD,McDonalds,IN,2025-12-22T23:55:14.740833
txn_08613,user_259,50.7,USD,Starbucks,IN,2025-12-13T20:55:14.740836
txn_08614,user_315,72.76,USD,Starbucks,GB,2025-10-26T07:55:14.740840
txn_08615,user_076,37.98,USD,Netflix,US,2025-11-11T10:55:14.740843
txn_08616,user_308,30.83,USD,Uber,US,2025-10-27T14:55:14.740847
txn_08617,user_302,59.17,USD,Netflix,US,2025-12-25T04:55:14.740853
txn_08618,user_237,57.35,USD,Starbucks,IN,2025-12-17T02:55:14.740857
txn_08619,user_070,62.36,USD,Spotify,IN,2025-12-07T08:55:14.740861
txn_08620,user_437,21.07,USD,Uber,GB,2025-12-22T08:55:14.740865
txn_08621,user_177,35.04,USD,Netflix,GB,2025-12-07T04:55:14.740868
txn_08622,user_323,73.44,USD,Amazon,GB,2026-01-02T23:55:14.740872
txn_08623,user_451,24.11,USD,Uber,GB,2025-10-07T04:55:14.740876
txn_08624,user_484,21.74,USD,Starbucks,US,2025-12-17T06:55:14.740879
txn_08625,user_427,4708.95,USD,AdultWorld,RU,2026-01-05T05:55:14.740882
txn_08626,user_080,60.41,USD,Software Store,GB,2025-11-30T06:55:14.740886
txn_08627,user_487,22.38,USD,Spotify,GB,2025-10-28T09:55:14.740890
txn_08628,user_176,82.99,USD,Software Store,GB,2025-12-17T18:55:14.740893
txn_08629,user_489,11.49,USD,Electronics Hub,US,2025-12-31T10:55:14.740897
txn_08630,user_217,14.91,USD,Amazon,US,2025-12-06T07:55:14.740900
txn_08631,user_464,77.26,USD,Netflix,US,2025-11-22T12:55:14.740905
txn_08632,user_134,2663.74,USD,LuxuryStore,BR,2026-01-04T08:55:14.740910
txn_08633,user_099,57.18,USD,Electronics Hub,GB,2025-12-19T00:55:14.740913
txn_08634,user_148,4597.16,USD,Online Gaming Co,RU,2026-01-05T03:55:14.740916
txn_08635,user_155,35.08,USD,Software Store,IN,2025-11-19T17:55:14.740920
txn_08636,user_411,31.65,USD,Local Grocery,GB,2025-12-12T05:55:14.740924
txn_08637,user_251,44.19,USD,McDonalds,IN,2025-12-18T17:55:14.740927
txn_08638,user_356,1545.09,USD,Online Gaming Co,BR,2026-01-04T19:55:14.740931
txn_08639,user_289,10.15,USD,McDonalds,GB,2025-11-13T22:55:14.740934
txn_08640,user_403,6.34,USD,Uber,IN,2025-12-06T00:55:14.740938
txn_08641,user_253,96.9,USD,Spotify,US,2025-10-29T04:55:14.740941
txn_08642,user_170,92.79,USD,Amazon,GB,2025-12-12T05:55:14.740945
txn_08643,user_417,31.58,USD,McDonalds,IN,2025-12-13T21:55:14.740948
txn_08644,user_296,42.08,USD,Spotify,US,2025-10-16T06:55:14.740952
txn_08645,user_029,71.46,USD,Amazon,US,2025-12-17T00:55:14.740956
txn_08646,user_407,10.67,USD,Starbucks,IN,2025-12-11T15:55:14.740959
txn_08647,user_070,19.29,USD,Amazon,GB,2025-11-23T08:55:14.740965
txn_08648,user_436,4889.51,USD,AdultWorld,CN,2026-01-04T07:55:14.740969
txn_08649,user_147,537.67,USD,QuickLoans,RU,2026-01-04T20:55:14.740974
txn_08650,user_320,43.26,USD,Starbucks,GB,2025-12-24T10:55:14.740978
txn_08651,user_129,94.42,USD,Amazon,US,2025-10-20T08:55:14.740983
txn_08652,user_355,69.28,USD,Electronics Hub,GB,2025-11-06T20:55:14.740988
txn_08653,user_365,97.19,USD,Electronics Hub,GB,2025-11-22T06:55:14.740991
txn_08654,user_156,3243.29,USD,QuickLoans,NG,2026-01-04T23:55:14.740995
txn_08655,user_456,78.83,USD,McDonalds,US,2025-12-12T01:55:14.740998
txn_08656,user_223,63.37,USD,Uber,GB,2025-10-21T13:55:14.741002
txn_08657,user_342,1409.07,USD,LuxuryStore,BR,2026-01-04T05:55:14.741005
txn_08658,user_168,56.42,USD,Local Grocery,GB,2025-11-16T15:55:14.741009
txn_08659,user_360,772.53,USD,LuxuryStore,RU,2026-01-04T15:55:14.741012
txn_08660,user_210,741.22,USD,AdultWorld,BR,2026-01-05T07:55:14.741015
txn_08661,user_131,81.14,USD,Spotify,GB,2025-11-25T15:55:14.741019
txn_08662,user_479,4908.09,USD,AdultWorld,NG,2026-01-04T08:55:14.741022
txn_08663,user_427,3624.51,USD,Online Gaming Co,RU,2026-01-03T21:55:14.741025
txn_08664,user_035,55.99,USD,Local Grocery,GB,2026-01-03T06:55:14.741029
txn_08665,user_154,57.4,USD,Netflix,IN,2025-10-24T12:55:14.741032
txn_08666,user_396,10.45,USD,Local Grocery,GB,2025-12-15T13:55:14.741036
txn_08667,user_068,1077.94,USD,Online Gaming Co,RU,2026-01-04T13:55:14.741040
txn_08668,user_010,50.13,USD,Netflix,IN,2025-11-08T08:55:14.741043
txn_08669,user_477,42.58,USD,Uber,GB,2025-10-11T18:55:14.741047
txn_08670,user_403,18.2,USD,Software Store,US,2025-11-28T10:55:14.741051
txn_08671,user_482,40.07,USD,Netflix,GB,2025-11-07T03:55:14.741055
txn_08672,user_090,18.09,USD,Uber,US,2025-12-19T06:55:14.741059
txn_08673,user_203,31.28,USD,Software Store,US,2025-10-06T10:55:14.741062
txn_08674,user_080,14.69,USD,TravelHub,GB,2025-11-01T07:55:14.741066
txn_08675,user_195,49.08,USD,TravelHub,IN,2025-10-06T12:55:14.741069
txn_08676,user_467,28.68,USD,Netflix,US,2025-12-05T20:55:14.741073
txn_08677,user_006,3856.92,USD,QuickLoans,BR,2026-01-04T12:55:14.741076
txn_08678,user_236,75.11,USD,Local Grocery,US,2025-11-29T08:55:14.741080
txn_08679,user_008,93.96,USD,Netflix,GB,2025-11-09T20:55:14.741083
txn_08680,user_278,81.67,USD,Spotify,IN,2025-12-06T23:55:14.741087
txn_08681,user_294,51.21,USD,McDonalds,IN,2025-12-31T14:55:14.741091
txn_08682,user_319,2807.06,USD,QuickLoans,NG,2026-01-05T09:55:14.741095
txn_08683,user_230,10.36,USD,Uber,IN,2025-10-24T14:55:14.741099
txn_08684,user_056,62.19,USD,Electronics Hub,IN,2025-11-17T20:55:14.741102
txn_08685,user_173,4459.36,USD,Exotic Jewelry,BR,2026-01-04T23:55:14.741105
txn_08686,user_087,19.63,USD,Uber,US,2025-10-13T02:55:14.741109
txn_08687,user_464,53.86,USD,Local Grocery,IN,2026-01-02T15:55:14.741113
txn_08688,user_152,11.99,USD,Starbucks,US,2025-11-09T14:55:14.741116
txn_08689,user_216,23.77,USD,Uber,IN,2025-12-23T18:55:14.741120
txn_08690,user_186,45.08,USD,Netflix,US,2025-12-24T06:55:14.741125
txn_08691,user_262,515.88,USD,Exotic Jewelry,RU,2026-01-04T07:55:14.741128
txn_08692,user_249,21.98,USD,Electronics Hub,IN,2025-10-15T10:55:14.741132
txn_08693,user_300,85.41,USD,Uber,US,2025-12-15T06:55:14.741135
txn_08694,user_318,24.41,USD,Software Store,GB,2025-11-04T17:55:14.741139
txn_08695,user_345,93.74,USD,Software Store,IN,2025-12-15T07:55:14.741142
txn_08696,user_306,24.86,USD,McDonalds,US,2025-10-20T10:55:14.741146
txn_08697,user_344,35.29,USD,Spotify,US,2025-12-31T22:55:14.741150
txn_08698,user_413,39.53,USD,Uber,US,2026-01-02T03:55:14.741153
txn_08699,user_189,94.14,USD,Spotify,US,2025-11-07T22:55:14.741157
txn_08700,user_470,71.54,USD,Netflix,US,2025-10-11T03:55:14.741161
txn_08701,user_448,55.45,USD,Amazon,US,2025-11-24T18:55:14.741164
txn_08702,user_431,49.76,USD,Electronics Hub,GB,2025-10-14T11:55:14.741167
txn_08703,user_140,89.46,USD,TravelHub,US,2025-10-15T03:55:14.741171
txn_08704,user_353,72.48,USD,Starbucks,GB,2025-11-26T16:55:14.741176
txn_08705,user_123,60.04,USD,Netflix,GB,2025-12-13T09:55:14.741180
txn_08706,user_252,95.57,USD,McDonalds,US,2025-12-12T02:55:14.741184
txn_08707,user_070,1558.48,USD,Online Gaming Co,NG,2026-01-04T22:55:14.741187
txn_08708,user_472,93.17,USD,Netflix,US,2025-11-17T23:55:14.741192
txn_08709,user_412,97.57,USD,Starbucks,US,2025-12-19T07:55:14.741198
txn_08710,user_050,55.87,USD,TravelHub,GB,2025-11-12T15:55:14.741203
txn_08711,user_185,25.63,USD,Netflix,IN,2025-10-12T14:55:14.741207
txn_08712,user_426,3553.48,USD,Exotic Jewelry,BR,2026-01-03T18:55:14.741210
txn_08713,user_434,3285.98,USD,AdultWorld,BR,2026-01-04T17:55:14.741214
txn_08714,user_192,1078.96,USD,QuickLoans,NG,2026-01-04T13:55:14.741218
txn_08715,user_447,57.91,USD,McDonalds,US,2025-10-14T22:55:14.741221
txn_08716,user_375,79.6,USD,McDonalds,IN,2026-01-01T14:55:14.741225
txn_08717,user_340,6.51,USD,TravelHub,US,2025-11-28T14:55:14.741228
txn_08718,user_070,47.84,USD,Local Grocery,US,2025-12-04T18:55:14.741232
txn_08719,user_458,86.23,USD,Netflix,GB,2025-11-29T04:55:14.741235
txn_08720,user_138,1284.82,USD,QuickLoans,RU,2026-01-05T02:55:14.741238
txn_08721,user_276,44.79,USD,McDonalds,US,2025-11-24T13:55:14.741242
txn_08722,user_433,48.04,USD,Uber,IN,2025-10-15T18:55:14.741245
txn_08723,user_355,3268.69,USD,Online Gaming Co,NG,2026-01-03T15:55:14.741248
txn_08724,user_398,9.25,USD,Local Grocery,US,2025-12-13T22:55:14.741252
txn_08725,user_057,77.54,USD,Spotify,US,2025-11-16T06:55:14.741255
txn_08726,user_469,78.88,USD,Amazon,GB,2025-11-19T03:55:14.741259
txn_08727,user_415,46.82,USD,Local Grocery,US,2025-12-18T12:55:14.741262
txn_08728,user_418,32.66,USD,Software Store,GB,2025-11-30T18:55:14.741266
txn_08729,user_027,94.38,USD,Amazon,IN,2025-11-30T06:55:14.741270
txn_08730,user_313,75.82,USD,Electronics Hub,IN,2025-12-10T01:55:14.741274
txn_08731,user_114,43.2,USD,Spotify,GB,2025-12-18T06:55:14.741278
txn_08732,user_078,65.13,USD,Netflix,GB,2025-12-24T22:55:14.741281
txn_08733,user_464,75.19,USD,TravelHub,IN,2025-12-21T00:55:14.741285
txn_08734,user_102,61.88,USD,McDonalds,US,2025-10-19T12:55:14.741288
txn_08735,user_473,6.78,USD,Starbucks,GB,2025-11-15T04:55:14.741292
txn_08736,user_383,28.06,USD,Amazon,IN,2025-11-11T16:55:14.741295
txn_08737,user_276,7.57,USD,Amazon,IN,2025-10-31T07:55:14.741299
txn_08738,user_056,83.9,USD,Starbucks,GB,2025-12-06T07:55:14.741302
txn_08739,user_366,639.87,USD,Online Gaming Co,CN,2026-01-03T19:55:14.741305
txn_08740,user_305,1123.02,USD,QuickLoans,CN,2026-01-04T01:55:14.741309
txn_08741,user_280,69.23,USD,Amazon,US,2025-11-10T21:55:14.741312
txn_08742,user_362,21.34,USD,Spotify,US,2025-11-15T23:55:14.741315
txn_08743,user_419,89.49,USD,TravelHub,IN,2025-10-10T21:55:14.741319
txn_08744,user_027,61.11,USD,Uber,IN,2025-12-04T04:55:14.741322
txn_08745,user_273,51.19,USD,Uber,GB,2025-11-13T17:55:14.741327
txn_08746,user_259,68.46,USD,Spotify,US,2025-11-10T18:55:14.741331
txn_08747,user_184,56.81,USD,TravelHub,GB,2025-12-12T10:55:14.741335
txn_08748,user_239,569.65,USD,Online Gaming Co,NG,2026-01-04T05:55:14.741338
txn_08749,user_225,2767.74,USD,Exotic Jewelry,NG,2026-01-05T01:55:14.741343
txn_08750,user_153,87.48,USD,Starbucks,US,2025-12-14T02:55:14.741346
txn_08751,user_013,37.82,USD,TravelHub,US,2025-10-07T14:55:14.741350
txn_08752,user_056,26.57,USD,Amazon,IN,2025-12-25T22:55:14.741354
txn_08753,user_095,77.47,USD,Software Store,GB,2025-11-21T23:55:14.741357
txn_08754,user_095,95.09,USD,McDonalds,IN,2025-12-31T22:55:14.741362
txn_08755,user_013,3800.44,USD,Online Gaming Co,CN,2026-01-04T19:55:14.741366
txn_08756,user_124,39.74,USD,Software Store,IN,2025-12-27T10:55:14.741369
txn_08757,user_275,30.13,USD,Starbucks,GB,2025-11-20T00:55:14.741373
txn_08758,user_211,14.29,USD,Netflix,US,2025-10-29T14:55:14.741376
txn_08759,user_113,29.13,USD,TravelHub,GB,2025-11-11T20:55:14.741381
txn_08760,user_407,590.27,USD,AdultWorld,NG,2026-01-04T23:55:14.741384
txn_08761,user_191,25.12,USD,TravelHub,IN,2025-10-14T10:55:14.741388
txn_08762,user_406,92.3,USD,Local Grocery,GB,2025-11-08T17:55:14.741392
txn_08763,user_009,22.54,USD,Netflix,GB,2025-10-27T03:55:14.741395
txn_08764,user_421,3849.04,USD,LuxuryStore,RU,2026-01-03T11:55:14.741398
txn_08765,user_337,70.29,USD,Netflix,US,2025-12-26T04:55:14.741402
txn_08766,user_022,87.27,USD,Software Store,GB,2026-01-03T09:55:14.741405
txn_08767,user_138,70.44,USD,McDonalds,IN,2025-10-18T06:55:14.741409
txn_08768,user_020,57.32,USD,Uber,IN,2025-11-09T06:55:14.741414
txn_08769,user_017,65.98,USD,Starbucks,US,2025-11-16T08:55:14.741417
txn_08770,user_323,6.12,USD,McDonalds,US,2025-12-08T17:55:14.741421
txn_08771,user_191,67.62,USD,Starbucks,US,2025-12-09T07:55:14.741425
txn_08772,user_317,4085.41,USD,Exotic Jewelry,NG,2026-01-04T02:55:14.741428
txn_08773,user_387,47.07,USD,Uber,GB,2025-10-13T15:55:14.741431
txn_08774,user_062,80.9,USD,Netflix,GB,2025-12-03T10:55:14.741435
txn_08775,user_290,83.84,USD,Uber,GB,2025-12-04T17:55:14.741438
txn_08776,user_194,74.3,USD,Amazon,US,2025-11-16T20:55:14.741442
txn_08777,user_398,16.43,USD,McDonalds,GB,2025-10-12T17:55:14.741446
txn_08778,user_230,91.97,USD,TravelHub,IN,2025-11-03T04:55:14.741450
txn_08779,user_359,21.22,USD,Software Store,IN,2025-10-22T20:55:14.741454
txn_08780,user_293,80.25,USD,Software Store,IN,2025-12-05T03:55:14.741457
txn_08781,user_037,49.02,USD,McDonalds,US,2025-11-08T14:55:14.741460
txn_08782,user_258,29.3,USD,Electronics Hub,GB,2025-10-22T01:55:14.741464
txn_08783,user_418,61.14,USD,Spotify,GB,2025-11-03T13:55:14.741468
txn_08784,user_026,54.33,USD,Starbucks,IN,2025-11-10T07:55:14.741471
txn_08785,user_013,94.77,USD,Software Store,GB,2025-10-19T23:55:14.741474
txn_08786,user_187,60.08,USD,Uber,US,2026-01-03T09:55:14.741478
txn_08787,user_395,20.02,USD,TravelHub,GB,2025-12-02T20:55:14.741481
txn_08788,user_057,73.58,USD,McDonalds,GB,2026-01-02T16:55:14.741486
txn_08789,user_380,73.75,USD,Software Store,IN,2025-12-03T21:55:14.741490
txn_08790,user_314,88.4,USD,Netflix,GB,2025-12-14T12:55:14.741494
txn_08791,user_206,39.03,USD,McDonalds,GB,2025-11-24T21:55:14.741497
txn_08792,user_220,21.75,USD,Spotify,IN,2026-01-01T06:55:14.741501
txn_08793,user_233,32.55,USD,Netflix,US,2025-12-07T21:55:14.741504
txn_08794,user_083,44.45,USD,TravelHub,GB,2025-12-04T10:55:14.741508
txn_08795,user_413,4983.66,USD,LuxuryStore,RU,2026-01-03T12:55:14.741511
txn_08796,user_178,39.3,USD,Software Store,GB,2025-11-05T17:55:14.741515
txn_08797,user_200,4284.65,USD,LuxuryStore,RU,2026-01-04T09:55:14.741518
txn_08798,user_386,45.43,USD,Amazon,IN,2025-11-09T10:55:14.741521
txn_08799,user_072,71.05,USD,Amazon,US,2025-12-14T09:55:14.741525
txn_08800,user_089,48.28,USD,Starbucks,IN,2025-12-27T23:55:14.741528
txn_08801,user_243,54.52,USD,Electronics Hub,US,2025-10-22T08:55:14.741532
txn_08802,user_053,13.45,USD,Software Store,IN,2025-10-08T19:55:14.741535
txn_08803,user_090,2465.03,USD,QuickLoans,CN,2026-01-04T14:55:14.741539
txn_08804,user_364,40.27,USD,Software Store,IN,2025-10-25T18:55:14.741543
txn_08805,user_391,94.21,USD,Electronics Hub,GB,2025-11-06T16:55:14.741547
txn_08806,user_209,10.17,USD,Uber,GB,2025-10-29T14:55:14.741551
txn_08807,user_112,50.17,USD,Netflix,GB,2025-11-14T22:55:14.741556
txn_08808,user_236,82.14,USD,Local Grocery,US,2025-10-08T12:55:14.741561
txn_08809,user_353,25.9,USD,Uber,GB,2025-11-04T03:55:14.741567
txn_08810,user_066,45.28,USD,Software Store,IN,2025-11-02T22:55:14.741571
txn_08811,user_462,37.19,USD,TravelHub,IN,2025-12-30T02:55:14.741575
txn_08812,user_298,21.53,USD,Spotify,IN,2025-11-21T21:55:14.741578
txn_08813,user_400,94.27,USD,Uber,US,2025-10-10T02:55:14.741582
txn_08814,user_324,35.84,USD,Netflix,IN,2025-10-31T12:55:14.741586
txn_08815,user_180,71.45,USD,Amazon,IN,2025-12-14T16:55:14.741589
txn_08816,user_291,28.57,USD,TravelHub,GB,2025-11-21T23:55:14.741593
txn_08817,user_315,35.08,USD,TravelHub,GB,2025-11-18T19:55:14.741596
txn_08818,user_488,11.9,USD,Electronics Hub,US,2025-12-24T20:55:14.741599
txn_08819,user_083,27.28,USD,Uber,GB,2025-10-27T23:55:14.741603
txn_08820,user_215,71.89,USD,Software Store,IN,2025-12-10T12:55:14.741606
txn_08821,user_469,91.43,USD,Electronics Hub,US,2025-11-11T13:55:14.741610
txn_08822,user_457,4526.25,USD,Online Gaming Co,RU,2026-01-04T00:55:14.741613
txn_08823,user_365,60.95,USD,Local Grocery,IN,2025-10-31T07:55:14.741617
txn_08824,user_155,78.67,USD,Amazon,GB,2025-12-05T12:55:14.741620
txn_08825,user_405,97.24,USD,Netflix,IN,2025-11-01T04:55:14.741624
txn_08826,user_115,97.69,USD,Software Store,US,2025-11-20T04:55:14.741627
txn_08827,user_249,11.44,USD,TravelHub,GB,2025-11-03T14:55:14.741632
txn_08828,user_234,45.27,USD,Amazon,GB,2025-12-08T10:55:14.741636
txn_08829,user_226,90.47,USD,Amazon,IN,2025-12-27T23:55:14.741639
txn_08830,user_127,34.72,USD,Electronics Hub,IN,2025-11-14T16:55:14.741643
txn_08831,user_464,47.28,USD,Uber,IN,2025-11-04T11:55:14.741646
txn_08832,user_199,10.19,USD,Software Store,IN,2025-10-22T00:55:14.741650
txn_08833,user_199,77.47,USD,McDonalds,US,2025-10-31T17:55:14.741653
txn_08834,user_218,12.91,USD,Local Grocery,US,2025-10-17T16:55:14.741657
txn_08835,user_193,39.18,USD,Starbucks,IN,2025-10-24T03:55:14.741660
txn_08836,user_100,87.51,USD,Netflix,GB,2025-12-15T12:55:14.741664
txn_08837,user_108,3021.2,USD,Exotic Jewelry,RU,2026-01-04T17:55:14.741668
txn_08838,user_241,60.6,USD,Electronics Hub,US,2025-11-10T12:55:14.741671
txn_08839,user_004,20.67,USD,McDonalds,IN,2025-11-04T22:55:14.741675
txn_08840,user_274,36.68,USD,Netflix,IN,2025-11-26T05:55:14.741679
txn_08841,user_354,23.47,USD,Electronics Hub,GB,2025-11-08T17:55:14.741683
txn_08842,user_234,28.63,USD,Starbucks,GB,2025-10-22T06:55:14.741687
txn_08843,user_476,6.63,USD,Starbucks,US,2025-10-06T21:55:14.741691
txn_08844,user_388,84.65,USD,Starbucks,US,2025-11-13T00:55:14.741694
txn_08845,user_117,82.87,USD,TravelHub,IN,2025-12-17T00:55:14.741698
txn_08846,user_365,84.1,USD,Electronics Hub,GB,2025-10-11T11:55:14.741703
txn_08847,user_359,91.83,USD,Local Grocery,US,2025-10-29T04:55:14.741707
txn_08848,user_186,4734.73,USD,QuickLoans,NG,2026-01-04T03:55:14.741710
txn_08849,user_425,80.13,USD,TravelHub,IN,2025-11-04T17:55:14.741714
txn_08850,user_170,92.15,USD,Starbucks,GB,2025-10-15T06:55:14.741718
txn_08851,user_299,80.73,USD,Netflix,US,2025-10-13T22:55:14.741721
txn_08852,user_154,98.6,USD,Software Store,US,2025-11-02T08:55:14.741725
txn_08853,user_034,51.07,USD,Local Grocery,US,2025-12-05T08:55:14.741728
txn_08854,user_060,28.05,USD,McDonalds,US,2025-12-07T02:55:14.741732
txn_08855,user_208,59.66,USD,Software Store,US,2025-12-28T04:55:14.741735
txn_08856,user_222,55.57,USD,Uber,GB,2026-01-01T20:55:14.741740
txn_08857,user_270,42.1,USD,TravelHub,US,2025-12-28T00:55:14.741744
txn_08858,user_233,61.69,USD,Netflix,GB,2025-12-21T00:55:14.741747
txn_08859,user_125,76.97,USD,Spotify,US,2025-12-18T12:55:14.741751
txn_08860,user_165,97.49,USD,Netflix,GB,2025-12-05T10:55:14.741754
txn_08861,user_291,67.13,USD,Spotify,GB,2025-12-15T10:55:14.741758
txn_08862,user_191,88.01,USD,Local Grocery,US,2025-10-21T15:55:14.741761
txn_08863,user_320,558.37,USD,LuxuryStore,BR,2026-01-04T13:55:14.741765
txn_08864,user_077,58.72,USD,Electronics Hub,US,2025-12-22T02:55:14.741769
txn_08865,user_470,52.44,USD,Starbucks,IN,2025-12-02T22:55:14.741772
txn_08866,user_163,7.2,USD,Software Store,US,2025-12-05T15:55:14.741777
txn_08867,user_044,71.21,USD,Software Store,US,2025-10-25T22:55:14.741781
txn_08868,user_112,4329.59,USD,Online Gaming Co,BR,2026-01-03T10:55:14.741784
txn_08869,user_469,6.53,USD,Uber,US,2025-12-22T06:55:14.741788
txn_08870,user_436,48.6,USD,Amazon,IN,2025-11-22T21:55:14.741791
txn_08871,user_093,6.42,USD,Uber,GB,2025-12-22T21:55:14.741794
txn_08872,user_147,52.39,USD,Spotify,IN,2025-12-04T02:55:14.741800
txn_08873,user_351,92.08,USD,Local Grocery,US,2025-10-12T19:55:14.741803
txn_08874,user_251,42.51,USD,Netflix,US,2025-12-10T15:55:14.741807
txn_08875,user_441,1578.15,USD,Online Gaming Co,CN,2026-01-04T10:55:14.741811
txn_08876,user_013,16.19,USD,Starbucks,IN,2025-10-23T13:55:14.741814
txn_08877,user_398,16.79,USD,TravelHub,IN,2025-11-23T23:55:14.741818
txn_08878,user_079,15.42,USD,TravelHub,IN,2025-11-17T05:55:14.741821
txn_08879,user_448,12.94,USD,Software Store,US,2026-01-03T06:55:14.741825
txn_08880,user_408,81.7,USD,Local Grocery,US,2025-11-12T11:55:14.741828
txn_08881,user_279,61.05,USD,Electronics Hub,US,2025-12-24T20:55:14.741832
txn_08882,user_332,35.1,USD,Amazon,GB,2025-12-02T14:55:14.741836
txn_08883,user_041,53.63,USD,Local Grocery,GB,2025-11-27T15:55:14.741839
txn_08884,user_089,70.99,USD,Starbucks,US,2025-10-25T18:55:14.741843
txn_08885,user_074,79.52,USD,Electronics Hub,GB,2026-01-01T17:55:14.741848
txn_08886,user_080,16.65,USD,Netflix,IN,2025-10-14T04:55:14.741851
txn_08887,user_074,81.17,USD,Spotify,IN,2025-11-24T06:55:14.741856
txn_08888,user_494,78.21,USD,Starbucks,IN,2025-12-02T14:55:14.741860
txn_08889,user_455,63.14,USD,McDonalds,US,2025-12-10T01:55:14.741864
txn_08890,user_123,13.7,USD,Amazon,US,2025-11-06T19:55:14.741867
txn_08891,user_143,73.06,USD,Spotify,US,2025-11-16T20:55:14.741871
txn_08892,user_437,36.55,USD,Starbucks,GB,2026-01-02T03:55:14.741874
txn_08893,user_341,17.04,USD,TravelHub,GB,2025-11-06T11:55:14.741878
txn_08894,user_194,54.53,USD,McDonalds,IN,2025-10-30T01:55:14.741881
txn_08895,user_130,4342.76,USD,AdultWorld,RU,2026-01-04T07:55:14.741885
txn_08896,user_353,2476.62,USD,Online Gaming Co,BR,2026-01-05T01:55:14.741888
txn_08897,user_147,65.17,USD,Amazon,US,2025-12-31T18:55:14.741891
txn_08898,user_125,5.5,USD,Netflix,US,2025-12-10T06:55:14.741895
txn_08899,user_247,82.32,USD,TravelHub,GB,2025-11-07T04:55:14.741899
txn_08900,user_484,70.97,USD,Starbucks,US,2025-11-10T03:55:14.741902
txn_08901,user_395,28.85,USD,Electronics Hub,US,2026-01-04T02:55:14.741906
txn_08902,user_453,36.98,USD,Electronics Hub,GB,2025-10-12T06:55:14.741909
txn_08903,user_476,82.71,USD,Starbucks,IN,2025-12-27T14:55:14.741913
txn_08904,user_339,56.33,USD,McDonalds,US,2025-11-27T17:55:14.741919
txn_08905,user_108,80.44,USD,McDonalds,IN,2026-01-01T21:55:14.741924
txn_08906,user_157,13.64,USD,Local Grocery,GB,2025-12-23T18:55:14.741928
txn_08907,user_325,12.72,USD,Amazon,GB,2025-11-06T15:55:14.741932
txn_08908,user_335,4517.08,USD,QuickLoans,RU,2026-01-04T14:55:14.741935
txn_08909,user_028,90.88,USD,Software Store,US,2025-12-03T03:55:14.741940
txn_08910,user_330,38.02,USD,Netflix,US,2025-11-25T09:55:14.741944
txn_08911,user_301,5.66,USD,Amazon,GB,2025-10-28T15:55:14.741947
txn_08912,user_495,90.2,USD,Electronics Hub,GB,2025-12-22T22:55:14.741951
txn_08913,user_340,96.96,USD,Starbucks,GB,2025-10-17T21:55:14.741955
txn_08914,user_236,94.18,USD,Local Grocery,IN,2025-11-28T12:55:14.741958
txn_08915,user_413,2267.87,USD,AdultWorld,NG,2026-01-03T16:55:14.741962
txn_08916,user_246,30.17,USD,TravelHub,IN,2025-12-10T09:55:14.741965
txn_08917,user_452,45.51,USD,Software Store,US,2025-10-13T14:55:14.741969
txn_08918,user_242,2424.58,USD,Exotic Jewelry,BR,2026-01-04T15:55:14.741972
txn_08919,user_161,65.32,USD,Starbucks,GB,2025-12-24T05:55:14.741976
txn_08920,user_331,29.58,USD,Starbucks,GB,2025-11-21T17:55:14.741980
txn_08921,user_142,36.82,USD,Electronics Hub,US,2025-11-26T10:55:14.741984
txn_08922,user_491,5.91,USD,Electronics Hub,IN,2025-11-18T10:55:14.741988
txn_08923,user_342,11.96,USD,McDonalds,IN,2025-11-07T16:55:14.741992
txn_08924,user_235,78.45,USD,TravelHub,IN,2025-10-17T04:55:14.741996
txn_08925,user_304,70.56,USD,Amazon,IN,2025-11-12T23:55:14.742000
txn_08926,user_014,94.19,USD,Local Grocery,US,2025-12-17T04:55:14.742003
txn_08927,user_163,37.05,USD,Spotify,GB,2025-10-21T13:55:14.742007
txn_08928,user_369,25.14,USD,Local Grocery,IN,2025-10-11T02:55:14.742010
txn_08929,user_365,18.53,USD,McDonalds,GB,2025-10-27T18:55:14.742014
txn_08930,user_263,82.79,USD,McDonalds,US,2025-10-14T00:55:14.742017
txn_08931,user_487,25.76,USD,Local Grocery,GB,2025-11-27T07:55:14.742020
txn_08932,user_112,58.8,USD,Local Grocery,IN,2025-11-05T08:55:14.742024
txn_08933,user_416,84.55,USD,Software Store,US,2025-11-28T17:55:14.742027
txn_08934,user_175,69.56,USD,Spotify,US,2025-11-25T05:55:14.742031
txn_08935,user_197,13.08,USD,Software Store,IN,2025-10-24T20:55:14.742035
txn_08936,user_066,39.5,USD,Amazon,GB,2025-12-01T02:55:14.742039
txn_08937,user_192,6.19,USD,Spotify,US,2025-11-02T12:55:14.742043
txn_08938,user_159,48.11,USD,Local Grocery,US,2025-12-30T13:55:14.742047
txn_08939,user_349,4602.2,USD,AdultWorld,RU,2026-01-04T14:55:14.742050
txn_08940,user_264,60.54,USD,TravelHub,IN,2025-10-22T03:55:14.742054
txn_08941,user_316,68.59,USD,Uber,GB,2025-11-01T12:55:14.742057
txn_08942,user_318,2456.09,USD,Online Gaming Co,NG,2026-01-04T02:55:14.742060
txn_08943,user_414,45.36,USD,Netflix,IN,2026-01-05T04:55:14.742064
txn_08944,user_426,71.67,USD,Spotify,US,2025-12-05T12:55:14.742069
txn_08945,user_063,51.69,USD,Local Grocery,US,2025-12-04T07:55:14.742072
txn_08946,user_164,49.91,USD,Software Store,US,2025-12-02T05:55:14.742076
txn_08947,user_468,80.18,USD,Software Store,GB,2025-12-07T03:55:14.742079
txn_08948,user_212,88.17,USD,Electronics Hub,GB,2025-12-10T03:55:14.742083
txn_08949,user_446,43.75,USD,McDonalds,US,2025-11-24T10:55:14.742087
txn_08950,user_455,63.74,USD,Uber,GB,2025-11-20T00:55:14.742090
txn_08951,user_056,59.58,USD,Uber,US,2025-12-29T10:55:14.742094
txn_08952,user_392,30.95,USD,Software Store,GB,2025-11-04T04:55:14.742097
txn_08953,user_473,20.83,USD,Amazon,IN,2025-12-14T04:55:14.742100
txn_08954,user_160,66.5,USD,Software Store,US,2025-12-22T11:55:14.742104
txn_08955,user_452,21.8,USD,Uber,IN,2025-11-13T09:55:14.742107
txn_08956,user_349,14.81,USD,McDonalds,GB,2025-12-01T09:55:14.742111
txn_08957,user_044,15.98,USD,Local Grocery,IN,2025-11-25T09:55:14.742114
txn_08958,user_447,1199.65,USD,Online Gaming Co,RU,2026-01-05T02:55:14.742118
txn_08959,user_385,669.27,USD,QuickLoans,CN,2026-01-03T20:55:14.742122
txn_08960,user_093,8.88,USD,Amazon,IN,2025-10-17T06:55:14.742126
txn_08961,user_426,59.51,USD,Electronics Hub,GB,2025-12-16T08:55:14.742130
txn_08962,user_356,88.55,USD,McDonalds,GB,2025-10-06T20:55:14.742133
txn_08963,user_492,9.57,USD,McDonalds,IN,2026-01-03T12:55:14.742138
txn_08964,user_356,1309.12,USD,QuickLoans,RU,2026-01-04T06:55:14.742141
txn_08965,user_414,73.97,USD,Starbucks,IN,2025-10-17T15:55:14.742145
txn_08966,user_039,35.19,USD,McDonalds,IN,2025-10-26T06:55:14.742148
txn_08967,user_083,2332.55,USD,LuxuryStore,BR,2026-01-04T08:55:14.742152
txn_08968,user_263,6.24,USD,Local Grocery,GB,2025-11-05T17:55:14.742156
txn_08969,user_176,4671.46,USD,LuxuryStore,CN,2026-01-03T12:55:14.742160
txn_08970,user_334,11.54,USD,Starbucks,GB,2025-11-30T12:55:14.742163
txn_08971,user_424,9.09,USD,Starbucks,IN,2025-10-26T16:55:14.742167
txn_08972,user_329,76.75,USD,Local Grocery,IN,2025-11-13T08:55:14.742171
txn_08973,user_093,29.12,USD,McDonalds,IN,2025-11-26T17:55:14.742174
txn_08974,user_498,72.26,USD,Starbucks,GB,2025-12-26T21:55:14.742177
txn_08975,user_469,31.85,USD,Amazon,GB,2025-11-07T03:55:14.742181
txn_08976,user_247,41.05,USD,McDonalds,US,2025-10-29T13:55:14.742184
txn_08977,user_077,2212.8,USD,Exotic Jewelry,RU,2026-01-04T09:55:14.742188
txn_08978,user_108,11.72,USD,TravelHub,US,2025-11-21T15:55:14.742192
txn_08979,user_410,30.05,USD,Local Grocery,IN,2025-11-15T03:55:14.742195
txn_08980,user_138,70.08,USD,Electronics Hub,US,2025-10-19T23:55:14.742199
txn_08981,user_258,49.71,USD,Software Store,GB,2025-12-17T12:55:14.742202
txn_08982,user_337,43.01,USD,Spotify,IN,2025-12-11T13:55:14.742206
txn_08983,user_071,36.02,USD,Amazon,IN,2025-12-13T12:55:14.742211
txn_08984,user_380,75.61,USD,Amazon,IN,2025-11-14T01:55:14.742214
txn_08985,user_121,12.42,USD,Starbucks,GB,2025-12-05T17:55:14.742218
txn_08986,user_417,94.24,USD,TravelHub,IN,2025-11-15T21:55:14.742222
txn_08987,user_081,68.26,USD,TravelHub,GB,2025-12-25T08:55:14.742225
txn_08988,user_361,71.8,USD,McDonalds,US,2025-11-18T08:55:14.742229
txn_08989,user_210,3801.76,USD,LuxuryStore,BR,2026-01-04T07:55:14.742232
txn_08990,user_025,16.47,USD,Software Store,GB,2025-11-09T01:55:14.742235
txn_08991,user_118,96.35,USD,Amazon,IN,2025-11-04T03:55:14.742239
txn_08992,user_210,4055.11,USD,AdultWorld,RU,2026-01-04T09:55:14.742242
txn_08993,user_093,89.12,USD,Starbucks,IN,2025-10-31T09:55:14.742245
txn_08994,user_345,34.01,USD,Uber,IN,2025-12-01T05:55:14.742249
txn_08995,user_390,11.5,USD,Uber,US,2025-12-24T06:55:14.742252
txn_08996,user_418,28.08,USD,McDonalds,GB,2025-10-08T18:55:14.742256
txn_08997,user_442,2590.07,USD,QuickLoans,NG,2026-01-03T15:55:14.742259
txn_08998,user_438,92.23,USD,Amazon,US,2025-11-09T22:55:14.742262
txn_08999,user_436,1795.91,USD,LuxuryStore,CN,2026-01-04T08:55:14.742265
txn_09000,user_007,59.0,USD,McDonalds,GB,2025-12-12T09:55:14.742270
txn_09001,user_217,27.05,USD,Uber,GB,2025-12-30T17:55:14.742274
txn_09002,user_226,65.2,USD,McDonalds,US,2025-10-07T14:55:14.742279
txn_09003,user_199,53.13,USD,Electronics Hub,GB,2025-11-02T22:55:14.742282
txn_09004,user_215,38.21,USD,Spotify,IN,2025-10-24T08:55:14.742286
txn_09005,user_053,15.9,USD,Local Grocery,US,2025-11-26T07:55:14.742289
txn_09006,user_037,2179.69,USD,AdultWorld,CN,2026-01-04T11:55:14.742293
txn_09007,user_399,44.05,USD,Amazon,GB,2025-11-27T07:55:14.742296
txn_09008,user_221,45.52,USD,Local Grocery,IN,2025-11-06T11:55:14.742300
txn_09009,user_343,2739.77,USD,QuickLoans,BR,2026-01-03T16:55:14.742303
txn_09010,user_095,69.87,USD,Local Grocery,IN,2025-11-24T17:55:14.742308
txn_09011,user_386,93.39,USD,Starbucks,GB,2026-01-02T15:55:14.742311
txn_09012,user_152,13.51,USD,TravelHub,IN,2025-10-15T22:55:14.742315
txn_09013,user_340,80.52,USD,Electronics Hub,US,2025-10-27T20:55:14.742320
txn_09014,user_028,25.8,USD,Netflix,IN,2025-10-16T21:55:14.742324
txn_09015,user_108,14.74,USD,Uber,GB,2025-12-22T06:55:14.742327
txn_09016,user_025,967.53,USD,QuickLoans,RU,2026-01-04T17:55:14.742331
txn_09017,user_146,52.4,USD,McDonalds,GB,2025-10-19T16:55:14.742335
txn_09018,user_046,55.93,USD,Software Store,US,2025-11-19T11:55:14.742338
txn_09019,user_434,41.03,USD,Starbucks,IN,2025-12-09T06:55:14.742342
txn_09020,user_194,56.56,USD,Uber,US,2025-12-22T18:55:14.742346
txn_09021,user_014,55.55,USD,Netflix,GB,2025-11-13T01:55:14.742349
txn_09022,user_200,23.85,USD,Netflix,GB,2025-11-23T19:55:14.742354
txn_09023,user_373,5.65,USD,Local Grocery,GB,2025-11-07T09:55:14.742358
txn_09024,user_041,31.17,USD,Local Grocery,US,2025-12-04T00:55:14.742361
txn_09025,user_053,7.33,USD,Local Grocery,US,2026-01-02T13:55:14.742365
txn_09026,user_135,2758.55,USD,Online Gaming Co,CN,2026-01-03T11:55:14.742368
txn_09027,user_488,81.02,USD,Starbucks,GB,2025-12-17T05:55:14.742372
txn_09028,user_332,3068.9,USD,QuickLoans,BR,2026-01-05T05:55:14.742375
txn_09029,user_006,35.68,USD,Starbucks,GB,2025-12-26T10:55:14.742379
txn_09030,user_121,53.35,USD,Starbucks,US,2025-12-16T23:55:14.742383
txn_09031,user_115,2965.58,USD,Online Gaming Co,NG,2026-01-04T06:55:14.742386
txn_09032,user_127,93.38,USD,Amazon,GB,2025-11-28T15:55:14.742391
txn_09033,user_314,1838.77,USD,Online Gaming Co,BR,2026-01-04T23:55:14.742394
txn_09034,user_431,97.18,USD,Spotify,IN,2025-11-26T10:55:14.742399
txn_09035,user_492,3516.68,USD,Online Gaming Co,BR,2026-01-03T15:55:14.742402
txn_09036,user_147,50.77,USD,Amazon,IN,2025-11-01T15:55:14.742406
txn_09037,user_236,52.45,USD,Spotify,GB,2025-10-07T23:55:14.742409
txn_09038,user_115,91.89,USD,Local Grocery,US,2025-12-28T18:55:14.742413
txn_09039,user_419,70.78,USD,McDonalds,GB,2025-12-24T06:55:14.742417
txn_09040,user_478,95.73,USD,TravelHub,IN,2025-12-19T01:55:14.742420
txn_09041,user_226,847.57,USD,LuxuryStore,RU,2026-01-04T07:55:14.742425
txn_09042,user_272,66.02,USD,Electronics Hub,IN,2025-10-14T23:55:14.742429
txn_09043,user_470,57.02,USD,McDonalds,GB,2025-12-02T05:55:14.742433
txn_09044,user_120,40.14,USD,Local Grocery,IN,2025-10-28T22:55:14.742436
txn_09045,user_303,82.79,USD,TravelHub,IN,2025-11-22T01:55:14.742440
txn_09046,user_478,28.01,USD,Spotify,IN,2025-12-20T15:55:14.742444
txn_09047,user_408,8.41,USD,Netflix,GB,2025-12-27T22:55:14.742447
txn_09048,user_123,84.47,USD,Netflix,GB,2025-11-29T14:55:14.742451
txn_09049,user_266,72.24,USD,Spotify,GB,2026-01-02T11:55:14.742454
txn_09050,user_427,32.23,USD,Electronics Hub,IN,2025-11-27T03:55:14.742458
txn_09051,user_371,75.13,USD,TravelHub,GB,2025-11-20T21:55:14.742462
txn_09052,user_328,10.31,USD,Netflix,IN,2025-11-05T12:55:14.742466
txn_09053,user_422,83.99,USD,Local Grocery,GB,2025-11-25T23:55:14.742469
txn_09054,user_140,83.4,USD,Starbucks,IN,2025-11-18T02:55:14.742473
txn_09055,user_473,4191.49,USD,Online Gaming Co,RU,2026-01-03T22:55:14.742476
txn_09056,user_322,84.07,USD,Software Store,US,2025-12-11T13:55:14.742480
txn_09057,user_212,74.15,USD,Spotify,IN,2025-12-31T15:55:14.742483
txn_09058,user_437,46.7,USD,TravelHub,US,2025-11-20T19:55:14.742487
txn_09059,user_353,85.36,USD,Starbucks,US,2025-12-08T00:55:14.742490
txn_09060,user_330,76.67,USD,Software Store,US,2025-10-15T03:55:14.742496
txn_09061,user_022,19.0,USD,Uber,US,2025-12-06T01:55:14.742501
txn_09062,user_082,3340.33,USD,Online Gaming Co,BR,2026-01-04T22:55:14.742504
txn_09063,user_414,30.71,USD,Software Store,US,2025-12-31T20:55:14.742509
txn_09064,user_099,8.81,USD,Starbucks,US,2026-01-01T07:55:14.742513
txn_09065,user_161,38.2,USD,TravelHub,IN,2025-12-18T07:55:14.742517
txn_09066,user_188,29.39,USD,Spotify,GB,2025-11-03T07:55:14.742520
txn_09067,user_426,98.5,USD,Amazon,GB,2025-12-04T19:55:14.742524
txn_09068,user_368,92.02,USD,Software Store,US,2025-11-20T01:55:14.742528
txn_09069,user_452,69.2,USD,TravelHub,US,2025-12-11T04:55:14.742531
txn_09070,user_146,66.73,USD,Spotify,IN,2025-12-24T15:55:14.742535
txn_09071,user_251,41.69,USD,Starbucks,IN,2025-10-26T03:55:14.742538
txn_09072,user_030,2425.79,USD,AdultWorld,RU,2026-01-04T23:55:14.742542
txn_09073,user_211,60.92,USD,Software Store,US,2025-11-22T18:55:14.742546
txn_09074,user_493,98.54,USD,Netflix,IN,2025-12-25T21:55:14.742549
txn_09075,user_466,21.87,USD,Local Grocery,US,2025-12-09T21:55:14.742553
txn_09076,user_428,1876.87,USD,Online Gaming Co,BR,2026-01-04T18:55:14.742556
txn_09077,user_418,34.43,USD,Local Grocery,GB,2025-10-29T04:55:14.742560
txn_09078,user_245,84.24,USD,Software Store,GB,2026-01-02T23:55:14.742563
txn_09079,user_075,77.34,USD,Spotify,US,2025-10-11T02:55:14.742576
txn_09080,user_018,83.54,USD,Local Grocery,US,2025-10-15T18:55:14.742581
txn_09081,user_419,94.88,USD,Netflix,GB,2025-11-25T10:55:14.742584
txn_09082,user_194,91.25,USD,Electronics Hub,US,2026-01-03T14:55:14.742588
txn_09083,user_266,23.96,USD,Local Grocery,GB,2025-11-27T04:55:14.742592
txn_09084,user_240,55.34,USD,Netflix,GB,2025-11-24T08:55:14.742596
txn_09085,user_401,5.2,USD,Electronics Hub,GB,2025-11-15T01:55:14.742599
txn_09086,user_030,19.33,USD,Spotify,GB,2025-11-17T21:55:14.742603
txn_09087,user_320,4917.34,USD,AdultWorld,NG,2026-01-04T19:55:14.742607
txn_09088,user_129,3167.39,USD,Online Gaming Co,RU,2026-01-04T14:55:14.742610
txn_09089,user_182,94.76,USD,Netflix,US,2025-10-20T11:55:14.742613
txn_09090,user_027,74.7,USD,McDonalds,IN,2025-10-16T23:55:14.742617
txn_09091,user_451,33.0,USD,Spotify,US,2025-12-26T00:55:14.742621
txn_09092,user_137,85.19,USD,McDonalds,IN,2025-10-18T02:55:14.742624
txn_09093,user_056,1924.31,USD,LuxuryStore,NG,2026-01-03T16:55:14.742627
txn_09094,user_066,62.4,USD,McDonalds,US,2026-01-03T14:55:14.742631
txn_09095,user_383,63.87,USD,Software Store,GB,2025-10-23T00:55:14.742636
txn_09096,user_100,33.76,USD,McDonalds,US,2026-01-03T23:55:14.742640
txn_09097,user_096,65.12,USD,Uber,GB,2025-12-27T19:55:14.742644
txn_09098,user_085,43.36,USD,Local Grocery,IN,2025-10-22T02:55:14.742647
txn_09099,user_442,70.5,USD,Netflix,US,2025-10-24T06:55:14.742651
txn_09100,user_104,11.47,USD,Spotify,IN,2025-12-31T13:55:14.742656
txn_09101,user_454,17.24,USD,Amazon,GB,2025-10-06T16:55:14.742660
txn_09102,user_098,9.84,USD,Uber,GB,2025-11-21T02:55:14.742664
txn_09103,user_394,26.3,USD,Amazon,GB,2025-12-17T13:55:14.742668
txn_09104,user_393,43.22,USD,Software Store,GB,2025-10-10T00:55:14.742671
txn_09105,user_160,58.99,USD,McDonalds,GB,2025-12-03T05:55:14.742675
txn_09106,user_347,91.81,USD,Starbucks,GB,2026-01-02T13:55:14.742678
txn_09107,user_475,38.9,USD,McDonalds,US,2025-10-10T15:55:14.742682
txn_09108,user_482,74.6,USD,Amazon,GB,2025-12-12T16:55:14.742685
txn_09109,user_166,95.2,USD,Electronics Hub,US,2025-12-18T02:55:14.742689
txn_09110,user_169,7.5,USD,Local Grocery,IN,2025-11-16T19:55:14.742693
txn_09111,user_189,3043.9,USD,Online Gaming Co,NG,2026-01-03T22:55:14.742696
txn_09112,user_256,26.34,USD,McDonalds,GB,2025-10-18T07:55:14.742701
txn_09113,user_172,41.69,USD,Software Store,IN,2025-11-17T09:55:14.742705
txn_09114,user_398,26.26,USD,TravelHub,IN,2025-12-19T11:55:14.742709
txn_09115,user_461,77.36,USD,Uber,IN,2026-01-01T11:55:14.742713
txn_09116,user_430,81.35,USD,Software Store,IN,2025-12-28T23:55:14.742716
txn_09117,user_293,69.87,USD,Electronics Hub,US,2025-11-05T14:55:14.742720
txn_09118,user_354,8.25,USD,Amazon,US,2025-10-21T03:55:14.742723
txn_09119,user_290,793.86,USD,LuxuryStore,BR,2026-01-04T14:55:14.742728
txn_09120,user_144,54.08,USD,Amazon,GB,2025-11-15T02:55:14.742732
txn_09121,user_038,22.34,USD,Software Store,US,2025-12-04T01:55:14.742735
txn_09122,user_498,44.97,USD,Uber,US,2025-11-16T18:55:14.742739
txn_09123,user_203,2458.7,USD,QuickLoans,BR,2026-01-04T20:55:14.742743
txn_09124,user_041,5.17,USD,Amazon,GB,2025-11-22T01:55:14.742746
txn_09125,user_444,70.95,USD,Local Grocery,IN,2025-11-04T22:55:14.742750
txn_09126,user_143,17.25,USD,TravelHub,GB,2025-11-25T06:55:14.742753
txn_09127,user_299,85.57,USD,Electronics Hub,IN,2025-11-01T11:55:14.742758
txn_09128,user_477,78.47,USD,Electronics Hub,US,2025-12-30T07:55:14.742762
txn_09129,user_492,82.61,USD,McDonalds,US,2025-10-08T08:55:14.742765
txn_09130,user_373,31.93,USD,Electronics Hub,US,2025-11-30T10:55:14.742769
txn_09131,user_025,65.29,USD,Starbucks,US,2025-10-27T08:55:14.742773
txn_09132,user_056,66.07,USD,TravelHub,US,2025-12-04T12:55:14.742776
txn_09133,user_154,26.4,USD,Spotify,US,2025-11-30T22:55:14.742780
txn_09134,user_278,6.93,USD,Amazon,GB,2025-11-15T07:55:14.742784
txn_09135,user_406,2525.41,USD,AdultWorld,RU,2026-01-04T12:55:14.742787
txn_09136,user_447,99.95,USD,Electronics Hub,IN,2025-12-20T16:55:14.742791
txn_09137,user_449,86.79,USD,Uber,US,2025-11-16T19:55:14.742794
txn_09138,user_002,50.21,USD,Amazon,US,2025-10-30T13:55:14.742798
txn_09139,user_200,20.64,USD,Uber,US,2025-11-11T21:55:14.742803
txn_09140,user_341,81.41,USD,Local Grocery,US,2025-12-14T21:55:14.742806
txn_09141,user_076,89.93,USD,Electronics Hub,GB,2025-12-08T00:55:14.742812
txn_09142,user_401,22.34,USD,Local Grocery,GB,2025-12-26T10:55:14.742815
txn_09143,user_399,48.17,USD,Netflix,GB,2025-11-05T14:55:14.742819
txn_09144,user_461,6.03,USD,Software Store,IN,2025-11-20T13:55:14.742823
txn_09145,user_002,64.33,USD,Local Grocery,US,2025-11-14T06:55:14.742826
txn_09146,user_086,65.39,USD,McDonalds,IN,2025-12-09T17:55:14.742830
txn_09147,user_109,49.31,USD,Uber,IN,2025-12-02T23:55:14.742834
txn_09148,user_097,55.48,USD,Uber,GB,2025-12-03T17:55:14.742838
txn_09149,user_022,75.47,USD,Spotify,IN,2025-12-07T17:55:14.742842
txn_09150,user_032,14.29,USD,McDonalds,IN,2025-11-11T22:55:14.742845
txn_09151,user_119,3311.56,USD,Online Gaming Co,CN,2026-01-03T20:55:14.742849
txn_09152,user_090,3153.5,USD,LuxuryStore,CN,2026-01-04T03:55:14.742852
txn_09153,user_010,80.94,USD,Local Grocery,GB,2026-01-05T02:55:14.742856
txn_09154,user_350,78.68,USD,Electronics Hub,IN,2025-11-06T02:55:14.742860
txn_09155,user_053,70.92,USD,Local Grocery,IN,2025-12-10T01:55:14.742863
txn_09156,user_435,73.66,USD,Amazon,IN,2025-11-05T21:55:14.742867
txn_09157,user_464,76.43,USD,Starbucks,GB,2025-11-02T02:55:14.742871
txn_09158,user_366,92.42,USD,Amazon,US,2025-12-13T16:55:14.742876
txn_09159,user_334,12.45,USD,Local Grocery,GB,2025-12-04T00:55:14.742880
txn_09160,user_167,82.35,USD,Spotify,US,2025-11-02T12:55:14.742885
txn_09161,user_280,63.74,USD,Amazon,GB,2025-11-26T06:55:14.742888
txn_09162,user_037,81.8,USD,Netflix,US,2025-11-18T13:55:14.742895
txn_09163,user_313,83.72,USD,Local Grocery,IN,2025-10-19T02:55:14.742899
txn_09164,user_332,43.5,USD,Starbucks,IN,2025-12-19T08:55:14.742903
txn_09165,user_079,4637.76,USD,Exotic Jewelry,BR,2026-01-05T02:55:14.742906
txn_09166,user_231,12.62,USD,McDonalds,US,2026-01-02T04:55:14.742910
txn_09167,user_271,20.12,USD,Amazon,US,2025-11-10T04:55:14.742913
txn_09168,user_441,40.76,USD,Software Store,GB,2025-11-18T19:55:14.742917
txn_09169,user_418,9.63,USD,Electronics Hub,US,2025-12-18T12:55:14.742921
txn_09170,user_109,1822.99,USD,LuxuryStore,RU,2026-01-03T15:55:14.742924
txn_09171,user_362,4244.22,USD,Online Gaming Co,NG,2026-01-04T16:55:14.742927
txn_09172,user_409,75.62,USD,Uber,IN,2025-12-23T04:55:14.742931
txn_09173,user_457,79.22,USD,McDonalds,GB,2025-10-18T08:55:14.742934
txn_09174,user_198,97.95,USD,Local Grocery,US,2025-10-13T04:55:14.742938
txn_09175,user_244,4870.3,USD,LuxuryStore,RU,2026-01-04T06:55:14.742941
txn_09176,user_128,20.18,USD,Software Store,US,2025-10-06T13:55:14.742945
txn_09177,user_376,76.4,USD,Starbucks,GB,2025-10-09T01:55:14.742948
txn_09178,user_129,24.93,USD,Netflix,IN,2025-12-02T16:55:14.742953
txn_09179,user_465,21.35,USD,Starbucks,IN,2025-12-30T17:55:14.742957
txn_09180,user_118,6.99,USD,Starbucks,US,2025-11-27T00:55:14.742961
txn_09181,user_209,95.56,USD,Netflix,IN,2025-11-12T14:55:14.742964
txn_09182,user_261,85.66,USD,TravelHub,IN,2025-12-13T09:55:14.742968
txn_09183,user_078,77.29,USD,TravelHub,GB,2025-12-13T23:55:14.742971
txn_09184,user_003,95.17,USD,TravelHub,GB,2025-10-25T08:55:14.742975
txn_09185,user_292,811.74,USD,Online Gaming Co,BR,2026-01-05T09:55:14.742978
txn_09186,user_224,85.02,USD,Starbucks,IN,2025-11-25T23:55:14.742982
txn_09187,user_225,89.57,USD,Local Grocery,US,2025-10-11T14:55:14.742986
txn_09188,user_497,48.82,USD,Local Grocery,GB,2025-10-17T06:55:14.742989
txn_09189,user_358,26.99,USD,Amazon,GB,2025-11-24T09:55:14.742993
txn_09190,user_155,40.93,USD,Starbucks,IN,2025-12-20T12:55:14.742996
txn_09191,user_376,60.77,USD,Uber,IN,2026-01-02T00:55:14.743001
txn_09192,user_108,8.09,USD,Local Grocery,GB,2025-11-04T15:55:14.743005
txn_09193,user_096,29.14,USD,Uber,US,2025-12-27T13:55:14.743009
txn_09194,user_403,87.43,USD,TravelHub,GB,2025-12-26T08:55:14.743012
txn_09195,user_081,94.93,USD,Local Grocery,IN,2025-12-27T14:55:14.743016
txn_09196,user_399,2913.54,USD,Online Gaming Co,BR,2026-01-04T17:55:14.743019
txn_09197,user_223,66.83,USD,Electronics Hub,GB,2025-10-27T18:55:14.743024
txn_09198,user_147,79.96,USD,Electronics Hub,IN,2025-10-10T06:55:14.743028
txn_09199,user_429,75.4,USD,Spotify,US,2025-11-12T20:55:14.743032
txn_09200,user_226,55.9,USD,Uber,GB,2025-12-05T23:55:14.743035
txn_09201,user_181,76.75,USD,Netflix,US,2026-01-04T01:55:14.743039
txn_09202,user_329,85.96,USD,Electronics Hub,US,2025-11-16T00:55:14.743042
txn_09203,user_115,36.16,USD,Netflix,GB,2025-11-15T18:55:14.743046
txn_09204,user_061,59.41,USD,Netflix,US,2026-01-04T22:55:14.743050
txn_09205,user_278,54.7,USD,McDonalds,GB,2025-12-04T16:55:14.743053
txn_09206,user_051,42.57,USD,Netflix,GB,2025-12-20T08:55:14.743057
txn_09207,user_499,71.96,USD,Software Store,US,2025-10-13T03:55:14.743061
txn_09208,user_497,36.47,USD,Uber,IN,2025-11-23T23:55:14.743064
txn_09209,user_142,10.16,USD,Amazon,IN,2025-12-22T08:55:14.743068
txn_09210,user_446,28.56,USD,Uber,GB,2025-10-14T16:55:14.743071
txn_09211,user_142,90.73,USD,TravelHub,GB,2025-10-27T09:55:14.743075
txn_09212,user_466,73.47,USD,Netflix,IN,2025-10-08T10:55:14.743079
txn_09213,user_449,84.03,USD,TravelHub,GB,2025-12-23T13:55:14.743084
txn_09214,user_041,54.0,USD,Spotify,US,2025-10-26T03:55:14.743087
txn_09215,user_235,5.31,USD,Netflix,US,2025-12-16T23:55:14.743091
txn_09216,user_285,56.97,USD,Electronics Hub,GB,2025-10-28T22:55:14.743094
txn_09217,user_374,81.97,USD,TravelHub,US,2025-11-03T21:55:14.743099
txn_09218,user_187,60.29,USD,Starbucks,GB,2025-10-23T13:55:14.743103
txn_09219,user_067,2419.39,USD,AdultWorld,NG,2026-01-03T15:55:14.743106
txn_09220,user_358,92.98,USD,Software Store,IN,2025-12-01T13:55:14.743110
txn_09221,user_089,22.49,USD,Software Store,US,2025-10-25T23:55:14.743114
txn_09222,user_112,93.56,USD,Uber,GB,2025-11-15T14:55:14.743117
txn_09223,user_464,78.85,USD,McDonalds,GB,2025-12-10T03:55:14.743122
txn_09224,user_212,80.05,USD,Amazon,US,2025-12-06T20:55:14.743125
txn_09225,user_084,1149.79,USD,AdultWorld,RU,2026-01-04T23:55:14.743129
txn_09226,user_441,58.2,USD,Starbucks,GB,2025-11-03T07:55:14.743132
txn_09227,user_256,56.96,USD,Spotify,IN,2025-11-04T05:55:14.743136
txn_09228,user_408,92.39,USD,Netflix,GB,2025-10-24T00:55:14.743140
txn_09229,user_118,17.33,USD,Local Grocery,IN,2025-11-11T11:55:14.743143
txn_09230,user_317,3640.73,USD,LuxuryStore,BR,2026-01-03T17:55:14.743146
txn_09231,user_485,13.25,USD,Spotify,GB,2025-12-20T17:55:14.743150
txn_09232,user_363,47.09,USD,Spotify,IN,2025-11-20T17:55:14.743154
txn_09233,user_356,47.55,USD,TravelHub,GB,2025-10-10T11:55:14.743158
txn_09234,user_478,55.39,USD,McDonalds,GB,2025-12-16T19:55:14.743161
txn_09235,user_148,15.32,USD,McDonalds,IN,2025-10-13T13:55:14.743165
txn_09236,user_033,78.79,USD,Spotify,GB,2025-12-04T22:55:14.743169
txn_09237,user_289,49.65,USD,Starbucks,IN,2025-12-04T00:55:14.743173
txn_09238,user_255,24.53,USD,TravelHub,GB,2025-11-04T04:55:14.743177
txn_09239,user_035,71.67,USD,Starbucks,GB,2025-11-09T06:55:14.743180
txn_09240,user_327,2497.71,USD,Exotic Jewelry,RU,2026-01-05T04:55:14.743183
txn_09241,user_271,62.71,USD,Netflix,US,2025-12-09T02:55:14.743187
txn_09242,user_247,55.02,USD,Starbucks,GB,2025-12-29T19:55:14.743191
txn_09243,user_286,2765.64,USD,AdultWorld,RU,2026-01-04T01:55:14.743194
txn_09244,user_218,52.49,USD,Spotify,US,2025-12-13T03:55:14.743198
txn_09245,user_007,71.64,USD,Starbucks,IN,2025-11-25T22:55:14.743202
txn_09246,user_019,19.53,USD,Electronics Hub,IN,2025-10-25T04:55:14.743205
txn_09247,user_407,48.7,USD,McDonalds,GB,2025-10-09T08:55:14.743209
txn_09248,user_268,97.93,USD,Amazon,GB,2025-12-05T05:55:14.743213
txn_09249,user_256,67.21,USD,Spotify,GB,2025-11-15T18:55:14.743216
txn_09250,user_247,83.0,USD,Software Store,IN,2025-12-19T17:55:14.743220
txn_09251,user_001,746.43,USD,LuxuryStore,BR,2026-01-03T20:55:14.743223
txn_09252,user_209,80.86,USD,Uber,IN,2025-12-20T22:55:14.743227
txn_09253,user_208,34.39,USD,Spotify,US,2025-12-28T11:55:14.743230
txn_09254,user_325,31.14,USD,Uber,GB,2025-11-08T01:55:14.743234
txn_09255,user_292,45.79,USD,Electronics Hub,GB,2025-10-15T22:55:14.743238
txn_09256,user_263,25.11,USD,Electronics Hub,US,2025-10-21T19:55:14.743243
txn_09257,user_373,28.88,USD,Electronics Hub,US,2026-01-03T23:55:14.743247
txn_09258,user_464,39.51,USD,Software Store,GB,2025-12-07T12:55:14.743251
txn_09259,user_257,36.04,USD,Amazon,US,2025-12-28T09:55:14.743255
txn_09260,user_167,16.42,USD,Netflix,GB,2025-10-21T17:55:14.743259
txn_09261,user_087,5.78,USD,Local Grocery,GB,2025-11-19T17:55:14.743262
txn_09262,user_477,50.54,USD,Netflix,IN,2025-10-27T12:55:14.743266
txn_09263,user_116,56.14,USD,Netflix,GB,2025-12-23T00:55:14.743270
txn_09264,user_307,64.9,USD,Software Store,US,2025-11-14T09:55:14.743275
txn_09265,user_489,75.97,USD,Uber,IN,2025-10-31T05:55:14.743278
txn_09266,user_170,4562.9,USD,AdultWorld,BR,2026-01-04T08:55:14.743282
txn_09267,user_207,45.07,USD,TravelHub,IN,2025-12-14T07:55:14.743285
txn_09268,user_459,50.22,USD,Amazon,IN,2025-12-26T03:55:14.743289
txn_09269,user_377,16.06,USD,Software Store,GB,2025-10-10T21:55:14.743294
txn_09270,user_483,73.75,USD,Amazon,US,2025-12-12T00:55:14.743298
txn_09271,user_065,48.22,USD,Netflix,GB,2025-11-06T10:55:14.743302
txn_09272,user_466,58.31,USD,Starbucks,GB,2025-10-31T15:55:14.743305
txn_09273,user_062,93.17,USD,Netflix,IN,2025-10-23T17:55:14.743309
txn_09274,user_380,45.91,USD,Spotify,US,2025-11-04T17:55:14.743313
txn_09275,user_351,34.0,USD,Software Store,US,2025-10-26T14:55:14.743318
txn_09276,user_387,3942.9,USD,Exotic Jewelry,NG,2026-01-05T01:55:14.743321
txn_09277,user_176,69.65,USD,McDonalds,GB,2025-11-15T05:55:14.743325
txn_09278,user_126,96.77,USD,Electronics Hub,US,2025-12-10T00:55:14.743329
txn_09279,user_325,93.88,USD,TravelHub,GB,2025-10-12T13:55:14.743332
txn_09280,user_130,72.09,USD,Electronics Hub,US,2025-10-12T20:55:14.743336
txn_09281,user_383,95.16,USD,TravelHub,IN,2025-11-14T05:55:14.743340
txn_09282,user_384,69.92,USD,Netflix,US,2025-11-18T18:55:14.743343
txn_09283,user_222,16.51,USD,Spotify,US,2025-10-19T15:55:14.743347
txn_09284,user_415,67.67,USD,Software Store,GB,2025-10-13T21:55:14.743351
txn_09285,user_085,58.31,USD,Spotify,GB,2025-11-21T18:55:14.743354
txn_09286,user_327,40.36,USD,Software Store,GB,2025-12-05T01:55:14.743358
txn_09287,user_322,93.42,USD,Software Store,IN,2025-10-08T19:55:14.743363
txn_09288,user_231,25.28,USD,Electronics Hub,US,2025-12-06T21:55:14.743367
txn_09289,user_457,11.12,USD,TravelHub,GB,2025-10-14T16:55:14.743370
txn_09290,user_315,84.92,USD,Amazon,IN,2026-01-04T02:55:14.743374
txn_09291,user_385,83.24,USD,Spotify,IN,2026-01-01T20:55:14.743378
txn_09292,user_380,22.53,USD,Electronics Hub,US,2025-11-06T05:55:14.743381
txn_09293,user_355,94.96,USD,Starbucks,IN,2025-12-22T17:55:14.743385
txn_09294,user_212,6.4,USD,Starbucks,GB,2025-11-24T08:55:14.743389
txn_09295,user_153,79.96,USD,Uber,US,2025-12-05T13:55:14.743394
txn_09296,user_250,18.92,USD,Starbucks,IN,2025-12-31T09:55:14.743398
txn_09297,user_391,66.2,USD,Electronics Hub,US,2025-11-03T03:55:14.743401
txn_09298,user_077,54.78,USD,Uber,GB,2025-12-31T02:55:14.743405
txn_09299,user_460,1370.99,USD,Online Gaming Co,CN,2026-01-05T01:55:14.743409
txn_09300,user_142,46.58,USD,Electronics Hub,US,2025-12-15T17:55:14.743413
txn_09301,user_153,46.82,USD,Amazon,IN,2026-01-03T03:55:14.743416
txn_09302,user_493,3907.91,USD,AdultWorld,CN,2026-01-04T07:55:14.743420
txn_09303,user_249,41.82,USD,Electronics Hub,GB,2025-10-09T05:55:14.743423
txn_09304,user_143,89.63,USD,Netflix,IN,2025-12-08T22:55:14.743427
txn_09305,user_170,34.36,USD,Software Store,US,2025-12-09T06:55:14.743431
txn_09306,user_381,47.1,USD,Local Grocery,IN,2025-11-05T11:55:14.743435
txn_09307,user_476,4445.41,USD,Exotic Jewelry,CN,2026-01-03T10:55:14.743438
txn_09308,user_062,80.79,USD,Netflix,IN,2025-12-18T10:55:14.743441
txn_09309,user_325,31.98,USD,Electronics Hub,IN,2025-11-17T01:55:14.743445
txn_09310,user_486,17.79,USD,Amazon,IN,2025-10-25T09:55:14.743448
txn_09311,user_167,88.88,USD,Spotify,GB,2025-12-11T02:55:14.743452
txn_09312,user_407,2542.59,USD,Online Gaming Co,CN,2026-01-04T09:55:14.743455
txn_09313,user_303,40.31,USD,McDonalds,GB,2025-11-08T17:55:14.743459
txn_09314,user_168,80.89,USD,Starbucks,IN,2025-10-07T08:55:14.743464
txn_09315,user_098,26.56,USD,Netflix,US,2025-12-12T14:55:14.743468
txn_09316,user_249,57.29,USD,McDonalds,US,2025-12-13T14:55:14.743473
txn_09317,user_061,16.0,USD,Starbucks,US,2025-10-27T16:55:14.743477
txn_09318,user_107,87.35,USD,Netflix,US,2025-11-30T10:55:14.743482
txn_09319,user_353,82.81,USD,McDonalds,IN,2025-12-28T10:55:14.743485
txn_09320,user_263,2338.28,USD,AdultWorld,RU,2026-01-04T04:55:14.743489
txn_09321,user_415,1034.58,USD,Online Gaming Co,RU,2026-01-03T20:55:14.743492
txn_09322,user_088,93.32,USD,Electronics Hub,IN,2025-12-26T17:55:14.743496
txn_09323,user_242,98.78,USD,Spotify,US,2025-12-19T02:55:14.743500
txn_09324,user_461,53.53,USD,McDonalds,IN,2025-10-27T05:55:14.743503
txn_09325,user_123,56.15,USD,Netflix,IN,2025-12-27T23:55:14.743507
txn_09326,user_055,85.36,USD,Netflix,GB,2025-11-15T15:55:14.743510
txn_09327,user_286,1175.35,USD,LuxuryStore,CN,2026-01-04T19:55:14.743514
txn_09328,user_422,77.86,USD,TravelHub,US,2025-12-25T06:55:14.743517
txn_09329,user_107,827.55,USD,LuxuryStore,BR,2026-01-04T14:55:14.743521
txn_09330,user_359,52.29,USD,Starbucks,US,2026-01-02T01:55:14.743524
txn_09331,user_311,55.95,USD,Netflix,US,2025-11-16T10:55:14.743528
txn_09332,user_357,66.29,USD,Local Grocery,IN,2025-12-08T01:55:14.743532
txn_09333,user_268,40.71,USD,Electronics Hub,GB,2026-01-04T19:55:14.743535
txn_09334,user_061,33.46,USD,Software Store,US,2025-12-15T09:55:14.743540
txn_09335,user_489,2103.18,USD,LuxuryStore,RU,2026-01-04T02:55:14.743544
txn_09336,user_492,80.86,USD,McDonalds,IN,2025-12-08T16:55:14.743548
txn_09337,user_394,42.22,USD,Local Grocery,US,2025-12-22T19:55:14.743551
txn_09338,user_263,88.14,USD,Software Store,US,2025-11-05T07:55:14.743555
txn_09339,user_341,62.93,USD,TravelHub,US,2025-12-02T01:55:14.743559
txn_09340,user_180,48.38,USD,Uber,US,2025-11-18T15:55:14.743563
txn_09341,user_335,51.6,USD,Spotify,US,2025-11-08T08:55:14.743568
txn_09342,user_289,24.26,USD,McDonalds,IN,2025-12-01T07:55:14.743572
txn_09343,user_303,97.93,USD,Local Grocery,US,2025-10-12T08:55:14.743576
txn_09344,user_430,33.63,USD,McDonalds,US,2025-12-02T03:55:14.743579
txn_09345,user_267,49.3,USD,Spotify,IN,2025-12-08T07:55:14.743583
txn_09346,user_463,20.93,USD,Spotify,IN,2025-10-24T23:55:14.743587
txn_09347,user_026,1807.58,USD,AdultWorld,BR,2026-01-03T09:55:14.743590
txn_09348,user_137,98.11,USD,Uber,IN,2025-11-16T20:55:14.743593
txn_09349,user_228,80.31,USD,Uber,US,2025-12-06T20:55:14.743597
txn_09350,user_390,3230.96,USD,QuickLoans,NG,2026-01-04T10:55:14.743601
txn_09351,user_422,75.51,USD,Spotify,US,2025-12-26T18:55:14.743605
txn_09352,user_340,71.24,USD,McDonalds,US,2025-11-02T05:55:14.743609
txn_09353,user_423,2603.65,USD,Online Gaming Co,BR,2026-01-03T22:55:14.743613
txn_09354,user_126,11.32,USD,TravelHub,IN,2025-11-20T18:55:14.743617
txn_09355,user_176,38.04,USD,Spotify,GB,2025-12-11T22:55:14.743620
txn_09356,user_484,772.91,USD,QuickLoans,CN,2026-01-04T17:55:14.743624
txn_09357,user_262,20.75,USD,Netflix,GB,2025-11-27T08:55:14.743629
txn_09358,user_105,70.4,USD,TravelHub,IN,2025-11-20T08:55:14.743632
txn_09359,user_344,5.65,USD,Software Store,GB,2025-11-07T09:55:14.743636
txn_09360,user_400,96.09,USD,Local Grocery,IN,2025-10-26T17:55:14.743639
txn_09361,user_348,18.3,USD,Uber,US,2025-11-28T09:55:14.743643
txn_09362,user_387,20.91,USD,Amazon,US,2025-11-03T06:55:14.743646
txn_09363,user_272,20.96,USD,Spotify,GB,2025-12-08T01:55:14.743650
txn_09364,user_160,95.14,USD,Uber,IN,2026-01-02T14:55:14.743653
txn_09365,user_024,25.93,USD,McDonalds,IN,2025-12-24T00:55:14.743657
txn_09366,user_244,68.52,USD,Netflix,IN,2026-01-03T19:55:14.743662
txn_09367,user_424,56.56,USD,Netflix,US,2025-10-26T22:55:14.743665
txn_09368,user_273,40.17,USD,Starbucks,GB,2025-12-18T10:55:14.743669
txn_09369,user_061,31.54,USD,TravelHub,IN,2026-01-03T07:55:14.743673
txn_09370,user_458,46.33,USD,TravelHub,IN,2025-12-19T03:55:14.743676
txn_09371,user_191,52.58,USD,McDonalds,GB,2025-11-17T10:55:14.743680
txn_09372,user_248,46.32,USD,Starbucks,IN,2025-10-18T06:55:14.743683
txn_09373,user_207,9.69,USD,Spotify,US,2025-12-04T09:55:14.743688
txn_09374,user_331,31.8,USD,Netflix,GB,2025-10-07T13:55:14.743691
txn_09375,user_383,43.39,USD,McDonalds,US,2025-11-10T13:55:14.743695
txn_09376,user_491,36.83,USD,TravelHub,GB,2025-10-24T19:55:14.743699
txn_09377,user_302,37.85,USD,Uber,GB,2025-11-18T04:55:14.743702
txn_09378,user_389,32.44,USD,Starbucks,IN,2025-12-17T00:55:14.743706
txn_09379,user_358,19.32,USD,Starbucks,US,2025-11-19T03:55:14.743710
txn_09380,user_422,50.31,USD,Netflix,US,2025-12-22T00:55:14.743713
txn_09381,user_032,18.67,USD,Uber,US,2025-10-23T05:55:14.743717
txn_09382,user_128,93.73,USD,Software Store,IN,2025-11-11T12:55:14.743721
txn_09383,user_475,90.34,USD,Uber,US,2025-12-25T15:55:14.743725
txn_09384,user_444,73.53,USD,Spotify,GB,2025-10-16T15:55:14.743729
txn_09385,user_357,58.4,USD,Uber,GB,2025-10-23T07:55:14.743732
txn_09386,user_447,70.26,USD,Amazon,IN,2025-12-15T16:55:14.743736
txn_09387,user_058,12.63,USD,Local Grocery,IN,2025-12-24T04:55:14.743739
txn_09388,user_059,85.19,USD,McDonalds,GB,2025-10-12T02:55:14.743743
txn_09389,user_324,36.98,USD,Netflix,GB,2025-11-17T16:55:14.743746
txn_09390,user_051,2103.61,USD,Online Gaming Co,RU,2026-01-05T07:55:14.743749
txn_09391,user_431,90.57,USD,McDonalds,IN,2025-12-05T22:55:14.743753
txn_09392,user_077,67.1,USD,Netflix,IN,2025-12-05T02:55:14.743758
txn_09393,user_067,3552.05,USD,Online Gaming Co,CN,2026-01-04T14:55:14.743761
txn_09394,user_499,77.14,USD,Starbucks,US,2026-01-01T15:55:14.743765
txn_09395,user_063,80.75,USD,Local Grocery,US,2025-10-16T01:55:14.743769
txn_09396,user_420,80.9,USD,Spotify,US,2025-12-07T02:55:14.743773
txn_09397,user_100,89.61,USD,McDonalds,GB,2025-12-21T14:55:14.743777
txn_09398,user_135,90.47,USD,Netflix,IN,2025-11-04T12:55:14.743781
txn_09399,user_402,89.05,USD,Local Grocery,US,2025-11-18T04:55:14.743785
txn_09400,user_441,32.57,USD,Starbucks,IN,2025-11-18T04:55:14.743788
txn_09401,user_451,3716.95,USD,Exotic Jewelry,NG,2026-01-04T08:55:14.743791
txn_09402,user_316,33.55,USD,TravelHub,GB,2025-10-11T15:55:14.743795
txn_09403,user_189,6.68,USD,Local Grocery,US,2025-12-01T13:55:14.743799
txn_09404,user_137,46.7,USD,Software Store,US,2026-01-02T07:55:14.743802
txn_09405,user_248,33.26,USD,Amazon,GB,2025-10-28T19:55:14.743805
txn_09406,user_011,53.06,USD,Amazon,GB,2025-12-08T07:55:14.743809
txn_09407,user_037,2335.48,USD,LuxuryStore,CN,2026-01-03T22:55:14.743812
txn_09408,user_468,65.23,USD,Spotify,IN,2025-11-27T23:55:14.743816
txn_09409,user_285,33.94,USD,Electronics Hub,IN,2025-11-11T20:55:14.743819
txn_09410,user_158,57.85,USD,Amazon,GB,2025-10-31T04:55:14.743823
txn_09411,user_453,88.62,USD,TravelHub,IN,2025-11-05T14:55:14.743826
txn_09412,user_384,52.31,USD,Electronics Hub,IN,2025-12-10T13:55:14.743831
txn_09413,user_060,95.07,USD,TravelHub,US,2025-10-18T23:55:14.743834
txn_09414,user_239,27.47,USD,Software Store,US,2025-11-07T21:55:14.743839
txn_09415,user_067,3570.45,USD,AdultWorld,BR,2026-01-04T07:55:14.743843
txn_09416,user_390,83.04,USD,Uber,IN,2025-10-11T23:55:14.743846
txn_09417,user_057,79.04,USD,Uber,GB,2025-12-06T01:55:14.743851
txn_09418,user_154,61.67,USD,Local Grocery,US,2025-10-11T22:55:14.743855
txn_09419,user_414,597.9,USD,LuxuryStore,CN,2026-01-04T19:55:14.743858
txn_09420,user_412,36.31,USD,Spotify,GB,2025-10-09T08:55:14.743861
txn_09421,user_216,42.03,USD,TravelHub,GB,2025-10-29T23:55:14.743865
txn_09422,user_280,99.32,USD,Software Store,IN,2025-10-24T19:55:14.743868
txn_09423,user_102,98.25,USD,Software Store,US,2025-10-09T00:55:14.743872
txn_09424,user_219,35.29,USD,Uber,GB,2025-11-25T09:55:14.743875
txn_09425,user_367,40.07,USD,Software Store,US,2025-12-24T15:55:14.743879
txn_09426,user_439,29.67,USD,Amazon,GB,2025-12-26T23:55:14.743882
txn_09427,user_245,12.08,USD,Electronics Hub,IN,2025-10-29T13:55:14.743886
txn_09428,user_039,68.59,USD,Software Store,IN,2025-10-16T04:55:14.743890
txn_09429,user_440,39.31,USD,Electronics Hub,GB,2026-01-01T18:55:14.743894
txn_09430,user_001,67.56,USD,Spotify,US,2025-10-10T23:55:14.743897
txn_09431,user_014,38.82,USD,Electronics Hub,IN,2025-12-10T15:55:14.743902
txn_09432,user_297,94.9,USD,Software Store,GB,2025-11-01T05:55:14.743906
txn_09433,user_438,41.68,USD,Local Grocery,US,2025-11-20T15:55:14.743910
txn_09434,user_162,18.23,USD,Local Grocery,IN,2025-12-25T08:55:14.743913
txn_09435,user_048,17.38,USD,Local Grocery,IN,2025-12-25T00:55:14.743917
txn_09436,user_310,81.85,USD,Local Grocery,US,2025-12-22T07:55:14.743920
txn_09437,user_363,65.85,USD,TravelHub,IN,2025-11-26T12:55:14.743924
txn_09438,user_007,1001.31,USD,Online Gaming Co,RU,2026-01-03T14:55:14.743927
txn_09439,user_113,69.66,USD,Uber,US,2025-12-22T21:55:14.743931
txn_09440,user_413,60.09,USD,Electronics Hub,GB,2025-10-17T22:55:14.743934
txn_09441,user_371,40.87,USD,Netflix,IN,2025-10-31T14:55:14.743938
txn_09442,user_376,15.12,USD,Local Grocery,IN,2025-11-08T07:55:14.743941
txn_09443,user_254,61.65,USD,Local Grocery,GB,2025-10-22T15:55:14.743945
txn_09444,user_111,90.62,USD,Local Grocery,US,2025-10-17T04:55:14.743949
txn_09445,user_312,75.6,USD,TravelHub,US,2025-11-05T06:55:14.743952
txn_09446,user_275,67.37,USD,Software Store,IN,2025-11-09T02:55:14.743957
txn_09447,user_136,95.17,USD,Uber,US,2025-12-12T04:55:14.743961
txn_09448,user_266,89.55,USD,Spotify,US,2025-11-16T16:55:14.743965
txn_09449,user_415,58.86,USD,McDonalds,IN,2025-11-13T02:55:14.743968
txn_09450,user_409,4338.47,USD,QuickLoans,NG,2026-01-03T12:55:14.743972
txn_09451,user_296,34.43,USD,Electronics Hub,US,2025-10-08T07:55:14.743978
txn_09452,user_065,7.19,USD,Starbucks,GB,2025-11-04T04:55:14.743982
txn_09453,user_399,76.82,USD,Netflix,IN,2025-11-16T19:55:14.743986
txn_09454,user_472,6.56,USD,Netflix,IN,2025-10-13T00:55:14.743991
txn_09455,user_224,4728.28,USD,LuxuryStore,CN,2026-01-04T06:55:14.743995
txn_09456,user_272,1521.0,USD,Exotic Jewelry,BR,2026-01-03T22:55:14.743999
txn_09457,user_158,60.86,USD,Software Store,IN,2025-10-31T09:55:14.744002
txn_09458,user_063,62.25,USD,Netflix,GB,2025-12-15T01:55:14.744006
txn_09459,user_128,73.75,USD,Netflix,US,2025-10-09T06:55:14.744009
txn_09460,user_442,82.5,USD,Uber,GB,2025-12-26T12:55:14.744013
txn_09461,user_347,4009.97,USD,AdultWorld,BR,2026-01-03T12:55:14.744016
txn_09462,user_144,3064.09,USD,QuickLoans,RU,2026-01-04T04:55:14.744020
txn_09463,user_356,80.02,USD,Local Grocery,GB,2025-11-23T17:55:14.744023
txn_09464,user_344,1025.27,USD,QuickLoans,CN,2026-01-04T18:55:14.744026
txn_09465,user_334,76.16,USD,Amazon,GB,2025-11-28T22:55:14.744030
txn_09466,user_090,30.07,USD,TravelHub,US,2026-01-04T05:55:14.744033
txn_09467,user_263,1821.24,USD,LuxuryStore,RU,2026-01-05T08:55:14.744037
txn_09468,user_333,90.13,USD,TravelHub,US,2026-01-05T03:55:14.744042
txn_09469,user_263,1281.9,USD,Exotic Jewelry,CN,2026-01-04T20:55:14.744046
txn_09470,user_124,91.7,USD,McDonalds,GB,2025-10-12T07:55:14.744051
txn_09471,user_099,98.9,USD,Spotify,US,2025-11-18T21:55:14.744055
txn_09472,user_011,4693.21,USD,Exotic Jewelry,BR,2026-01-05T01:55:14.744059
txn_09473,user_192,91.36,USD,Software Store,US,2025-12-23T22:55:14.744062
txn_09474,user_345,50.61,USD,Uber,IN,2025-10-22T00:55:14.744066
txn_09475,user_121,12.97,USD,Local Grocery,IN,2025-11-30T19:55:14.744070
txn_09476,user_445,38.26,USD,McDonalds,IN,2025-12-01T13:55:14.744073
txn_09477,user_229,33.32,USD,Local Grocery,IN,2025-10-24T11:55:14.744077
txn_09478,user_274,14.09,USD,McDonalds,IN,2025-12-14T02:55:14.744082
txn_09479,user_426,65.31,USD,Electronics Hub,GB,2025-12-30T03:55:14.744086
txn_09480,user_023,13.74,USD,McDonalds,GB,2025-12-18T04:55:14.744089
txn_09481,user_087,48.68,USD,Amazon,IN,2025-12-02T03:55:14.744093
txn_09482,user_234,8.76,USD,Starbucks,US,2025-12-14T00:55:14.744097
txn_09483,user_352,54.81,USD,Uber,US,2025-11-17T07:55:14.744100
txn_09484,user_092,25.03,USD,Starbucks,US,2025-10-27T03:55:14.744104
txn_09485,user_048,44.12,USD,Spotify,US,2025-11-21T04:55:14.744107
txn_09486,user_372,84.16,USD,Amazon,GB,2025-11-12T12:55:14.744111
txn_09487,user_414,4864.91,USD,Online Gaming Co,RU,2026-01-04T09:55:14.744114
txn_09488,user_427,4097.58,USD,Exotic Jewelry,BR,2026-01-04T09:55:14.744117
txn_09489,user_448,77.44,USD,Software Store,US,2025-11-24T16:55:14.744121
txn_09490,user_455,42.99,USD,Spotify,US,2025-12-11T20:55:14.744126
txn_09491,user_158,51.61,USD,Local Grocery,GB,2025-12-04T02:55:14.744129
txn_09492,user_136,89.07,USD,TravelHub,US,2025-12-24T04:55:14.744133
txn_09493,user_493,76.24,USD,McDonalds,GB,2025-12-27T21:55:14.744137
txn_09494,user_144,52.35,USD,Electronics Hub,GB,2025-10-08T20:55:14.744140
txn_09495,user_245,625.79,USD,LuxuryStore,RU,2026-01-04T05:55:14.744144
txn_09496,user_107,98.09,USD,Netflix,US,2025-12-26T08:55:14.744147
txn_09497,user_372,34.78,USD,Software Store,GB,2025-11-21T15:55:14.744151
txn_09498,user_209,20.9,USD,Local Grocery,IN,2025-12-10T12:55:14.744155
txn_09499,user_264,62.3,USD,Starbucks,IN,2026-01-04T21:55:14.744159
txn_09500,user_469,2596.14,USD,AdultWorld,CN,2026-01-04T02:55:14.744162
txn_09501,user_084,80.25,USD,Starbucks,IN,2025-11-27T03:55:14.744166
txn_09502,user_021,1959.82,USD,QuickLoans,CN,2026-01-04T23:55:14.744169
txn_09503,user_451,669.34,USD,AdultWorld,BR,2026-01-04T17:55:14.744172
txn_09504,user_305,3433.43,USD,Online Gaming Co,RU,2026-01-03T09:55:14.744176
txn_09505,user_395,1202.08,USD,Online Gaming Co,BR,2026-01-03T22:55:14.744179
txn_09506,user_413,54.33,USD,Netflix,IN,2025-12-27T10:55:14.744183
txn_09507,user_025,61.39,USD,TravelHub,GB,2025-10-08T08:55:14.744186
txn_09508,user_036,60.31,USD,Local Grocery,GB,2025-12-18T12:55:14.744190
txn_09509,user_151,71.4,USD,Starbucks,US,2025-11-02T07:55:14.744195
txn_09510,user_413,51.62,USD,Uber,US,2025-10-14T19:55:14.744200
txn_09511,user_053,15.56,USD,Starbucks,IN,2025-10-29T21:55:14.744204
txn_09512,user_490,12.29,USD,Spotify,GB,2025-10-15T01:55:14.744207
txn_09513,user_401,44.08,USD,McDonalds,GB,2025-12-17T05:55:14.744211
txn_09514,user_278,82.39,USD,Electronics Hub,GB,2025-12-14T10:55:14.744215
txn_09515,user_133,93.74,USD,Software Store,US,2025-12-06T20:55:14.744219
txn_09516,user_294,51.39,USD,Software Store,IN,2025-10-15T02:55:14.744222
txn_09517,user_193,13.45,USD,Netflix,US,2025-11-05T22:55:14.744226
txn_09518,user_278,4661.04,USD,AdultWorld,RU,2026-01-03T14:55:14.744229
txn_09519,user_242,28.26,USD,Netflix,GB,2025-10-30T14:55:14.744233
txn_09520,user_473,79.27,USD,TravelHub,GB,2025-10-08T05:55:14.744238
txn_09521,user_109,49.22,USD,Electronics Hub,US,2025-12-31T15:55:14.744242
txn_09522,user_437,96.48,USD,Starbucks,GB,2025-12-30T08:55:14.744246
txn_09523,user_293,98.28,USD,Electronics Hub,IN,2025-12-21T02:55:14.744251
txn_09524,user_444,79.94,USD,Uber,US,2025-10-10T07:55:14.744255
txn_09525,user_445,761.46,USD,QuickLoans,CN,2026-01-04T09:55:14.744258
txn_09526,user_121,45.28,USD,Amazon,IN,2025-11-21T20:55:14.744261
txn_09527,user_031,93.04,USD,Starbucks,GB,2025-11-02T11:55:14.744265
txn_09528,user_010,67.1,USD,TravelHub,US,2025-11-18T21:55:14.744269
txn_09529,user_302,97.35,USD,Starbucks,IN,2025-12-21T16:55:14.744280
txn_09530,user_026,40.22,USD,Spotify,US,2025-11-11T06:55:14.744284
txn_09531,user_099,61.94,USD,Local Grocery,GB,2025-11-22T01:55:14.744287
txn_09532,user_322,81.59,USD,Spotify,GB,2025-12-04T09:55:14.744291
txn_09533,user_224,21.86,USD,Software Store,US,2025-12-14T02:55:14.744295
txn_09534,user_162,39.57,USD,Software Store,IN,2025-11-30T14:55:14.744299
txn_09535,user_357,72.83,USD,McDonalds,IN,2026-01-05T08:55:14.744302
txn_09536,user_433,5.38,USD,Netflix,US,2025-11-24T22:55:14.744306
txn_09537,user_112,62.0,USD,Starbucks,GB,2025-10-29T12:55:14.744309
txn_09538,user_399,71.01,USD,Electronics Hub,US,2025-10-18T23:55:14.744313
txn_09539,user_238,37.24,USD,TravelHub,US,2025-10-28T04:55:14.744316
txn_09540,user_480,5.79,USD,Spotify,US,2025-10-28T02:55:14.744320
txn_09541,user_362,18.36,USD,McDonalds,GB,2025-10-12T10:55:14.744324
txn_09542,user_313,71.97,USD,Amazon,US,2025-11-28T21:55:14.744329
txn_09543,user_282,82.12,USD,TravelHub,US,2025-12-22T07:55:14.744333
txn_09544,user_357,1918.94,USD,AdultWorld,RU,2026-01-04T05:55:14.744336
txn_09545,user_007,37.18,USD,Electronics Hub,US,2025-12-15T10:55:14.744340
txn_09546,user_211,95.27,USD,Netflix,IN,2025-11-10T08:55:14.744344
txn_09547,user_061,7.11,USD,Starbucks,GB,2025-10-23T08:55:14.744348
txn_09548,user_439,19.45,USD,Amazon,IN,2025-12-10T08:55:14.744352
txn_09549,user_421,21.72,USD,Uber,GB,2025-10-12T23:55:14.744356
txn_09550,user_314,15.65,USD,Uber,GB,2025-10-10T04:55:14.744360
txn_09551,user_400,7.7,USD,Uber,US,2025-11-04T07:55:14.744364
txn_09552,user_299,54.79,USD,Local Grocery,US,2025-12-11T20:55:14.744367
txn_09553,user_160,47.75,USD,Netflix,GB,2025-12-04T07:55:14.744371
txn_09554,user_389,1279.12,USD,AdultWorld,BR,2026-01-04T16:55:14.744374
txn_09555,user_024,65.95,USD,Software Store,US,2025-11-23T07:55:14.744378
txn_09556,user_173,42.78,USD,Local Grocery,US,2025-10-25T12:55:14.744381
txn_09557,user_192,36.74,USD,Local Grocery,US,2025-11-30T13:55:14.744385
txn_09558,user_358,50.82,USD,TravelHub,US,2025-12-06T04:55:14.744389
txn_09559,user_262,48.09,USD,Starbucks,US,2025-11-15T20:55:14.744392
txn_09560,user_075,48.29,USD,McDonalds,IN,2025-12-26T12:55:14.744396
txn_09561,user_310,39.19,USD,Amazon,US,2025-12-09T18:55:14.744400
txn_09562,user_191,63.84,USD,Spotify,US,2025-10-14T16:55:14.744403
txn_09563,user_038,3790.12,USD,AdultWorld,BR,2026-01-04T20:55:14.744407
txn_09564,user_475,4684.83,USD,QuickLoans,RU,2026-01-04T07:55:14.744410
txn_09565,user_282,1271.15,USD,AdultWorld,CN,2026-01-03T20:55:14.744413
txn_09566,user_066,58.18,USD,Software Store,GB,2025-12-16T13:55:14.744417
txn_09567,user_140,13.47,USD,Spotify,GB,2025-12-03T14:55:14.744420
txn_09568,user_460,84.28,USD,Electronics Hub,IN,2025-11-01T20:55:14.744425
txn_09569,user_016,67.14,USD,Electronics Hub,US,2025-12-14T10:55:14.744429
txn_09570,user_317,1001.5,USD,Exotic Jewelry,CN,2026-01-04T21:55:14.744433
txn_09571,user_104,14.47,USD,Spotify,GB,2025-11-20T22:55:14.744437
txn_09572,user_491,1557.64,USD,Online Gaming Co,NG,2026-01-03T19:55:14.744441
txn_09573,user_434,98.98,USD,Starbucks,IN,2025-12-01T04:55:14.744446
txn_09574,user_149,10.57,USD,Electronics Hub,US,2025-11-23T06:55:14.744449
txn_09575,user_376,59.11,USD,Starbucks,IN,2025-12-07T23:55:14.744453
txn_09576,user_239,7.43,USD,Starbucks,US,2025-11-03T12:55:14.744457
txn_09577,user_462,74.42,USD,Uber,US,2025-12-20T18:55:14.744461
txn_09578,user_363,1679.58,USD,AdultWorld,BR,2026-01-03T09:55:14.744464
txn_09579,user_086,3613.53,USD,LuxuryStore,NG,2026-01-04T00:55:14.744467
txn_09580,user_315,58.5,USD,Software Store,IN,2025-12-06T06:55:14.744471
txn_09581,user_387,34.52,USD,Netflix,IN,2025-12-07T17:55:14.744475
txn_09582,user_404,15.59,USD,Local Grocery,IN,2025-10-07T10:55:14.744478
txn_09583,user_221,87.87,USD,Starbucks,IN,2025-10-18T18:55:14.744482
txn_09584,user_025,4733.68,USD,AdultWorld,CN,2026-01-05T01:55:14.744485
txn_09585,user_202,32.93,USD,Local Grocery,GB,2025-12-06T17:55:14.744489
txn_09586,user_376,59.65,USD,Netflix,GB,2025-11-25T00:55:14.744493
txn_09587,user_455,41.77,USD,Spotify,US,2025-10-22T04:55:14.744498
txn_09588,user_281,38.57,USD,Software Store,US,2025-10-30T21:55:14.744502
txn_09589,user_393,17.1,USD,TravelHub,GB,2025-12-31T07:55:14.744505
txn_09590,user_250,95.17,USD,Starbucks,US,2025-10-16T14:55:14.744509
txn_09591,user_135,2657.62,USD,Online Gaming Co,CN,2026-01-05T03:55:14.744513
txn_09592,user_018,69.83,USD,Software Store,IN,2025-11-12T14:55:14.744516
txn_09593,user_175,30.65,USD,Netflix,IN,2025-10-06T10:55:14.744520
txn_09594,user_205,1384.61,USD,AdultWorld,CN,2026-01-04T02:55:14.744523
txn_09595,user_481,64.18,USD,Local Grocery,US,2025-10-19T02:55:14.744527
txn_09596,user_163,937.18,USD,Exotic Jewelry,NG,2026-01-05T05:55:14.744530
txn_09597,user_499,83.47,USD,Netflix,IN,2025-11-15T20:55:14.744534
txn_09598,user_074,97.3,USD,Amazon,IN,2025-10-18T21:55:14.744538
txn_09599,user_269,71.49,USD,Starbucks,GB,2025-11-18T01:55:14.744541
txn_09600,user_120,78.33,USD,Local Grocery,GB,2025-10-21T01:55:14.744545
txn_09601,user_395,79.47,USD,Software Store,IN,2025-10-19T10:55:14.744548
txn_09602,user_147,2644.54,USD,QuickLoans,CN,2026-01-05T05:55:14.744552
txn_09603,user_012,43.31,USD,McDonalds,US,2026-01-03T23:55:14.744555
txn_09604,user_030,4915.96,USD,LuxuryStore,NG,2026-01-03T15:55:14.744559
txn_09605,user_278,874.67,USD,QuickLoans,RU,2026-01-05T02:55:14.744563
txn_09606,user_035,60.72,USD,McDonalds,US,2025-12-26T18:55:14.744569
txn_09607,user_245,54.17,USD,Software Store,IN,2026-01-03T17:55:14.744574
txn_09608,user_185,79.77,USD,Netflix,US,2026-01-04T03:55:14.744578
txn_09609,user_150,1908.33,USD,QuickLoans,RU,2026-01-04T05:55:14.744581
txn_09610,user_458,11.24,USD,Spotify,IN,2025-11-03T05:55:14.744585
txn_09611,user_130,63.62,USD,Netflix,GB,2026-01-02T12:55:14.744589
txn_09612,user_322,27.91,USD,TravelHub,GB,2025-12-24T06:55:14.744592
txn_09613,user_174,59.71,USD,Netflix,GB,2025-11-06T22:55:14.744596
txn_09614,user_246,84.41,USD,Amazon,IN,2025-12-07T12:55:14.744600
txn_09615,user_201,69.64,USD,Starbucks,US,2025-11-21T05:55:14.744603
txn_09616,user_128,55.26,USD,TravelHub,IN,2025-11-28T01:55:14.744607
txn_09617,user_308,16.12,USD,Starbucks,IN,2025-11-11T00:55:14.744611
txn_09618,user_066,35.5,USD,Uber,GB,2025-12-04T14:55:14.744614
txn_09619,user_225,65.55,USD,Uber,GB,2025-11-26T17:55:14.744618
txn_09620,user_414,25.72,USD,Amazon,US,2025-10-28T03:55:14.744622
txn_09621,user_171,93.24,USD,Amazon,IN,2025-12-31T04:55:14.744626
txn_09622,user_190,88.88,USD,Starbucks,IN,2025-10-10T00:55:14.744630
txn_09623,user_122,29.04,USD,Starbucks,IN,2025-11-12T22:55:14.744634
txn_09624,user_347,4885.17,USD,QuickLoans,BR,2026-01-04T05:55:14.744638
txn_09625,user_442,707.2,USD,QuickLoans,BR,2026-01-05T04:55:14.744641
txn_09626,user_062,41.17,USD,Starbucks,IN,2025-11-18T23:55:14.744646
txn_09627,user_042,34.48,USD,Amazon,IN,2025-12-07T20:55:14.744650
txn_09628,user_467,26.01,USD,Starbucks,IN,2025-12-21T14:55:14.744654
txn_09629,user_270,29.96,USD,TravelHub,GB,2025-12-04T09:55:14.744657
txn_09630,user_420,45.79,USD,Amazon,IN,2026-01-02T12:55:14.744661
txn_09631,user_277,55.4,USD,Uber,IN,2025-10-29T07:55:14.744665
txn_09632,user_146,95.65,USD,TravelHub,US,2026-01-01T20:55:14.744668
txn_09633,user_086,61.2,USD,Spotify,GB,2025-11-08T05:55:14.744672
txn_09634,user_197,12.06,USD,TravelHub,IN,2025-11-16T13:55:14.744676
txn_09635,user_358,26.68,USD,Spotify,US,2025-10-11T04:55:14.744679
txn_09636,user_265,69.72,USD,McDonalds,IN,2025-12-12T21:55:14.744683
txn_09637,user_123,36.62,USD,McDonalds,IN,2026-01-02T01:55:14.744688
txn_09638,user_167,3838.24,USD,QuickLoans,RU,2026-01-04T23:55:14.744691
txn_09639,user_454,45.81,USD,McDonalds,US,2026-01-01T15:55:14.744695
txn_09640,user_331,62.25,USD,Starbucks,US,2025-12-25T16:55:14.744698
txn_09641,user_010,28.73,USD,Uber,US,2025-10-22T17:55:14.744702
txn_09642,user_411,1728.98,USD,Online Gaming Co,NG,2026-01-03T16:55:14.744705
txn_09643,user_021,92.83,USD,McDonalds,GB,2025-11-07T15:55:14.744709
txn_09644,user_364,5.58,USD,Local Grocery,IN,2025-12-16T08:55:14.744712
txn_09645,user_239,43.25,USD,Starbucks,US,2025-11-27T19:55:14.744716
txn_09646,user_408,89.63,USD,TravelHub,IN,2025-12-22T04:55:14.744721
txn_09647,user_043,2803.57,USD,LuxuryStore,BR,2026-01-04T10:55:14.744724
txn_09648,user_313,694.07,USD,LuxuryStore,RU,2026-01-03T11:55:14.744728
txn_09649,user_107,43.61,USD,Local Grocery,GB,2025-10-14T02:55:14.744731
txn_09650,user_262,4184.38,USD,LuxuryStore,RU,2026-01-04T14:55:14.744735
txn_09651,user_180,61.11,USD,Netflix,US,2025-12-15T12:55:14.744740
txn_09652,user_058,28.47,USD,Spotify,US,2026-01-01T23:55:14.744744
txn_09653,user_321,74.88,USD,Electronics Hub,US,2025-10-26T22:55:14.744747
txn_09654,user_222,1466.84,USD,Online Gaming Co,NG,2026-01-03T16:55:14.744751
txn_09655,user_337,93.52,USD,McDonalds,IN,2025-12-06T04:55:14.744754
txn_09656,user_335,30.62,USD,Starbucks,GB,2025-10-11T11:55:14.744758
txn_09657,user_369,53.88,USD,McDonalds,GB,2025-10-26T10:55:14.744762
txn_09658,user_234,51.25,USD,Software Store,IN,2025-12-02T09:55:14.744765
txn_09659,user_482,80.24,USD,Local Grocery,US,2025-10-18T15:55:14.744769
txn_09660,user_308,35.48,USD,Local Grocery,US,2025-12-13T02:55:14.744773
txn_09661,user_371,23.68,USD,Spotify,US,2025-10-09T23:55:14.744776
txn_09662,user_162,3883.38,USD,Exotic Jewelry,BR,2026-01-05T08:55:14.744780
txn_09663,user_462,96.46,USD,TravelHub,IN,2025-12-23T21:55:14.744784
txn_09664,user_059,28.47,USD,Uber,IN,2025-12-14T09:55:14.744787
txn_09665,user_200,59.23,USD,McDonalds,US,2025-12-16T09:55:14.744792
txn_09666,user_417,98.68,USD,TravelHub,GB,2025-10-26T01:55:14.744796
txn_09667,user_016,18.95,USD,TravelHub,GB,2025-12-23T22:55:14.744800
txn_09668,user_124,48.31,USD,Starbucks,GB,2025-12-06T18:55:14.744803
txn_09669,user_457,76.12,USD,Netflix,GB,2025-12-07T19:55:14.744808
txn_09670,user_026,74.51,USD,Software Store,IN,2025-12-12T13:55:14.744812
txn_09671,user_454,84.71,USD,Netflix,IN,2025-12-19T15:55:14.744816
txn_09672,user_464,83.35,USD,Starbucks,US,2025-11-24T06:55:14.744821
txn_09673,user_401,11.16,USD,Local Grocery,US,2025-11-25T14:55:14.744824
txn_09674,user_331,97.83,USD,Uber,US,2025-11-17T06:55:14.744828
txn_09675,user_427,3329.91,USD,AdultWorld,NG,2026-01-04T08:55:14.744831
txn_09676,user_226,97.6,USD,Electronics Hub,IN,2025-11-25T22:55:14.744836
txn_09677,user_268,3002.46,USD,Exotic Jewelry,NG,2026-01-05T08:55:14.744839
txn_09678,user_392,26.47,USD,Spotify,US,2025-10-17T12:55:14.744843
txn_09679,user_281,15.12,USD,Local Grocery,US,2025-12-10T23:55:14.744846
txn_09680,user_321,4054.87,USD,LuxuryStore,CN,2026-01-05T02:55:14.744849
txn_09681,user_275,74.53,USD,Uber,GB,2025-11-29T17:55:14.744853
txn_09682,user_385,80.44,USD,Uber,IN,2025-12-25T01:55:14.744857
txn_09683,user_202,28.89,USD,Amazon,IN,2025-11-09T01:55:14.744860
txn_09684,user_075,9.78,USD,Netflix,IN,2025-10-06T16:55:14.744864
txn_09685,user_322,70.51,USD,Starbucks,GB,2025-11-07T16:55:14.744869
txn_09686,user_063,70.4,USD,Local Grocery,US,2025-10-10T10:55:14.744872
txn_09687,user_161,66.1,USD,Spotify,US,2025-11-25T21:55:14.744876
txn_09688,user_174,1982.17,USD,LuxuryStore,CN,2026-01-03T22:55:14.744879
txn_09689,user_183,42.35,USD,Software Store,US,2025-11-21T10:55:14.744883
txn_09690,user_065,3184.49,USD,LuxuryStore,BR,2026-01-04T07:55:14.744886
txn_09691,user_466,9.55,USD,Electronics Hub,GB,2025-12-11T23:55:14.744890
txn_09692,user_306,91.97,USD,Uber,US,2025-11-20T00:55:14.744893
txn_09693,user_189,92.9,USD,Spotify,US,2025-10-13T13:55:14.744897
txn_09694,user_243,89.54,USD,Starbucks,IN,2025-10-17T00:55:14.744901
txn_09695,user_473,93.76,USD,McDonalds,US,2025-11-02T04:55:14.744904
txn_09696,user_276,3914.54,USD,Exotic Jewelry,BR,2026-01-05T01:55:14.744908
txn_09697,user_203,34.44,USD,Electronics Hub,GB,2025-11-05T01:55:14.744912
txn_09698,user_262,14.71,USD,McDonalds,US,2025-12-14T17:55:14.744915
txn_09699,user_277,98.35,USD,McDonalds,GB,2025-11-16T00:55:14.744919
txn_09700,user_305,90.01,USD,McDonalds,IN,2025-10-31T00:55:14.744922
txn_09701,user_203,61.47,USD,Electronics Hub,GB,2025-11-06T23:55:14.744928
txn_09702,user_071,8.99,USD,TravelHub,US,2025-10-09T16:55:14.744931
txn_09703,user_019,80.98,USD,McDonalds,US,2025-12-28T14:55:14.744935
txn_09704,user_233,65.52,USD,Software Store,GB,2025-11-19T18:55:14.744940
txn_09705,user_040,81.76,USD,Local Grocery,GB,2025-11-01T06:55:14.744943
txn_09706,user_121,95.37,USD,Electronics Hub,IN,2025-10-17T19:55:14.744947
txn_09707,user_137,9.25,USD,Software Store,GB,2025-11-19T10:55:14.744951
txn_09708,user_253,14.61,USD,Spotify,GB,2025-12-05T22:55:14.744954
txn_09709,user_105,64.36,USD,Software Store,GB,2026-01-03T23:55:14.744958
txn_09710,user_011,63.54,USD,Amazon,GB,2025-11-20T11:55:14.744962
txn_09711,user_378,60.88,USD,Starbucks,GB,2025-10-28T17:55:14.744965
txn_09712,user_022,81.03,USD,Electronics Hub,US,2025-12-28T10:55:14.744969
txn_09713,user_353,21.85,USD,Uber,IN,2026-01-05T00:55:14.744973
txn_09714,user_267,23.35,USD,Uber,US,2025-11-09T20:55:14.744976
txn_09715,user_102,72.74,USD,Spotify,IN,2025-11-29T00:55:14.744980
txn_09716,user_222,97.13,USD,Starbucks,GB,2025-11-24T22:55:14.744984
txn_09717,user_358,94.35,USD,McDonalds,GB,2025-11-21T01:55:14.744987
txn_09718,user_374,30.31,USD,Electronics Hub,IN,2025-11-05T22:55:14.744991
txn_09719,user_081,36.56,USD,TravelHub,IN,2025-12-14T20:55:14.744994
txn_09720,user_059,1492.17,USD,LuxuryStore,BR,2026-01-04T14:55:14.744998
txn_09721,user_428,3347.26,USD,QuickLoans,NG,2026-01-04T11:55:14.745001
txn_09722,user_031,4598.84,USD,LuxuryStore,NG,2026-01-05T06:55:14.745004
txn_09723,user_137,22.49,USD,Starbucks,US,2026-01-03T15:55:14.745008
txn_09724,user_347,17.94,USD,TravelHub,GB,2025-12-11T01:55:14.745016
txn_09725,user_410,27.44,USD,TravelHub,IN,2026-01-05T04:55:14.745020
txn_09726,user_184,43.34,USD,Netflix,US,2025-12-02T00:55:14.745024
txn_09727,user_441,58.59,USD,Starbucks,GB,2025-10-21T09:55:14.745027
txn_09728,user_313,33.91,USD,Software Store,GB,2025-12-28T01:55:14.745031
txn_09729,user_199,39.29,USD,McDonalds,IN,2025-10-23T04:55:14.745034
txn_09730,user_389,82.97,USD,Starbucks,GB,2025-12-13T00:55:14.745038
txn_09731,user_307,97.58,USD,Local Grocery,GB,2026-01-02T16:55:14.745041
txn_09732,user_388,38.55,USD,Starbucks,US,2025-11-19T07:55:14.745045
txn_09733,user_004,827.49,USD,Online Gaming Co,CN,2026-01-04T14:55:14.745050
txn_09734,user_167,20.12,USD,Starbucks,IN,2025-11-28T11:55:14.745053
txn_09735,user_325,60.54,USD,Uber,GB,2025-10-27T07:55:14.745057
txn_09736,user_234,73.41,USD,Netflix,GB,2025-10-12T19:55:14.745061
txn_09737,user_443,4237.88,USD,Exotic Jewelry,CN,2026-01-03T14:55:14.745064
txn_09738,user_008,34.38,USD,Local Grocery,IN,2025-10-08T02:55:14.745068
txn_09739,user_226,63.83,USD,Starbucks,IN,2026-01-01T23:55:14.745071
txn_09740,user_202,64.83,USD,Amazon,US,2025-12-12T00:55:14.745075
txn_09741,user_160,5.19,USD,Amazon,GB,2025-10-06T17:55:14.745079
txn_09742,user_392,59.24,USD,McDonalds,GB,2025-10-17T05:55:14.745082
txn_09743,user_385,85.2,USD,McDonalds,IN,2025-10-18T19:55:14.745087
txn_09744,user_345,51.08,USD,Starbucks,GB,2025-12-11T09:55:14.745090
txn_09745,user_362,96.3,USD,Amazon,IN,2025-12-30T23:55:14.745094
txn_09746,user_038,31.28,USD,Netflix,US,2025-12-03T22:55:14.745098
txn_09747,user_317,4266.49,USD,Online Gaming Co,BR,2026-01-04T16:55:14.745101
txn_09748,user_438,48.1,USD,Software Store,GB,2025-11-22T20:55:14.745105
txn_09749,user_260,51.95,USD,Local Grocery,GB,2025-12-04T12:55:14.745108
txn_09750,user_234,33.62,USD,TravelHub,IN,2025-10-24T18:55:14.745112
txn_09751,user_159,66.75,USD,TravelHub,US,2025-12-07T14:55:14.745116
txn_09752,user_494,82.58,USD,McDonalds,US,2025-12-08T04:55:14.745122
txn_09753,user_298,41.5,USD,Amazon,IN,2025-11-12T05:55:14.745126
txn_09754,user_064,2320.98,USD,Exotic Jewelry,CN,2026-01-04T17:55:14.745129
txn_09755,user_394,54.1,USD,TravelHub,IN,2025-12-08T23:55:14.745133
txn_09756,user_454,4391.06,USD,Exotic Jewelry,CN,2026-01-04T14:55:14.745137
txn_09757,user_180,10.81,USD,TravelHub,GB,2025-12-07T22:55:14.745140
txn_09758,user_367,50.96,USD,Starbucks,US,2025-11-12T11:55:14.745144
txn_09759,user_272,35.76,USD,TravelHub,IN,2025-12-30T07:55:14.745147
txn_09760,user_424,4462.49,USD,QuickLoans,BR,2026-01-04T06:55:14.745151
txn_09761,user_462,1391.43,USD,LuxuryStore,RU,2026-01-04T05:55:14.745154
txn_09762,user_181,51.24,USD,Spotify,GB,2025-10-09T20:55:14.745158
txn_09763,user_105,89.65,USD,Spotify,IN,2025-10-24T22:55:14.745163
txn_09764,user_002,95.04,USD,Spotify,US,2025-12-30T15:55:14.745167
txn_09765,user_151,5.18,USD,Software Store,GB,2025-11-15T10:55:14.745172
txn_09766,user_045,14.86,USD,Software Store,US,2025-10-19T06:55:14.745175
txn_09767,user_478,47.38,USD,Amazon,US,2025-11-14T01:55:14.745179
txn_09768,user_271,68.29,USD,Software Store,GB,2025-12-22T14:55:14.745183
txn_09769,user_167,6.67,USD,McDonalds,US,2025-10-28T14:55:14.745187
txn_09770,user_305,22.08,USD,Starbucks,GB,2025-12-26T14:55:14.745190
txn_09771,user_059,31.68,USD,Netflix,IN,2025-10-25T16:55:14.745194
txn_09772,user_434,37.42,USD,Electronics Hub,IN,2025-12-06T22:55:14.745198
txn_09773,user_214,75.96,USD,Local Grocery,IN,2025-11-09T16:55:14.745201
txn_09774,user_255,63.12,USD,McDonalds,IN,2025-12-30T05:55:14.745206
txn_09775,user_109,3728.23,USD,AdultWorld,CN,2026-01-03T21:55:14.745210
txn_09776,user_474,23.96,USD,TravelHub,GB,2025-12-15T01:55:14.745213
txn_09777,user_030,15.58,USD,Amazon,US,2025-12-26T12:55:14.745217
txn_09778,user_417,13.98,USD,Electronics Hub,IN,2025-12-10T18:55:14.745220
txn_09779,user_384,17.86,USD,Electronics Hub,US,2025-12-27T22:55:14.745225
txn_09780,user_437,37.39,USD,Software Store,US,2025-11-23T23:55:14.745229
txn_09781,user_267,94.43,USD,Netflix,GB,2025-12-10T13:55:14.745232
txn_09782,user_381,22.35,USD,Spotify,IN,2025-11-14T22:55:14.745237
txn_09783,user_059,77.23,USD,Software Store,GB,2025-10-21T07:55:14.745241
txn_09784,user_273,1259.35,USD,Online Gaming Co,NG,2026-01-04T22:55:14.745244
txn_09785,user_179,50.61,USD,Amazon,US,2025-10-18T23:55:14.745248
txn_09786,user_016,2849.71,USD,QuickLoans,CN,2026-01-03T23:55:14.745251
txn_09787,user_235,54.77,USD,Electronics Hub,IN,2025-11-25T04:55:14.745255
txn_09788,user_104,58.55,USD,TravelHub,GB,2025-11-16T23:55:14.745258
txn_09789,user_265,3965.56,USD,AdultWorld,BR,2026-01-05T07:55:14.745262
txn_09790,user_199,8.64,USD,Amazon,US,2025-11-05T10:55:14.745265
txn_09791,user_407,42.59,USD,Netflix,IN,2025-11-07T18:55:14.745269
txn_09792,user_373,77.79,USD,Uber,GB,2025-12-14T16:55:14.745272
txn_09793,user_300,2457.08,USD,AdultWorld,BR,2026-01-05T04:55:14.745275
txn_09794,user_202,15.71,USD,Software Store,US,2025-12-05T10:55:14.745279
txn_09795,user_124,68.52,USD,Spotify,IN,2025-12-22T18:55:14.745283
txn_09796,user_361,95.25,USD,Software Store,IN,2025-12-11T23:55:14.745286
txn_09797,user_096,85.47,USD,TravelHub,US,2025-11-22T05:55:14.745291
txn_09798,user_332,20.91,USD,Uber,GB,2025-10-10T20:55:14.745294
txn_09799,user_412,12.7,USD,Software Store,US,2025-11-29T23:55:14.745298
txn_09800,user_014,62.87,USD,TravelHub,US,2025-10-22T07:55:14.745302
txn_09801,user_055,99.52,USD,TravelHub,GB,2025-12-17T03:55:14.745305
txn_09802,user_221,86.08,USD,Software Store,IN,2025-12-31T21:55:14.745310
txn_09803,user_069,79.83,USD,Spotify,IN,2025-10-26T18:55:14.745314
txn_09804,user_340,86.4,USD,Software Store,GB,2025-11-27T02:55:14.745318
txn_09805,user_043,13.23,USD,Uber,US,2025-12-29T18:55:14.745322
txn_09806,user_334,89.67,USD,Software Store,GB,2025-11-18T08:55:14.745325
txn_09807,user_021,56.25,USD,McDonalds,US,2025-11-05T18:55:14.745329
txn_09808,user_304,3096.37,USD,Exotic Jewelry,RU,2026-01-05T05:55:14.745332
txn_09809,user_459,37.53,USD,Electronics Hub,US,2025-11-11T20:55:14.745336
txn_09810,user_199,3105.14,USD,AdultWorld,NG,2026-01-03T16:55:14.745340
txn_09811,user_415,6.22,USD,Software Store,US,2025-10-08T20:55:14.745343
txn_09812,user_021,52.25,USD,Software Store,GB,2025-11-28T06:55:14.745347
txn_09813,user_495,2618.1,USD,Online Gaming Co,CN,2026-01-03T21:55:14.745350
txn_09814,user_282,81.32,USD,Starbucks,IN,2025-11-22T09:55:14.745354
txn_09815,user_414,79.19,USD,Spotify,GB,2025-12-29T13:55:14.745358
txn_09816,user_093,20.98,USD,Software Store,GB,2025-10-15T02:55:14.745361
txn_09817,user_413,61.21,USD,McDonalds,GB,2025-10-14T15:55:14.745365
txn_09818,user_232,81.65,USD,Starbucks,US,2025-11-06T11:55:14.745369
txn_09819,user_216,76.7,USD,McDonalds,IN,2025-12-26T11:55:14.745372
txn_09820,user_483,81.95,USD,TravelHub,US,2026-01-03T19:55:14.745376
txn_09821,user_011,98.04,USD,McDonalds,IN,2025-12-12T04:55:14.745381
txn_09822,user_436,10.2,USD,Local Grocery,US,2025-11-30T08:55:14.745385
txn_09823,user_208,11.37,USD,Software Store,GB,2025-10-30T08:55:14.745388
txn_09824,user_248,19.82,USD,TravelHub,US,2025-10-20T07:55:14.745392
txn_09825,user_023,36.63,USD,Software Store,GB,2025-11-22T19:55:14.745397
txn_09826,user_235,72.43,USD,Amazon,GB,2025-12-31T18:55:14.745400
txn_09827,user_253,15.31,USD,Uber,US,2025-10-15T10:55:14.745404
txn_09828,user_175,1875.19,USD,LuxuryStore,CN,2026-01-04T18:55:14.745409
txn_09829,user_053,32.47,USD,Netflix,GB,2025-11-20T03:55:14.745412
txn_09830,user_010,63.86,USD,TravelHub,GB,2025-10-12T16:55:14.745416
txn_09831,user_483,1298.46,USD,LuxuryStore,BR,2026-01-04T19:55:14.745419
txn_09832,user_476,42.71,USD,Local Grocery,IN,2025-12-14T10:55:14.745423
txn_09833,user_327,17.57,USD,Local Grocery,US,2025-10-16T10:55:14.745427
txn_09834,user_494,37.11,USD,Netflix,US,2025-12-12T00:55:14.745430
txn_09835,user_100,4270.43,USD,Online Gaming Co,BR,2026-01-04T04:55:14.745434
txn_09836,user_043,3270.2,USD,Online Gaming Co,BR,2026-01-04T15:55:14.745437
txn_09837,user_315,90.9,USD,Spotify,GB,2025-10-25T02:55:14.745441
txn_09838,user_478,48.61,USD,Amazon,US,2025-12-22T08:55:14.745444
txn_09839,user_259,21.87,USD,McDonalds,IN,2025-10-26T23:55:14.745448
txn_09840,user_241,99.01,USD,Electronics Hub,IN,2025-12-12T13:55:14.745451
txn_09841,user_093,82.0,USD,Amazon,GB,2025-10-11T09:55:14.745457
txn_09842,user_040,93.29,USD,Electronics Hub,GB,2025-11-04T11:55:14.745460
txn_09843,user_059,48.09,USD,Uber,IN,2025-11-26T13:55:14.745464
txn_09844,user_352,32.31,USD,McDonalds,GB,2025-11-10T13:55:14.745468
txn_09845,user_278,9.53,USD,McDonalds,US,2025-11-30T20:55:14.745471
txn_09846,user_020,53.37,USD,Electronics Hub,US,2025-11-29T20:55:14.745475
txn_09847,user_347,79.19,USD,Amazon,GB,2025-12-25T06:55:14.745478
txn_09848,user_033,708.18,USD,LuxuryStore,BR,2026-01-04T08:55:14.745482
txn_09849,user_010,79.59,USD,Local Grocery,US,2026-01-04T22:55:14.745485
txn_09850,user_435,3219.8,USD,QuickLoans,BR,2026-01-03T14:55:14.745489
txn_09851,user_354,3850.43,USD,Online Gaming Co,RU,2026-01-05T03:55:14.745492
txn_09852,user_127,1688.85,USD,Online Gaming Co,RU,2026-01-05T09:55:14.745495
txn_09853,user_054,55.2,USD,Amazon,US,2025-12-12T13:55:14.745499
txn_09854,user_315,53.56,USD,McDonalds,GB,2025-11-20T06:55:14.745502
txn_09855,user_311,7.41,USD,Netflix,IN,2025-11-17T23:55:14.745506
txn_09856,user_005,90.96,USD,McDonalds,GB,2025-11-14T23:55:14.745509
txn_09857,user_456,13.73,USD,Amazon,IN,2025-10-30T12:55:14.745513
txn_09858,user_368,77.55,USD,McDonalds,GB,2025-10-15T10:55:14.745516
txn_09859,user_126,84.75,USD,McDonalds,IN,2025-10-23T07:55:14.745520
txn_09860,user_241,59.2,USD,Amazon,US,2025-11-29T14:55:14.745526
txn_09861,user_444,53.03,USD,Local Grocery,US,2025-10-17T21:55:14.745530
txn_09862,user_296,12.51,USD,Software Store,IN,2025-12-22T17:55:14.745534
txn_09863,user_128,54.75,USD,Netflix,US,2025-12-03T05:55:14.745537
txn_09864,user_271,1177.33,USD,Online Gaming Co,NG,2026-01-04T04:55:14.745541
txn_09865,user_413,37.92,USD,Netflix,US,2025-11-07T03:55:14.745545
txn_09866,user_142,57.12,USD,Local Grocery,IN,2025-10-12T00:55:14.745548
txn_09867,user_036,21.22,USD,Starbucks,US,2025-11-05T18:55:14.745552
txn_09868,user_245,1428.5,USD,LuxuryStore,BR,2026-01-03T10:55:14.745555
txn_09869,user_394,46.1,USD,Netflix,GB,2025-11-29T12:55:14.745559
txn_09870,user_446,38.45,USD,Software Store,GB,2025-10-11T17:55:14.745562
txn_09871,user_488,84.54,USD,Software Store,GB,2025-12-03T16:55:14.745570
txn_09872,user_286,57.95,USD,Starbucks,IN,2025-11-20T04:55:14.745574
txn_09873,user_159,83.23,USD,Electronics Hub,US,2026-01-02T23:55:14.745578
txn_09874,user_427,56.65,USD,Local Grocery,US,2025-12-25T18:55:14.745581
txn_09875,user_433,876.13,USD,AdultWorld,BR,2026-01-03T17:55:14.745584
txn_09876,user_412,50.66,USD,Software Store,IN,2025-10-29T13:55:14.745589
txn_09877,user_418,59.48,USD,Software Store,GB,2025-11-29T11:55:14.745593
txn_09878,user_438,36.96,USD,McDonalds,US,2025-12-04T01:55:14.745597
txn_09879,user_011,87.03,USD,Uber,GB,2025-11-10T20:55:14.745601
txn_09880,user_166,67.09,USD,Starbucks,US,2025-12-19T11:55:14.745606
txn_09881,user_402,1351.52,USD,Online Gaming Co,BR,2026-01-05T00:55:14.745609
txn_09882,user_047,67.32,USD,TravelHub,US,2025-11-03T10:55:14.745613
txn_09883,user_428,4919.58,USD,QuickLoans,CN,2026-01-04T09:55:14.745617
txn_09884,user_232,46.33,USD,Electronics Hub,US,2025-11-16T17:55:14.745621
txn_09885,user_315,32.81,USD,Starbucks,US,2025-10-18T17:55:14.745624
txn_09886,user_195,3916.37,USD,LuxuryStore,NG,2026-01-03T17:55:14.745628
txn_09887,user_273,27.18,USD,TravelHub,US,2025-11-03T17:55:14.745631
txn_09888,user_227,18.2,USD,Spotify,US,2025-10-15T10:55:14.745635
txn_09889,user_209,3126.14,USD,LuxuryStore,NG,2026-01-04T03:55:14.745639
txn_09890,user_323,33.79,USD,Amazon,GB,2025-11-11T16:55:14.745642
txn_09891,user_014,52.8,USD,Netflix,US,2025-10-20T00:55:14.745646
txn_09892,user_036,63.66,USD,McDonalds,IN,2025-12-11T23:55:14.745651
txn_09893,user_271,62.04,USD,Starbucks,IN,2025-11-20T07:55:14.745655
txn_09894,user_006,4576.59,USD,Exotic Jewelry,NG,2026-01-03T13:55:14.745658
txn_09895,user_104,62.09,USD,Amazon,IN,2025-10-31T09:55:14.745662
txn_09896,user_430,5.03,USD,McDonalds,US,2025-11-18T06:55:14.745666
txn_09897,user_431,783.96,USD,LuxuryStore,NG,2026-01-04T13:55:14.745669
txn_09898,user_467,60.69,USD,Amazon,US,2025-10-20T12:55:14.745673
txn_09899,user_018,85.41,USD,Local Grocery,GB,2025-12-24T03:55:14.745678
txn_09900,user_065,6.34,USD,Spotify,US,2025-12-28T09:55:14.745682
txn_09901,user_450,6.67,USD,Netflix,GB,2025-11-15T19:55:14.745686
txn_09902,user_298,89.74,USD,Electronics Hub,GB,2025-11-24T02:55:14.745689
txn_09903,user_156,1448.22,USD,AdultWorld,CN,2026-01-03T17:55:14.745692
txn_09904,user_065,29.01,USD,TravelHub,US,2025-10-24T23:55:14.745696
txn_09905,user_086,84.96,USD,Local Grocery,IN,2025-10-14T05:55:14.745699
txn_09906,user_155,44.36,USD,McDonalds,IN,2025-10-16T05:55:14.745703
txn_09907,user_415,64.39,USD,Uber,GB,2025-12-01T16:55:14.745708
txn_09908,user_171,4280.31,USD,Exotic Jewelry,CN,2026-01-04T09:55:14.745712
txn_09909,user_154,59.72,USD,Electronics Hub,GB,2025-10-27T01:55:14.745716
txn_09910,user_154,59.81,USD,McDonalds,GB,2025-12-03T14:55:14.745719
txn_09911,user_027,75.9,USD,Uber,US,2025-10-22T08:55:14.745723
txn_09912,user_057,29.47,USD,Electronics Hub,IN,2025-11-18T01:55:14.745726
txn_09913,user_008,84.21,USD,Software Store,US,2025-11-04T05:55:14.745730
txn_09914,user_476,54.63,USD,TravelHub,IN,2025-10-27T14:55:14.745734
txn_09915,user_015,47.24,USD,TravelHub,US,2025-10-23T20:55:14.745737
txn_09916,user_382,43.04,USD,Netflix,US,2025-11-01T04:55:14.745741
txn_09917,user_172,94.25,USD,McDonalds,IN,2025-10-07T17:55:14.745745
txn_09918,user_413,9.9,USD,Starbucks,IN,2025-12-21T01:55:14.745749
txn_09919,user_211,2500.31,USD,QuickLoans,CN,2026-01-03T21:55:14.745754
txn_09920,user_313,89.42,USD,Netflix,US,2025-12-03T04:55:14.745757
txn_09921,user_336,72.38,USD,Spotify,IN,2025-12-10T00:55:14.745761
txn_09922,user_128,91.46,USD,Netflix,US,2025-11-11T22:55:14.745765
txn_09923,user_421,51.71,USD,Local Grocery,US,2025-11-29T15:55:14.745768
txn_09924,user_355,46.62,USD,Uber,US,2025-12-19T22:55:14.745773
txn_09925,user_044,20.56,USD,Local Grocery,GB,2025-10-16T07:55:14.745777
txn_09926,user_103,4633.71,USD,LuxuryStore,BR,2026-01-04T20:55:14.745780
txn_09927,user_375,83.06,USD,Electronics Hub,US,2025-12-29T19:55:14.745784
txn_09928,user_442,18.81,USD,Starbucks,IN,2025-11-16T21:55:14.745789
txn_09929,user_160,93.29,USD,Spotify,IN,2025-12-19T01:55:14.745793
txn_09930,user_292,23.47,USD,Netflix,IN,2025-11-09T11:55:14.745797
txn_09931,user_462,4010.53,USD,Online Gaming Co,CN,2026-01-05T05:55:14.745800
txn_09932,user_141,80.61,USD,Amazon,US,2025-11-21T06:55:14.745804
txn_09933,user_054,1884.28,USD,AdultWorld,NG,2026-01-04T07:55:14.745807
txn_09934,user_495,3699.96,USD,LuxuryStore,RU,2026-01-04T11:55:14.745810
txn_09935,user_299,52.65,USD,Spotify,IN,2025-12-18T22:55:14.745814
txn_09936,user_498,46.51,USD,McDonalds,US,2025-12-28T01:55:14.745818
txn_09937,user_084,84.88,USD,Software Store,GB,2025-11-27T22:55:14.745821
txn_09938,user_380,74.05,USD,TravelHub,GB,2025-11-11T07:55:14.745826
txn_09939,user_032,21.0,USD,Software Store,IN,2025-12-17T03:55:14.745830
txn_09940,user_371,35.02,USD,McDonalds,US,2025-11-27T01:55:14.745833
txn_09941,user_332,33.12,USD,Netflix,IN,2025-11-04T06:55:14.745837
txn_09942,user_402,70.47,USD,Starbucks,IN,2025-10-20T17:55:14.745840
txn_09943,user_348,4626.91,USD,LuxuryStore,CN,2026-01-04T10:55:14.745844
txn_09944,user_249,85.18,USD,Starbucks,US,2025-11-29T19:55:14.745849
txn_09945,user_439,41.46,USD,Amazon,US,2025-12-09T09:55:14.745852
txn_09946,user_124,10.14,USD,TravelHub,US,2025-12-27T05:55:14.745856
txn_09947,user_442,69.52,USD,Local Grocery,US,2025-11-13T04:55:14.745860
txn_09948,user_022,8.6,USD,Electronics Hub,IN,2025-10-25T02:55:14.745863
txn_09949,user_133,85.23,USD,Electronics Hub,US,2025-12-27T15:55:14.745867
txn_09950,user_305,4222.82,USD,QuickLoans,BR,2026-01-04T21:55:14.745870
txn_09951,user_467,77.03,USD,Electronics Hub,IN,2025-11-24T08:55:14.745875
txn_09952,user_230,3300.02,USD,Exotic Jewelry,CN,2026-01-04T23:55:14.745880
txn_09953,user_200,64.62,USD,Electronics Hub,IN,2025-11-03T15:55:14.745885
txn_09954,user_277,2114.59,USD,LuxuryStore,NG,2026-01-03T21:55:14.745890
txn_09955,user_247,45.53,USD,Uber,US,2025-12-14T13:55:14.745896
txn_09956,user_465,33.46,USD,Local Grocery,GB,2025-12-01T17:55:14.745904
txn_09957,user_091,56.84,USD,Amazon,IN,2025-11-18T11:55:14.745908
txn_09958,user_307,81.44,USD,Spotify,GB,2025-12-08T05:55:14.745913
txn_09959,user_258,22.42,USD,Spotify,IN,2025-12-06T03:55:14.745916
txn_09960,user_311,3599.96,USD,LuxuryStore,BR,2026-01-03T21:55:14.745920
txn_09961,user_410,93.66,USD,Uber,IN,2025-11-18T11:55:14.745923
txn_09962,user_238,86.46,USD,Local Grocery,US,2025-12-13T00:55:14.745927
txn_09963,user_340,65.23,USD,Netflix,US,2025-10-31T21:55:14.745930
txn_09964,user_461,54.41,USD,Netflix,IN,2025-10-17T23:55:14.745934
txn_09965,user_168,19.92,USD,Software Store,GB,2025-11-19T21:55:14.745937
txn_09966,user_051,4102.08,USD,LuxuryStore,NG,2026-01-03T20:55:14.745941
txn_09967,user_470,80.76,USD,Amazon,US,2025-10-17T02:55:14.745944
txn_09968,user_329,20.29,USD,TravelHub,IN,2025-10-24T23:55:14.745948
txn_09969,user_389,687.02,USD,Exotic Jewelry,BR,2026-01-05T08:55:14.745951
txn_09970,user_391,82.51,USD,Local Grocery,GB,2025-10-20T10:55:14.745955
txn_09971,user_113,13.31,USD,Netflix,IN,2025-11-14T18:55:14.745958
txn_09972,user_211,19.99,USD,Netflix,US,2025-12-01T13:55:14.745962
txn_09973,user_283,67.36,USD,Electronics Hub,IN,2025-10-17T06:55:14.745966
txn_09974,user_113,3889.18,USD,Exotic Jewelry,BR,2026-01-03T14:55:14.745969
txn_09975,user_035,82.59,USD,Local Grocery,GB,2025-12-13T16:55:14.745973
txn_09976,user_124,38.03,USD,Electronics Hub,GB,2025-10-17T21:55:14.745976
txn_09977,user_450,53.48,USD,Local Grocery,IN,2025-12-15T19:55:14.745981
txn_09978,user_312,85.75,USD,Uber,US,2025-12-13T16:55:14.745986
txn_09979,user_116,4809.72,USD,Online Gaming Co,BR,2026-01-03T20:55:14.745989
txn_09980,user_234,75.28,USD,Software Store,IN,2025-11-03T12:55:14.745993
txn_09981,user_370,31.71,USD,McDonalds,US,2025-12-03T17:55:14.745996
txn_09982,user_220,16.61,USD,Netflix,IN,2025-12-03T04:55:14.746000
txn_09983,user_316,87.25,USD,Starbucks,GB,2025-10-08T09:55:14.746004
txn_09984,user_151,17.44,USD,Software Store,GB,2025-12-23T21:55:14.746007
txn_09985,user_061,88.73,USD,Uber,IN,2025-11-26T03:55:14.746011
txn_09986,user_085,56.17,USD,TravelHub,GB,2025-10-15T21:55:14.746015
txn_09987,user_446,95.02,USD,McDonalds,GB,2025-12-13T22:55:14.746019
txn_09988,user_292,20.53,USD,Amazon,IN,2025-11-04T05:55:14.746023
txn_09989,user_384,15.08,USD,Amazon,GB,2025-12-31T04:55:14.746027
txn_09990,user_303,87.23,USD,Local Grocery,US,2025-10-11T12:55:14.746031
txn_09991,user_245,1686.95,USD,LuxuryStore,RU,2026-01-04T01:55:14.746034
txn_09992,user_238,98.6,USD,Software Store,IN,2025-10-12T23:55:14.746038
txn_09993,user_100,15.56,USD,Uber,GB,2025-10-12T23:55:14.746042
txn_09994,user_203,43.76,USD,TravelHub,IN,2025-12-12T13:55:14.746045
txn_09995,user_343,55.32,USD,Local Grocery,IN,2025-11-11T21:55:14.746049
txn_09996,user_426,69.73,USD,Netflix,US,2025-11-21T18:55:14.746052
txn_09997,user_459,86.87,USD,TravelHub,IN,2025-10-19T20:55:14.746059
txn_09998,user_494,29.92,USD,Amazon,US,2025-10-08T05:55:14.746062
txn_09999,user_366,8.56,USD,Local Grocery,GB,2025-10-23T14:55:14.746066
txn_10000,user_366,76.71,USD,Amazon,GB,2025-10-19T15:55:14.746069
